date,dfy,infl,svar,de,lty,tms,tbl,dfr,dp,dy,ltr,ep,bm,ntis,mkt_lag,R_raw,R_vol,R,R_next,R_next_raw
1929-11,2.4778236494517176,0.0,11.026261803003763,-2.3332855431660944,4.950199786540927,-0.21998595440120872,3.7116552390759625,-2.3693510161166733,-13.63722848930654,-14.54113961652633,2.1079123197687997,-9.672402673597182,3.0916148136877304,5.174505459627214,-2.288100118328324,-0.129059,0.08196952292671549,-1.574475431745341,0.28907298580956015,0.024052999999999998
1929-12,2.5029011822279728,-0.5253893305021643,3.0748021800749465,-2.341520253037586,5.079753490620337,0.510834323915925,3.245069359813488,2.469442445310852,-13.709138822216325,-13.855070169261918,-0.7917128224564188,-9.728628886137002,2.971022894207554,4.444830687881611,0.4308423300452495,0.024052999999999998,0.08320736001200055,0.28907298580956015,0.6975501296608486,0.058232
1930-01,2.468800882490312,-0.5289458240769479,0.4318024987036876,-2.1844034855474677,5.183987398519749,0.11087893052021622,3.6427689317958225,1.019454580827925,-13.977562520054134,-13.971249361506285,-0.5083834241738904,-10.088022077117387,2.7557098468575,3.996734641206963,1.0467578530510961,0.058232,0.0834807385503786,0.6975501296608486,0.27488949167668414,0.023041000000000002
1930-02,2.354493428356847,-0.5325419289710223,0.520123906428223,-2.018286272284512,5.059622471097774,0.041732236619531744,3.6220938005836927,-0.50467134257616,-14.069987743095608,-14.244103409981362,1.1549508634764842,-10.305206809011947,2.7069802552028195,3.9823625509730403,0.41833755871221157,0.023041000000000002,0.08381913713566054,0.27488949167668414,0.8191603525633553,0.06884799999999999
1930-03,2.1784426407947164,-0.5361782501132654,0.45399241085320324,-1.849663812846361,4.993037070964473,0.5586554320920237,3.182209636967987,0.49084282631332854,-14.402095146739365,-14.33839818911517,0.7495967888500689,-10.728720145069929,2.779213485825806,3.5678183773286474,1.2501336691209095,0.06884799999999999,0.0840470364374418,0.8191603525633553,-0.18571121863966775,-0.016038
1930-04,2.1591476036854544,0.540552564795933,0.5842712165609509,-1.6745677819235896,5.0331940146388385,0.5328478430635932,3.2396770658664114,0.8948243490065348,-14.352417373835886,-14.676221913813302,-0.14554860422190594,-10.830398584435079,2.844418137475635,3.1676201196266596,-0.2932272780149804,-0.016038,0.08635988777349124,-0.18571121863966775,-0.1591920300867551,-0.013748
1930-05,2.199452690386023,-0.5378730723792063,1.418381929394661,-1.48851900204323,4.889521725400475,1.2354138972016167,2.590009086120258,-0.7366065628091046,-14.273076757106553,-14.624482206577028,1.2670986412869916,-10.912377388310604,2.8857893629524236,3.0515493593968657,-0.25318604056483657,-0.013748,0.08636110735259632,-0.1591920300867551,-1.8540952256289889,-0.158415
1930-06,2.379990679363879,-0.5415566990896719,4.313526567225907,-1.2986519696504435,4.864978049482528,1.9405500345749305,2.0065350059438853,0.5338240388131753,-13.482275026623492,-14.543510288735666,0.4693299514402836,-10.391692212653448,3.5200037278717913,3.190070981543858,-2.701010657193499,-0.158415,0.08544059539674334,-1.8540952256289889,0.3997252687288688,0.036712999999999996
1930-07,2.463617189196663,-1.0875746600134737,1.4693036762089489,-1.1005625373866927,4.840436465820793,1.9980693025583989,1.9187572893646017,0.20087625982344426,-13.645826918633045,-13.737464516119077,0.31580543471142836,-10.684942578565655,3.4156648896012913,3.3931330985169312,0.6306560036628112,0.036712999999999996,0.0918455821338185,0.3997252687288688,0.11333137524609324,0.010366
1930-08,2.4885612750858246,-0.5508457340785513,1.2100172209771887,-0.8892069867872882,4.846710274182956,2.3998653860974226,1.5773039180700026,1.1216458865107648,-13.682528995985116,-13.903586016656313,0.12177816718534026,-10.87796286599812,3.333174626491127,2.9436647972662255,0.17970830943814187,0.010366,0.09146628616736333,0.11333137524609324,-1.4342627015804361,-0.125749
1930-09,2.433739186459965,0.5553650676548777,1.1176649936456777,-0.6725252818795194,4.777219708188863,2.0041299767178056,1.8033193950929431,0.3126860215938905,-13.06981861289995,-13.941330304710936,0.6989152746198624,-10.528674958196047,3.928207754655231,3.0853220916598487,-2.097367480530291,-0.125749,0.08767501229825976,-1.4342627015804361,-0.9038028766637195,-0.08458
1930-10,3.0181009151438967,-0.5525225658418421,3.816103627152545,-0.4455763230475794,4.767428440847389,2.0327151762525775,1.7523459840565017,0.1762723800250666,-12.659712063945124,-13.316870330011282,0.33349113291194016,-10.363901507477822,4.405926366158091,3.1419485882749325,-1.3941649805278271,-0.08458,0.0935823531699932,-0.9038028766637195,-0.2645739564095896,-0.021036
1930-11,3.544957137628078,-0.5563746053246121,2.11927913310808,-0.20260966031817454,4.727603932219207,2.4379235635253673,1.3870304345204394,-0.5039363580903705,-12.562393938296875,-12.898365301008019,0.40368443914728264,-10.477273257995218,4.480534802638008,3.3299903303936325,-0.34914217156986416,-0.021036,0.07950895955697906,-0.2645739564095896,-1.033715359362183,-0.072879
1930-12,4.35472927302925,-1.6691329418359817,2.4119222083977765,0.04740343926911713,4.839756032806503,2.4113998566665695,1.4458542709592965,-0.18814625495211312,-12.215932173555963,-12.799545622548285,-0.6719524134228542,-10.391120997334433,4.928951653271752,2.772833349921337,-1.2025158098671498,-0.072879,0.07050199974291509,-1.033715359362183,0.792224013466676,0.058026999999999995
1931-01,3.9620941478358005,-1.1313511149770723,1.5431060424789524,0.12918948835232943,5.032218202260177,2.8493580880868628,1.1909164514166954,2.8675277286643808,-12.49249759611213,-12.51285995033185,-1.1484949706787655,-10.689348487042105,4.7990250120612545,2.2071284581558377,0.9594219707993146,0.058026999999999995,0.07324569694129933,0.792224013466676,1.509487543173349,0.110543
1931-02,3.88908019947024,-1.1433915880089718,0.8527496428026148,0.213938483102903,4.958384308649586,2.95883353491514,0.99894407620036,-0.15162647976036805,-13.044215527484472,-12.796824070113484,0.8121653581995416,-11.209123747244057,4.286671714484072,2.0503065132919582,1.799201452208984,0.110543,0.0732321379529962,1.509487543173349,-0.8823397388541172,-0.070239
1931-03,4.091013984298965,-0.5795011196904796,1.233008564898931,0.3028147070574752,4.8670646741397,2.447598076541054,1.284043763668109,-0.08989472098413478,-12.795116217224141,-13.359854530800696,0.9986945244794806,-11.059216904421357,4.739656253052411,1.8527727900805357,-1.1379376273010129,-0.070239,0.07960539110617237,-0.8823397388541172,-1.176251521340597,-0.09375499999999999
1931-04,4.613102285266067,-0.5837381024632011,1.982721449300449,0.3955625847890605,4.788160080368564,2.2289130238188366,1.371882088562808,-0.1720747523513666,-12.412790219570239,-13.107376788276717,0.8311788723887296,-10.809132351313147,5.386633038353005,1.9651024777612092,-1.5001591544465993,-0.09375499999999999,0.0797065919142409,-1.176251521340597,-1.648732030922575,-0.138574
1931-05,5.446469621008401,-1.1726763510090459,2.0402045635691577,0.49192388852606544,4.631102004555779,2.8207479818468277,0.7951469197902926,-0.10038084391121561,-11.81268033185315,-12.719918011469952,1.4013617455958325,-10.393518711527827,6.235931581449011,1.8168546708881272,-2.1483203811698006,-0.138574,0.0840488311023221,-1.648732030922575,1.5666091881145305,0.14569200000000002
1931-06,5.755749910260498,-1.1856113738248797,6.661084971476586,0.5931545506341674,4.651333542550667,3.1778932681682486,0.48570506031324057,0.4410238123266064,-12.459879362896313,-12.109672049413364,0.0389184737049569,-11.017382074074217,5.31891124154383,1.6314720666074976,2.194571865771604,0.14569200000000002,0.09299830557954628,1.5666091881145305,-0.8336044140272306,-0.07606500000000001
1931-07,5.15984304816499,0.0,2.0076973175030073,0.6990475714152727,4.733458326773278,3.331166830333077,0.35363994414756794,0.8664299659423531,-12.182364363256433,-12.771303214701888,-0.409729056512611,-10.870543156027491,5.841527787088655,0.8626636207467244,-1.1418251345161896,-0.07606500000000001,0.09124831721142405,-0.8336044140272306,0.08020131130998105,0.007479
1931-08,5.703236955568064,0.0,1.2960283654527547,0.8094025417657231,4.743529374326972,3.2524660447296165,0.35450083878401045,0.0,-12.292838463843273,-12.490880415584924,0.11788192946822976,-11.050903565989138,5.6330791158136275,0.502746597429684,0.11311286300735854,0.007479,0.09325283935936393,0.08020131130998105,-3.0865768940403,-0.28776100000000004
1931-09,6.3113768794729594,-0.6038128963297854,6.486750344566286,0.925594327582724,5.144208672897365,3.4318607602207267,0.37241519140775525,2.400442077214619,-10.741538625725754,-12.605002291888924,-2.5975744712040756,-9.87913790770125,7.655758421645504,0.751133542594073,-3.8670778618800146,-0.28776100000000004,0.09322981732793431,-3.0865768940403,0.6339162711477605,0.075738
1931-10,6.880399947597505,-0.6083597950845991,10.636510908518488,1.0474964711299424,5.627659507927853,2.3753315616549426,1.4010740480040138,-0.2984509293483368,-11.146357400982364,-11.025017652591538,-2.8466816160238944,-10.352415937647114,6.849003445373202,0.2732292002551646,1.0175127612670871,0.075738,0.11947634639961167,0.6339162711477605,-0.8623984617601498,-0.102609
1931-11,6.479905869985771,-1.2223011797595795,2.8504987549425387,1.1750057354317291,5.64472896754434,2.281669864553965,1.4538445607039217,-1.9091981229202082,-10.726906865069568,-11.440599666056423,0.23459086563900053,-10.143413354275587,7.196186376730331,0.0804685266636985,-1.3698498968046287,-0.102609,0.11898096361463319,-0.8623984617601498,-1.1330603223230271,-0.13875700000000002
1931-12,7.58801659477077,-0.6199885538738451,5.185758887592952,1.3096630018502506,5.986562928848547,1.8172217176375731,1.9813008385277813,-0.5855960562548788,-10.050870897184117,-11.01430460422751,-1.8641446950457303,-9.74039415508938,7.924528711283735,-0.2959572064545701,-1.8227273534106103,-0.13875700000000002,0.12246214721870864,-1.1330603223230271,-0.16601194024203456,-0.021103
1932-01,5.669539969171238,-1.859899644215909,4.204164417439399,1.2789766527264852,5.7543033699001205,1.5546336553058666,2.0414005229011334,-0.7645433155100358,-10.016786730014482,-10.404377367781084,0.2901086960626855,-9.74338102629009,7.45587271713643,-0.25786590696242745,-0.2790466235007512,-0.021103,0.12711736257785558,-0.16601194024203456,0.4064887338976939,0.05128099999999999
1932-02,5.143149826669329,-1.2631454541828782,6.277020779411575,1.247145453020156,5.427403656534814,1.3702589869136377,1.9939805348756008,-4.803881958769904,-10.341222694061537,-10.377314012719573,3.3103944699774246,-10.042655281037309,6.645289277056487,-0.34078828044918097,0.6803701670803783,0.05128099999999999,0.12615601792522624,0.4064887338976939,-0.980147299269766,-0.120507
1932-03,5.308107380221471,-0.6410622322580208,3.134444613824153,1.2143989513936393,5.485095035696268,1.589406497803825,1.854164811643357,2.645809639284369,-9.896461316167688,-10.717916314987024,-0.14510722237777834,-9.685950505521951,6.646575580926031,-0.17880526351698736,-1.5837045697718872,-0.120507,0.12294784680810804,-0.980147299269766,-1.63603658937399,-0.206395
1932-04,6.820791788547838,-0.6461701830209567,4.57696753711066,1.1803874231416132,4.981570787200087,2.4454646438661625,0.906600155015037,-4.676223800386014,-8.997666489069472,-10.272924097183058,4.3253337808265995,-8.949404709935191,7.7717283859544635,-0.3217243515553668,-2.610393473878012,-0.206395,0.12615549147282493,-1.63603658937399,-1.7003569116091186,-0.23272299999999999
1932-05,6.784203408679726,-1.2986156423996253,5.244168443282406,1.1447367713139946,5.180517382683222,3.375688148534407,0.2486941880475001,1.7435130612849776,-7.910441206667436,-9.363030832527969,-1.332333630313337,-8.054751214244511,8.279793012247035,-0.6862942121817446,-2.8154205590354104,-0.23272299999999999,0.13686714736835134,-1.7003569116091186,0.01745456406504274,0.002568
1932-06,6.345182351815111,-0.6593143733468035,7.432168790255076,1.1076179063173848,5.156312504496818,3.2536854303324456,0.2683151493060407,-0.43969909901451326,-7.937209905753881,-8.260398460048867,0.4635386225858908,-8.133877425885691,7.585436893912651,-0.7945929396606054,0.03126626645230002,0.002568,0.14712484313160712,0.01745456406504274,2.7771151281360607,0.391538
1932-07,5.976254544255145,0.0,4.30587751450072,1.0686005479138552,4.74841418232037,3.04556029056642,0.17069943361073478,-2.5136424114526275,-9.394918120822553,-8.29657946905743,3.249084999736586,-9.46877680980385,5.714291204206904,-0.5578323181206358,4.1989161662421886,0.391538,0.14098731306929713,2.7771151281360607,2.2394979902606336,0.40167899999999995
1932-08,3.5604093803035592,-0.6660882363106194,8.127258698992597,1.0272167384246649,4.757425806883137,3.083351756698189,0.10680722191357953,2.4052468909685305,-10.887724909036452,-9.798433555412965,0.020385207305536338,-10.79665885823404,4.143737081831221,-0.28451601333132687,3.8929482192142557,0.40167899999999995,0.17936117904408228,2.2394979902606336,-0.1396557808847256,-0.029826000000000002
1932-09,3.127176587378473,-0.6715405543484166,8.315690096704968,0.9835271263389928,4.721318926196582,3.1177579158095043,0.022497041200269845,1.3482375290785416,-10.911648220733122,-11.338492669532569,0.38973480119741455,-10.788212918451977,4.168268083101106,0.01323835308262222,-0.29072942530487034,-0.029826000000000002,0.21356795838346943,-0.1396557808847256,-0.7224022570808687,-0.142269
1932-10,3.458598505917704,-0.6770672927072413,6.62242265328954,0.9369628325644557,4.761044016867957,3.112184733143132,0.007377083472798778,0.5051825309754223,-10.47306953558537,-11.37526848181279,-0.11684568131877564,-10.36986406439355,4.690651503462144,-0.0537127987492448,-1.379066074340548,-0.142269,0.19693875345142203,-0.7224022570808687,-0.26216111163326944,-0.052427999999999995
1932-11,3.8366720743221254,-0.6826699834938964,4.281035610540135,0.8868916964993063,4.7566641615644265,3.0614725984017164,0.007264128506375748,0.22894414100568145,-10.409072284217372,-10.93914008981056,0.22129344318192892,-10.28974997831957,4.978601789502445,-0.06176058989457798,-0.5105716380256856,-0.052427999999999995,0.19998389415337925,-0.26216111163326944,0.3098918059832693,0.061468999999999996
1932-12,4.030553409829061,-0.6883502022316157,1.8755181996241186,0.833161198785835,4.645856607482069,2.9247130428309887,0.028645945182123506,0.044943311285719253,-10.825722999339426,-10.889472082245868,0.9092910270417396,-10.632249762748605,4.54188969188417,-0.09306263539378304,0.6008725363937575,0.061468999999999996,0.1983563257020053,0.3098918059832693,0.07093552608626173,0.013838000000000001
1933-01,3.7331456646512224,-1.383596648724785,1.0860702816931354,0.7631082017268873,4.532198610661838,2.7969718776555452,0.04947572606194524,2.191151595768988,-10.891324671876127,-11.139077258656732,1.0301289567445577,-10.637968048717354,4.396418854272431,-0.1193999867684163,0.1360640767774603,0.013838000000000001,0.19507855602807805,0.07093552608626173,-0.9191571139614428,-0.179258
1933-02,4.028009068399606,-1.401304931957104,2.8643228251868367,0.6933730591333589,4.780264640088474,2.967813075967518,0.006976391429040934,-1.4450719012905495,-10.068372364674259,-11.206992784460759,-1.7615150305412404,-9.853411142269232,5.022017798028144,-0.10653791130808121,-1.7418812820206973,-0.179258,0.19502432965722505,-0.9191571139614428,0.18996760301636909,0.038227000000000004
1933-03,4.319719790312964,-0.7121880659572501,6.6259734457468555,0.6238875709380005,4.717802381983229,1.7122260955273316,0.932797543249134,-0.2741170732721422,-10.22739157628773,-10.363579662600413,0.6655626906036322,-9.96166267882312,4.294802197508666,-0.3969424080617817,0.37328553958108723,0.038227000000000004,0.2012290484957378,0.18996760301636909,2.0821104334000906,0.413312
1933-04,4.367397801570288,0.0,5.067106082661394,0.5545870231773465,4.774949308026659,2.54289761768005,0.31068675775968496,-0.34712719078490817,-11.722890144957214,-10.526905159912193,-0.22052960099873248,-11.258498240522446,3.238946913745636,-0.11510806422528298,3.721644576062745,0.413312,0.19850628159288394,2.0821104334000906,0.7793078630629479,0.174416
1933-05,3.1259492868232313,0.0,2.0768538365972007,0.48540986356833665,4.516142499556998,2.514381154884744,0.1983937798885083,1.5580207810448767,-12.379035735856862,-12.060554089081142,2.061774282875423,-11.766379480476612,2.687342427991105,-0.05411935054136943,1.5583209268156397,0.174416,0.2238088543268191,0.7793078630629479,0.6259459502881997,0.137298
1933-06,2.6275094789078337,0.7216935662819247,3.418017140049412,0.4162974148117148,4.4772580761219425,2.669203873606294,0.04738311574926282,0.7673560662354405,-12.935245769691392,-12.733423550463925,0.3421491215760303,-12.168059885512461,2.416767495834884,0.013704208825446483,1.2239163686032724,0.137298,0.21934481713123138,0.6259459502881997,-0.38105714440005617,-0.08493600000000001
1933-07,2.281043771008368,2.8262322785411618,5.54699603998491,0.3471936212634334,4.513382193874341,2.567995261866979,0.12744675764849783,0.9763557328997445,-12.607334286301901,-13.303108241959334,-0.11687529646418914,-11.773974843917834,2.614634406051607,0.04884963887089339,-0.7586571716072692,-0.08493600000000001,0.22289570277897536,-0.38105714440005617,0.6349526845772054,0.12297200000000001
1933-08,2.4981185054256256,0.6859218362978992,2.002560166521534,0.27804482526504704,4.490919303279096,2.692815459187217,0.006639998764180198,0.2701895944669233,-13.099839040315414,-12.967072625202945,0.30417627191166413,-12.116601162894257,2.3224385292065146,0.038641040461643614,1.0977419268566242,0.12297200000000001,0.19367112382851503,0.6349526845772054,-0.7430596452642253,-0.118245
1933-09,2.9435525184880142,0.0,2.3968614091020224,0.20879956997296556,4.483422948507223,2.6432558892417983,0.026310728212867257,-0.20506565244062924,-12.655094924126244,-13.471141325782611,0.159857898043457,-11.622380737515329,2.5268294188087297,-0.008244277077320825,-1.0543344908481016,-0.118245,0.15913258209299355,-0.7430596452642253,-0.5582113320662111,-0.090723
1933-10,3.1821290929475405,0.0,4.59167590606595,0.1394084259918133,4.581154200958246,2.637951859191249,0.05869153375073031,0.7281880314197493,-12.32704196345936,-13.015380789344391,-0.6330275592726881,-11.243978260139539,2.7016542236344594,0.06228440648451575,-0.8101914049213076,-0.090723,0.16252446840194043,-0.5582113320662111,0.6796881157395642,0.10835299999999999
1933-11,3.463100589275921,0.0,1.5894194363863168,0.06982383951327213,4.756509216099096,2.6081495219889756,0.14242761794867867,-0.5521792567047936,-12.781658265763655,-12.679621513789884,-1.0325886632951826,-11.564220184187041,2.4311325553396306,0.10663298322963687,0.9683057162743088,0.10835299999999999,0.15941576362873697,0.6796881157395642,0.16379714078266847,0.026494
1933-12,3.2657589778597087,0.0,0.9280277453720349,0.0,4.891618511099439,2.6045192254476666,0.18653124468064597,2.031758070017872,-12.923391340745715,-13.145381666260908,-0.7827515277660301,-11.601342307813944,2.422420745513989,0.11165149261038003,0.23797344814117252,0.026494,0.16174885515952397,0.16379714078266847,0.711586666312735,0.114533
1934-01,2.676798358988052,0.0,1.1026520657989425,-0.03150964162250693,4.672011844627502,2.1064757400018177,0.4614565050005112,0.0,-13.329184568056272,-13.235046884967396,1.768238446888634,-11.903644699126792,2.23486858683613,0.06416191554882775,1.028952117222098,0.114533,0.16095439307973755,0.711586666312735,-0.20113646788999073,-0.03304
1934-02,2.0887984277003584,0.6884368544075088,0.9253137695059163,-0.060777166736927,4.611164986661689,2.1504697875330123,0.3957780681257208,0.36050383951894494,-13.167512289719937,-13.649486772133482,0.5599569357476617,-11.703308755811443,2.3212745683945037,0.10099741197784337,-0.29818227073633896,-0.03304,0.1642665815235,-0.20113646788999073,0.03300374170717372,0.005155000000000001
1934-03,2.1551294449539213,0.0,1.0597719758653565,-0.09151133369654726,4.459218389892097,2.3743827306949177,0.1522641194111783,-0.05574256444551965,-13.157362226404318,-13.484480616601624,1.3606422311034547,-11.638863014467685,2.3610788157726006,0.1737394478596046,0.04676248740728489,0.005155000000000001,0.15619441109853024,0.03300374170717372,-0.16423721980460387,-0.025589999999999998
1934-04,1.968265567123959,0.0,0.31609956828947666,-0.12187167466185823,4.34842715782501,2.3790251939366014,0.094549476153973,-0.12323405854991676,-13.040075192051132,-13.473787385948613,0.8731634899403101,-11.482538073293583,2.3618379451902936,0.14182519858236095,-0.23322227470620976,-0.025589999999999998,0.15581121033615222,-0.16423721980460387,-0.7822190039164991,-0.078597
1934-05,2.075346478481373,0.0,1.2260264848123401,-0.1500617216386092,4.220327888833395,2.2942485268854393,0.10023316671555818,-0.2307163421164253,-12.688725998803344,-13.352465399136403,0.9106444099959833,-11.126968218220908,2.5285151152930663,0.13886085578275734,-0.7178392787551545,-0.078597,0.10047953272225808,-0.7822190039164991,0.26684255465784634,0.02398
1934-06,2.172643821504775,0.6881674676825823,1.148580340909897,-0.17972095542236605,4.164030951380592,2.2687859827087236,0.09340847111429636,0.5141303391080015,-12.772361579613582,-12.993380788924515,0.4680056957670668,-11.156246986848059,2.4863864860596787,0.10872272949372545,0.22007042165259574,0.02398,0.08986572636717516,0.26684255465784634,-1.4817327140120808,-0.119946
1934-07,2.290572418818107,0.0,1.919399575867657,-0.20904138303525283,4.136774167359876,2.2522334376853865,0.09287369412693239,0.0397435747844577,-12.267644474094997,-13.079007578202026,0.28078563936354944,-10.672850220136135,2.7053523714198615,0.052894479620716466,-1.0992043666114757,-0.119946,0.08094982237061013,-1.4817327140120808,0.6923969427201487,0.05855
1934-08,2.6223520963754265,0.0,1.0827848268295583,-0.23625564894310078,4.286909960908847,2.3007084356598653,0.11702066621534853,0.9380006099011476,-12.484971577987062,-12.560934544891426,-0.827266407716074,-10.828313285143922,2.568588761951469,0.36431514653851327,0.5385152451484757,0.05855,0.08456132080823556,0.6923969427201487,-0.0040209563282148746,-0.000316
1934-09,2.677765516722031,1.3698140608061242,0.8051683370404917,-0.26493907976266684,4.441292830779892,2.3639407791820717,0.12869875934234418,0.4851756476690343,-12.462766015668757,-12.784563432271987,-1.0201049176881658,-10.771425941767527,2.5821505179751205,0.35609978895315664,-0.002920473189734953,-0.000316,0.0785882696070688,-0.0040209563282148746,-0.46283144451500247,-0.032763
1934-10,2.5698287795521946,-0.6753140477296012,0.7269710754515184,-0.29331396197577875,4.291121571043011,2.2258597830983935,0.1647373420041408,-0.4581853724902189,-12.329422233349097,-12.761819495679378,1.2717448575209809,-10.61913460211918,2.561656535539639,0.439503841331628,-0.30408291185087416,-0.032763,0.07078818949808412,-0.46283144451500247,1.2937462350101334,0.085959
1934-11,2.5849688536785975,0.0,0.33810939872885215,-0.31964023857992974,4.269825283764047,2.2269319560183867,0.15186839305437236,0.5289194711020814,-12.65778563665939,-12.624262738116585,0.25976889624728994,-10.872446081037165,2.3286042824450504,0.3822778135010723,0.7993912546792554,0.085959,0.06644193248556717,1.2937462350101334,-0.012269335477299482,-0.000781
1934-12,2.4975547821873425,-0.6820780369872625,0.4359061938365701,-0.3474336275187579,4.175144446414427,2.1882941800400704,0.13911673439472957,-0.06353144596737766,-12.64024492685522,-12.961630300352349,0.789106515486931,-10.820073332395461,2.3094332761747056,0.38553790647018626,-0.007297156557594822,-0.000781,0.06365462917245951,-0.012269335477299482,-0.6720269465917477,-0.042468000000000006
1935-01,2.2864897683384955,1.3728235644019198,0.37015472037125746,-0.9648871586657612,3.9908269799916067,2.1108306926086073,0.12045002666325216,0.1682674244684049,-12.46983705778005,-12.951139986073125,1.2824661746492876,-10.115110277027977,2.367990446193899,0.3903618029437945,-0.3982934121696353,-0.042468000000000006,0.06319389455345614,-0.6720269465917477,-0.6706215404770323,-0.03704
1935-02,2.3438428688368407,0.6772046818325673,0.5489295538638491,-1.5019487922524857,3.890450699810259,2.0667431687158837,0.1139469931826354,0.2855752368959244,-12.310443739638913,-12.776519714869707,0.6509142108714949,-9.494382899371391,2.357294304615097,0.2742300156304647,-0.3487566886149765,-0.03704,0.05523234457045979,-0.6706215404770323,-0.5691208225702921,-0.031554000000000006
1935-03,2.628569044867298,0.0,0.6654293803176924,-1.9770311601902473,3.8613362068215413,2.087077432172189,0.089575774170539,0.011709172998391732,-12.188010733241102,-12.613206003628868,0.29140862773359577,-8.959804703485496,2.4056957812143924,0.22515276667989279,-0.2983155025698456,-0.031554000000000006,0.055443411572070486,-0.5691208225702921,1.7161865477085303,0.09639299999999999
1935-04,2.5712549950116053,0.6743983493521299,0.5300837143933559,-2.154831283743681,3.774574937811204,2.0437056626395016,0.0892089928427371,0.19406772011543316,-12.60566154326981,-12.519449134871556,0.5638763599418315,-9.167777761183364,2.22088340521478,0.35808835294414076,0.9122495112711692,0.09639299999999999,0.05616697096752384,1.7161865477085303,0.6110516142537377,0.038035
1935-05,2.389428621312761,0.0,0.4827910574185433,-2.3275294924850094,3.859735056778073,2.0961989329009687,0.08885703613528932,0.5841843748836505,-12.775614637069753,-12.947424914287339,-0.40774070891978315,-9.162702151580122,2.2027799246443527,0.36314659260608173,0.36140702305037936,0.038035,0.062245151003244154,0.6110516142537377,1.1939128775806538,0.070433
1935-06,2.2593711423116627,-0.6712145167089838,0.47190614670328923,-2.495295019524339,3.76105882836525,2.045095535599332,0.08851918245262266,0.11854241232656018,-13.08359323108323,-13.121435624492932,0.6606741818817147,-9.286128365854516,2.0649434921172625,0.36524077393457005,0.671056840497391,0.070433,0.05899341679162176,1.1939128775806538,1.3499266686820484,0.083714
1935-07,2.2125956763892347,0.0,0.2823189552909099,-2.4105642859101106,3.7182659731685073,2.026507237302273,0.08819475682508669,0.38681967267158907,-13.41403633260078,-13.404551808310542,0.33179487625835896,-9.660638180393711,1.9418367282413584,0.32975909950993326,0.7991332930812697,0.083714,0.062013738925338145,1.3499266686820484,0.46567552372705373,0.026469
1935-08,2.0815079083760386,0.0,0.6348734330315745,-2.3242398289315873,3.8888197665833384,2.1187277471507437,0.09374644807801692,0.5434501890941891,-13.49994745404618,-13.742528654912123,-0.9568328395372644,-9.822721889047026,1.9303375386976176,0.09450299313502222,0.25373428008115895,0.026469,0.0568400069390683,0.46567552372705373,0.46394294310573697,0.025426
1935-09,2.0445522724878473,0.0,0.40881017396743,-2.236187303286436,3.8935518303931484,2.0913873711484525,0.11681072298843898,-0.05397543660042614,-13.592675876322923,-13.829877685321627,0.06501363934931315,-9.99372438677713,1.8688401808791555,0.15257521483194794,0.24475542602701586,0.025426,0.05480415291973775,0.46394294310573697,1.2967731649403766,0.071703
1935-10,2.134177571967001,0.0,0.5490259761683131,-2.1450637791974074,3.842351589896393,2.064590184620717,0.11645284361190578,-0.11441586367693155,-13.789757856676573,-13.830566651421638,0.44250480174469914,-10.26231391270945,1.7692316898716611,0.05616278083062238,0.6920059605872154,0.071703,0.05529340206796829,1.2967731649403766,0.8878615055190269,0.051743000000000004
1935-11,2.075920214765421,0.6819253704128614,0.5310144629296675,-2.0560324676832877,3.8470332894520824,2.1011261613425183,0.09287043611320919,0.3567068867359365,-13.84656431288524,-14.036074540286712,0.07283508246767734,-10.40547160554417,1.741736570700539,0.04229600897225984,0.501094230392462,0.051743000000000004,0.05827823334873836,0.8878615055190269,0.7259581786752054,0.039786999999999996
1935-12,1.9747644133246547,0.0,0.48887627316261595,-1.9689674563249397,3.7820036457357276,2.074427132284865,0.08679909871418826,0.0789285970285943,-13.894584020707489,-14.097751249894085,0.5119064778289427,-10.539003923905959,1.7248174115710777,0.16594626821605177,0.3867716525941483,0.039786999999999996,0.054806187420612766,0.7259581786752054,1.28101344473391,0.07173199999999999
1936-01,1.7341660399142425,0.0,0.31529560508194,-1.9372879540792696,3.898512076586539,2.103050643958088,0.11541481001799327,0.16461327689013006,-14.051281431689212,-14.15030460059181,0.40388201775766597,-10.72115314951603,1.6673794097183734,0.1705056547698011,0.6990825429809201,0.07173199999999999,0.05599628973051102,1.28101344473391,0.38269638722037963,0.022361
1936-02,1.577255097359097,0.0,0.3756163938152437,-1.9066936624375972,3.835977403540095,2.0687357817782246,0.11510958879378554,-0.16524908559264256,-14.016427996699615,-14.314145468574146,0.5970738573134546,-10.731855412152331,1.6383745411951736,0.2641316729439308,0.2188121391397932,0.022361,0.05843013089936276,0.38269638722037963,0.4122307821351864,0.023829
1936-03,1.676398616932627,-0.6810797926169622,0.8463693712041469,-1.877127078334099,3.744647761428418,2.019364527780197,0.11481596742564533,-0.14745680906099365,-14.01789339972878,-14.281520318618666,0.7838596443262638,-10.77351797769281,1.638294859512025,0.2590031210534907,0.2341147333885996,0.023829,0.05780499912348989,0.4122307821351864,-1.352933994432397,-0.07778800000000001
1936-04,1.7333058398178887,0.0,0.9749051364515404,-1.8965536048776035,3.7216308782856142,2.0098259403706433,0.1145334727064882,-0.055517098858045566,-13.545679535986395,-14.232716896323304,0.25987703246740523,-10.345070080794855,1.7630459783731065,0.37181442967224115,-0.7651794098742523,-0.07778800000000001,0.05749578347510943,-1.352933994432397,0.9602286163141657,0.052906
1936-05,1.790595895352039,0.0,0.4925154826935781,-1.9147661006636352,3.6986723739229155,2.000479630526498,0.11426165688092464,0.0,-13.592335951700104,-13.755198735041299,0.29820685512537193,-10.379307891705894,1.6869101845681622,0.3609103367730561,0.5221061595954226,0.052906,0.05509729568681207,0.9602286163141657,0.5746141136111116,0.032242
1936-06,1.7836044824010622,0.6893212223314135,0.2658568332885655,-1.9318655153575373,3.689627042602427,1.9991290734606315,0.11400009593530336,0.37919570429753346,-13.582752201670068,-13.809333386872094,0.15717279249612542,-10.364622313941203,1.6369769553137825,0.4046424561584052,0.3193863142409625,0.032242,0.056110699748354594,0.5746141136111116,1.380708610092919,0.07334199999999999
1936-07,1.7333233292453,0.685159402287768,0.2660683948735981,-1.8784671285710464,3.6532673054369478,2.0212763459191105,0.08529441430076051,-0.3056170753311667,-13.697114688242767,-13.781195504416734,0.45082573338626997,-10.523997897528963,1.5694846817802428,0.4242623362042267,0.728197693928351,0.07334199999999999,0.053119100919537414,1.380708610092919,0.26867044313727284,0.013923999999999999
1936-08,1.6501570743735716,0.68106397389454,0.44469611392897584,-1.8280837674582624,3.5478058763022404,1.9261201283602503,0.11348401553976305,-0.2753686735282935,-13.584197304198046,-13.906397064343812,0.8364524012658178,-10.47651753696473,1.5596083139312296,0.3849279720781147,0.1387942952334266,0.013923999999999999,0.0518255742515218,0.26867044313727284,0.09174087122801539,0.004717
1936-09,1.5554882499256832,0.0,0.20110464278406404,-1.7804589567146194,3.592029215767321,1.988239275418724,0.09058709147829547,0.6150853692849583,-13.448031347090176,-13.797792329782961,-0.23423896953416945,-10.403969142468561,1.5489239480589014,0.4202665205296955,0.047203533834541636,0.004717,0.0514165598915693,0.09174087122801539,1.4944747938496097,0.076081
1936-10,1.4709623986379894,0.0,0.378195355370047,-1.656328396326192,3.5965194828934215,2.0184717498776577,0.0734370123705224,0.11971597568605158,-13.500003755349393,-13.556399220679346,0.04550012002191115,-10.566321973490524,1.4704120259984417,0.4297006964555799,0.7629560920127572,0.076081,0.05090818547967835,1.4944747938496097,0.2054242966009777,0.010566
1936-11,1.4837364185902662,0.0,0.4816145276926888,-1.5421964731981839,3.4240266038919143,1.9392386110526494,0.06199981478668148,-0.606064693007534,-13.288797779263422,-13.62738100133063,1.5515030582313474,-10.482249655462173,1.4244755041801413,0.45169241300396756,0.10636780451380934,0.010566,0.05143500634943741,0.2054242966009777,-0.0776674696847455,-0.00383
1936-12,1.551058345184017,0.0,0.2551506906499045,-1.43682940436873,3.3851771974238627,1.9154889329580462,0.0674924383108895,-0.17739764171084343,-13.05262718169155,-13.425796993246097,0.2886980113160483,-10.365968920272389,1.4536917046460722,0.5006377557714152,-0.03870221000575123,-0.00383,0.04931279486181384,-0.0776674696847455,0.7619034232606888,0.036548
1937-01,1.5097619921259104,0.6817248912338152,0.2679828948879605,-1.500455139859733,3.414059883551499,1.8998174928919997,0.09543571478552557,0.23529344481709882,-13.15005221412787,-13.346213539808579,-0.09907310056805028,-10.397814089414803,1.418309917738355,0.4980146648251534,0.3706134944165912,0.036548,0.04796933428069784,0.7619034232606888,0.4105089130829264,0.018283
1937-02,1.4244554386629724,0.0,0.22285662499652084,-1.5615612258907146,3.335952123226576,1.876513925736234,0.08405024684397412,-0.8398514492105563,-13.154974232807543,-13.447469494853536,0.6576156830069582,-10.350002433833906,1.4024902159322161,0.5038739834223019,0.18609256455517856,0.018283,0.04453740081474595,0.4105089130829264,-0.08136169023039024,-0.0036109999999999996
1937-03,1.4807317684209225,0.6788673418863471,0.5315611949855056,-1.6202998848017343,3.7548159661611997,1.9472079771931812,0.2127089024767113,1.8741718477287859,-13.06355903071642,-13.453694828565377,-3.0215947912327015,-10.218404405576383,1.4623357757907813,0.672392124902486,-0.0368900479930183,-0.0036109999999999996,0.044382067159308085,-0.08136169023039024,-1.8456324895044796,-0.08094599999999999
1937-04,1.5483436800008754,0.6749044775847449,0.933657821831678,-1.5329711934051,3.738456496079711,1.7984541246739019,0.31333081754700337,0.18367679619940736,-12.55196119146544,-13.252467639347024,0.2877885115421283,-9.83964579119975,1.5676819720194692,0.5661060508257247,-0.8274513512723268,-0.08094599999999999,0.043858135604089084,-1.8456324895044796,-0.14208758257364124,-0.006299
1937-05,1.6493098054171431,0.6710026516656432,0.6141378581103414,-1.4503541558260578,3.708587160760857,1.9012507770594447,0.22920802366086723,-0.08263208496608027,-12.361367795465672,-12.733678878868256,0.39252909361289484,-9.742880521907377,1.56718298962621,0.5716249214415351,-0.06462287697874007,-0.006299,0.04433181201274468,-0.14208758257364124,-1.2987521271670293,-0.054103
1937-06,1.805839425987626,0.0,0.5104692050968961,-1.3720470027377787,3.7453871261904643,1.9640732552488986,0.20106158669440266,0.45275028370946446,-11.994513335967023,-12.543683522942299,-0.133711666617414,-9.485494313361569,1.620771979168889,0.6344014269135411,-0.5562664530138175,-0.054103,0.04165767960512603,-1.2987521271670293,2.268512107548953,0.098691
1937-07,1.8204426217427163,0.668281431880703,0.5105409804567796,-1.5482420045633263,3.635754480238856,1.9638335834919216,0.15619723928805582,-0.6323665044324216,-12.52079240205046,-12.440521544550911,1.0268613622165472,-9.798751265694719,1.4943877802723364,0.5543612077423313,1.0151800126524089,0.098691,0.043504727028603835,2.268512107548953,-1.0817913241437234,-0.051383
1937-08,1.8461292462872587,0.0,0.3667775369646547,-1.727154782112208,3.7517456958651496,2.0260957858191793,0.16159814696831254,0.5573051005670252,-12.413051825154486,-12.983973351389306,-0.7734744628283143,-9.543647596519422,1.5532849993026019,0.634878295506363,-0.5297430144190021,-0.051383,0.04749806996342061,-1.0817913241437234,-2.8229154270222487,-0.14001000000000002
1937-09,2.070498508446032,0.6655949980057856,2.7025321467867616,-1.9089834907154202,3.723011702599785,1.994115852119014,0.17257182584877048,-0.1285520230345405,-11.90969315899068,-12.87660438587213,0.3358758045131944,-8.931094959860205,1.7871881448292173,0.7354119467280077,-1.4367676382435093,-0.14001000000000002,0.04959766015650335,-2.8229154270222487,-1.6090127599287543,-0.102922
1937-10,2.4829476773589523,0.0,5.323128947459995,-1.7532284071476965,3.7072893074957145,2.07170019766568,0.111192449471219,0.16126077943911915,-11.41485136067161,-12.177871980448328,0.31460114740908235,-8.627668550524637,1.999866977255468,0.8435288554342366,-1.055206241950925,-0.102922,0.06396593150980188,-1.6090127599287543,-1.26060513091673,-0.08448900000000001
1937-11,2.850483014632159,-0.6625443324033576,3.6613242378050357,-1.5953712183787923,3.6381098704231136,2.1172423078774494,0.049956209873532414,-0.1876700083583578,-10.915862582688796,-11.669350602296586,0.7211726090900938,-8.325616412788566,2.2480025630824345,0.868933132797584,-0.8666640792333652,-0.08448900000000001,0.06702257346720332,-1.26060513091673,-0.6431350496616736,-0.045828
1937-12,2.7880190123434,-0.6675202288915282,1.159421299227524,-1.4351943709832942,3.5679425212072644,2.061142968506176,0.06096694237693993,-0.09739881647990083,-10.639443061891203,-11.155933676784944,0.6179465689717787,-8.227245350241912,2.3020550004346383,0.6592855404858947,-0.47128814051829815,-0.045828,0.07125719555186456,-0.6431350496616736,0.16784324779642257,0.012163
1938-01,3.0113099734150284,-1.341698660220903,1.6253094421229373,-1.2698007496225732,3.536759124400425,2.0524208162606543,0.055343333116356364,-0.12378141970352488,-10.719306425979077,-10.960817219119074,0.4310223559751792,-8.452382284276517,2.287932971773365,0.8080921741423104,0.1255166821372901,0.012163,0.07246642423621669,0.16784324779642257,0.9160882167564839,0.065757
1938-02,3.06811278986502,-0.6806999221817981,1.2959170437369603,-1.0941571544928503,3.4920209966923696,2.043844535260079,0.044209272985033084,-0.27444080180210273,-10.993459974577462,-11.043097725787625,0.3945649680822988,-8.859448168374984,2.1559744710264304,0.6739968546606886,0.6800162400552007,0.065757,0.07178020500342232,0.9160882167564839,-3.429735626603503,-0.254006
1938-03,3.407776381369914,0.0,2.5065493008170447,-0.9072477379018206,3.5529499114946983,2.0820735577514067,0.04414627422938487,-0.32764098625400395,-9.811799791946186,-11.32505827681445,-0.2813858681048218,-7.987247435562952,2.9181949201321173,0.7099286925157141,-2.5731025544034054,-0.254006,0.07405993570750652,-3.429735626603503,1.368033096243784,0.142567
1938-04,3.501784815473044,0.6874288566102301,3.1285933860022976,-0.682783177725846,3.363383563891038,1.964364992387322,0.04959786219788542,-0.4729053634067279,-10.41111569681216,-10.14876779274492,1.5934247663420074,-8.736852931624947,2.590145926595707,0.571602444951765,1.4395016888891121,0.142567,0.10421312203004955,1.368033096243784,-0.3647783080041262,-0.039973
1938-05,3.137958597574595,-0.6829844550761631,1.267519165212729,-0.4366484804769987,3.3298107305222264,1.980124522141503,0.02751522437340585,-0.22400129323284032,-10.280726535360143,-10.766149274578192,0.33499333848894824,-8.854767538764136,2.6878774171215767,0.6330286645947554,-0.40470080674969205,-0.039973,0.10958162566933077,-0.3647783080041262,2.301109635670071,0.253519
1938-06,3.3020927630438597,0.0,1.9547490285450941,-0.1653002797979824,3.3488291910823276,1.995783258049219,0.02747750495358014,0.6010239798243437,-11.259319545243942,-10.634165010583116,0.030548673134384224,-9.978457277705953,2.168186443085891,0.35450256999285507,2.5220856189407215,0.253519,0.11017249941947098,2.301109635670071,0.5698060997217448,0.074838
1938-07,2.6660325466408232,0.0,1.1310942421556778,-0.03866580464750831,3.31583410678936,1.964612278645195,0.03842000485991519,0.15241411567415308,-11.702630689090839,-11.720187741595554,0.32949796779776436,-10.485356187367328,2.060734960922859,0.3620208903025986,0.7458420442174228,0.074838,0.13133941534944235,0.5698060997217448,-0.1992083482591528,-0.025901
1938-08,2.5601879557758926,0.0,0.9912202440810202,0.1020235039286818,3.3351815702091603,1.988279522998615,0.032890406703680514,-0.12630668245423202,-11.75075355181887,-12.182423781133082,0.0,-10.647214511315441,2.0942828546757344,0.3044202538945038,-0.2589012866082596,-0.025901,0.13001965141694286,-0.1992083482591528,0.12931746848282774,0.016732
1938-09,2.708607669894071,0.0,2.815629454529102,0.2592385017082414,3.328929260995639,1.9728256354342344,0.04380384583484244,0.5798080610725096,-11.980986552478717,-12.23914368028918,0.16963576754158718,-10.980947879249804,2.06692558475194,0.2536368743614916,0.16779664166375413,0.016732,0.12938700545488846,0.12931746848282774,0.6411009115110287,0.07886
1938-10,2.458184672629769,-0.6926714825692927,0.7280319073850505,-0.11170528730419657,3.257499372079657,1.9575322470861924,0.027344881303980127,-0.046801446955780715,-12.611051820501965,-12.641080484910814,0.6727471263852703,-11.199762886688632,1.9314235444050674,0.16941985370293003,0.792076086200902,0.07886,0.12300715625896189,0.6411009115110287,-0.2107286019394859,-0.025607
1938-11,2.3740825998481445,0.0,0.7682245991052988,-0.5099434544059568,3.289689846447047,1.989177563449508,0.021850209593151083,0.39563914787647114,-12.827368907882333,-13.31324729236452,-0.1705463839187748,-11.028160167282476,1.960649799560443,0.1826166970944947,-0.257949051149853,-0.025607,0.12151648976133513,-0.2107286019394859,0.37569292294328693,0.04481
1938-12,2.4458426096802235,0.0,0.3792463577201682,-0.9412813154979036,3.218514815792712,1.9582176577989188,0.016368620786422226,0.2825224902091444,-13.36046223831524,-13.563512912619396,0.6219854240975826,-11.115983941995983,1.907387167728174,0.1226010396293264,0.4526352062137767,0.04481,0.11927294144628947,0.37569292294328693,-0.5904527377732246,-0.070406
1939-01,2.3613434621618032,0.0,1.2082305480038493,-1.0632404645132658,3.1726008180899656,1.9353224477798625,0.016350293072636204,-0.2495952311004907,-13.042982618580965,-13.688931085962425,0.46016005852143244,-10.720126121094513,2.052828105559305,-0.07719256842599206,-0.7120873714401799,-0.070406,0.11924070377846373,-0.5904527377732246,0.3241433332491411,0.039192
1939-02,2.298954507302038,-0.7013353140792891,0.5455608380595187,-1.180419835704877,3.113418157429061,1.9047991041809804,0.01633265266078903,-0.1082643748552167,-13.148615240178122,-13.36317586336726,0.6257515528728249,-10.708582770800202,2.008160887672297,0.0131927836288762,0.3975174014027938,0.039192,0.12090947423520348,0.3241433332491411,-1.12319108013362,-0.134721
1939-03,2.1351012013450177,0.0,1.4154779354380562,-1.2931531331038169,3.002110695767205,1.8431904511786485,0.016315678997396707,-0.697790655840493,-12.531473775781931,-13.471777713197694,0.9794944711616904,-10.056445506062774,2.2181568825033744,-0.027065673720292914,-1.3619719405429938,-0.134721,0.11994486279571681,-1.12319108013362,-0.06444724425602949,-0.006611
1939-04,2.3983916723211376,-0.707865077034122,1.5256951971523638,-1.3637813036685982,2.889784958810895,1.7818805503723967,0.01629935232713462,-0.36675005236373365,-12.489760175635137,-12.838427630842308,0.926506723362326,-9.95629117803554,2.2829443877070568,-0.04045657649322393,-0.0670423054285226,-0.006611,0.1025800261332585,-0.06444724425602949,0.739049605963144,0.06945699999999999
1939-05,2.369407961937044,0.0,0.5904687321164377,-1.432474530231793,2.7253397383944553,1.6893706194864484,0.016283653654175133,-0.8290221035462317,-12.717837084204307,-12.795816689719217,1.342539344730222,-10.09939171220706,2.1258971378286375,-0.05060908155847827,0.7056525905334446,0.06945699999999999,0.09398151279640055,0.739049605963144,-0.6489434303491298,-0.06191
1939-06,2.2498920111476144,0.0,0.5316903656660448,-1.4993447523777652,2.7637648762416847,1.7229380372844063,0.016268564705770917,0.42246809079457276,-12.428043785684247,-13.030213034195675,-0.21244563146868692,-9.78130807587454,2.253746293563147,-0.0018579661065880593,-0.6300101040520361,-0.06191,0.0954012277567747,-0.6489434303491298,1.745879096555826,0.11131
1939-07,2.2091493383458247,0.0,0.7152340778103975,-1.5127489539595596,2.6507878548348898,1.654042912945009,0.021672684846945102,-0.8181723073591011,-12.781056234803442,-12.680536556352198,0.8910221991491709,-10.085490566281138,2.059738277157261,-0.03363825034392872,1.1321900526498005,0.11131,0.06375584667895173,1.745879096555826,-0.9912221249208539,-0.067451
1939-08,2.1795443581987186,0.0,1.1864303874625932,-1.5256727841923359,2.8656593438269518,1.7903115429281284,0.027069111455044422,-1.298714694156935,-12.407738359144625,-13.044866139994838,-1.5721365854227978,-9.740475880095161,2.2002706452794873,-0.06477851553970532,-0.6870095773582197,-0.067451,0.06804831964922671,-0.9912221249208539,2.572585679597859,0.181067
1939-09,1.9902634338718248,2.141835705302224,2.6007496943855575,-1.5381539989264177,3.448545500750494,2.0910029375004924,0.07575296900300875,4.4603523183034985,-12.964958424269282,-12.663067757277169,-4.02580619005721,-10.228597633831258,1.973884176010267,-0.045486530033945954,1.8321535726064007,0.181067,0.07038327292108071,2.572585679597859,-0.19291455372918423,-0.016887
1939-10,1.9711156607108955,-0.6991225308670033,0.30645209243214583,-1.5444089107127137,3.058245514306129,1.9178159802307002,0.027034594079569846,-1.1072355033047159,-12.765482030681007,-13.164236412248183,2.970367055212417,-10.04539935841091,1.95584286042882,-0.03998239678047372,-0.1713638596039039,-0.016887,0.08753616393144797,-0.19291455372918423,-0.4787358246425835,-0.040532
1939-11,2.1119521909399737,0.0,0.21325247436170688,-1.550308382297006,2.9144272896976133,1.832218917533327,0.02701540862796902,-0.5322185087355796,-12.425468326838683,-12.965268715714256,1.1744297513662258,-9.736357586330106,2.0434967942028837,-0.036697739588658816,-0.4122650266180235,-0.040532,0.08466464783633132,-0.4787358246425835,0.3309137989351527,0.028177
1939-12,2.264874480720748,0.0,0.17829273685949323,-1.555887279346213,2.7817169078778092,1.7627425821674367,0.021597080229534788,-0.4305793469987061,-12.394491162844215,-12.620935775311054,1.0525355611996625,-9.703798802474155,1.989286330493635,0.055165555742971356,0.287417846921762,0.028177,0.08514906326261024,0.3309137989351527,-0.42490547242743076,-0.035927
1940-01,2.2693803371393777,-0.7066441094885041,0.24576495878262183,-1.671388234117135,2.810237697435979,1.8120921475449532,0.005395201976191418,0.42526857328620443,-12.231712965711909,-12.705324618492176,-0.1237044958204676,-9.456079991111025,2.057621051828085,0.16841222516376023,-0.3673616498542802,-0.035927,0.08455292372384293,-0.42490547242743076,0.15882453937968602,0.013139
1940-02,2.2623906705302113,0.7124331676782393,0.08144169090600113,-1.782738928590264,2.789633277160563,1.797983676483414,0.010782883231528371,-0.03877406690426497,-12.24438704025783,-12.53825120694579,0.1970499986406636,-9.368593027012047,2.0451237580930717,0.1050411548322265,0.13474653303610307,0.013139,0.08272651097441498,0.15882453937968602,0.1653035676367243,0.013561
1940-03,2.255343309607512,0.0,0.1180513459976866,-1.890179155376378,2.620257748852651,1.6967347247376812,0.010775684363766275,-0.8276267617229855,-12.270538375566627,-12.55136601391633,1.2918247224648343,-9.296281200316907,2.234322099041405,0.1234428702776459,0.13948294330292738,0.013561,0.08203694689640353,0.1653035676367243,-0.061903127646542246,-0.004478
1940-04,2.213628426849747,0.0,0.19861915789226064,-1.916972038825209,2.672030750085642,1.7386105696827414,0.010768798701842578,-0.36942357344053217,-12.21400945349848,-12.556008245325911,-0.25596361265185114,-9.221037372950423,2.2257317270436383,0.1273523904513478,-0.046192474815678945,-0.004478,0.07233883278997988,-0.061903127646542246,-3.1977785831228838,-0.23127999999999999
1940-05,2.321930291728221,0.0,3.0970395159163813,-1.9430444330669667,2.9833143487299174,1.9153034635521435,0.032289860552354825,1.7914854224737198,-11.034111567503873,-12.498338858594858,-2.154685538543341,-8.142018684992399,2.8455260340073227,0.14418785928245548,-2.3519973186796217,-0.23127999999999999,0.07232520763652647,-3.1977785831228838,0.8616608167677217,0.083035
1940-06,2.4883470741269726,0.7112682664223213,1.6251001762073047,-1.9684906247100025,2.745341994229813,1.7338365422750932,0.05379544915353343,-0.8830492339440431,-11.296788549927555,-11.285883645269914,1.851334588317588,-8.35193382367834,2.7132375301777927,0.13918618773924063,0.8453344569966855,0.083035,0.09636622483482823,0.8616608167677217,0.33773138362215543,0.03299
1940-07,2.2264381141795258,-0.7065754532404834,0.21971425767937688,-1.9800475712114654,2.7012316594367567,1.7518474009651308,0.02688463137694994,-0.2003471043885488,-11.382296653452947,-11.555114294161088,0.3742063428920799,-8.415649199863928,2.6297485554643245,0.17752910663966162,0.3367462603656743,0.03299,0.09768117977720513,0.33773138362215543,0.38303691620489133,0.035521000000000004
1940-08,2.2190886594825407,0.0,0.5915008286597381,-1.9914096338039993,2.681408919177662,1.753881125388299,0.02149724627067792,-0.1360913300551633,-11.449653095747994,-11.642527119961454,0.20206942067570427,-8.46318749827966,2.578305663331206,0.1993158386235871,0.3635247186872273,0.035521000000000004,0.09273518686381489,0.38303691620489133,0.1558534911661901,0.014221
1940-09,2.141750805614192,0.0,0.4893738496401382,-2.0024926375953562,2.5764136570964165,1.6840582940740605,0.026859788935383624,-0.11697055852049809,-11.449251341925963,-11.711357402096924,0.795535371200083,-8.45040027245776,2.509866634668716,0.2120357104004223,0.1459509319469927,0.014221,0.09124595088367848,0.1558534911661901,0.5536171427584823,0.041468
1940-10,2.063960479452199,0.0,0.24371190089618125,-1.9644406612905239,2.555734275482803,1.702308577073356,0.010738694747961198,0.11730172684213715,-11.61285605338841,-11.753206765041012,0.22482930831675646,-8.627561668834764,2.477843070452819,0.2073457422857036,0.4266340349521909,0.041468,0.07490374989722921,0.5536171427584823,-0.38879766580602143,-0.029431
1940-11,2.0208149484254476,0.0,0.984424995109244,-1.9260197033096913,2.365947795633261,1.5843248106951966,0.01073373527247828,-0.925404866946559,-11.4352079974542,-11.921024031583094,1.485043819416017,-8.501119428612844,2.569631093464292,0.2241618570847411,-0.30353517721113166,-0.029431,0.0756974709171317,-0.38879766580602143,0.03888731778752615,0.002927
1940-12,2.0360351519551023,0.7165637505102542,0.0845799744063393,-1.887216736060694,2.295499297136913,1.546623088706871,0.010729030535723102,-0.5874687775069805,-11.425116638957567,-11.738441550423698,0.48667061335321604,-8.524821476144684,2.5526365797277464,0.2784354117382887,0.030272075881640367,0.002927,0.07526875512455351,0.03888731778752615,-0.6074213773026105,-0.045454999999999995
1941-01,1.9102965506847633,0.0,0.30918125871590924,-1.8806670959956686,2.5123258323824578,1.701904288180344,0.010724574139264219,1.3487497208014518,-11.198673768196318,-11.706501532759765,-1.4516184586685164,-8.327777132630324,2.7006396311218337,0.24054491009652715,-0.47105619784531366,-0.045454999999999995,0.07483273012526002,-0.6074213773026105,-0.061504131365109856,-0.0046289999999999994
1941-02,1.925042265828332,0.0,0.45896805133916485,-1.874209073128505,2.5045645004362274,1.688043219437009,0.021441707431060816,-0.09146621249712543,-11.1135460660693,-11.47347375473711,0.14483176672316314,-8.256885817780713,2.7522818081810243,0.2391955132802165,-0.0481025531138442,-0.0046289999999999994,0.075263236749425,-0.061504131365109856,0.11668077389191217,0.008772
1941-03,1.8573070559806133,0.7142608808406271,0.2277537628548244,-1.8677745619716517,2.4137352217145405,1.5774435691154152,0.0589546999722103,-0.7715591819851335,-11.107288812535812,-11.385445990671634,0.6967969264720408,-8.256344986137997,2.8275576132273237,0.2238846130437163,0.09140596261700974,0.008772,0.07517948079540497,0.11668077389191217,-0.8260363475284088,-0.062051999999999996
1941-04,1.7773083559046714,0.709912245964232,0.29513033249255866,-1.8877004985479824,2.286959118858582,1.507174794283472,0.05358589251700966,-0.33424016396326384,-10.800229287560393,-11.378367632874578,0.9378312844752843,-7.965480415904974,3.0052653604036172,0.233728085106096,-0.6474936193190909,-0.062051999999999996,0.07512018107395198,-0.8260363475284088,0.17074280600800792,0.013184
1941-05,1.7795948813552045,0.705630627343468,0.26313542905701126,-1.9073573706641362,2.265849571378623,1.4935087848157773,0.05893659859733531,0.14457286425169033,-10.790290416893534,-11.062273332119098,0.196820378416429,-7.939278025569868,2.989608872875706,0.22172793790658543,0.13794368008430605,0.013184,0.07721555190665932,0.17074280600800792,1.5098987891934283,0.058851
1941-06,1.8174113827067473,2.093219679115922,0.19748956374822094,-1.9267618859431477,2.209717923091725,1.4554697448493752,0.06428835039702009,-0.01976760730005741,-10.981424164135955,-11.051127246924134,0.4823782288919907,-8.091504647947604,2.82532640323927,0.20074992884955073,0.6168998249670131,0.058851,0.038976784683321435,1.5098987891934283,1.6175958648576416,0.056805999999999995
1941-07,1.8198701973882945,0.0,0.2029834171707281,-2.034301530317888,2.2003593969540014,1.4580109582370115,0.0642832874857708,0.2708554136183467,-11.180935974006013,-11.246504806181596,0.16121839856174183,-8.172644584448449,2.70549383520742,0.20253391341450036,0.5966050178270499,0.056805999999999995,0.035117547734952494,1.6175958648576416,-0.03228694328085052,-0.001213
1941-08,1.81045270465891,1.367889401913168,0.08592686533842854,-2.1382124459277168,2.1796445026426317,1.444257170252821,0.069637319407251,0.10598295982420484,-11.12336429588684,-11.450652851632576,0.1322501396206865,-8.02710562838568,2.738354541356462,0.24104503905706193,-0.012773553886648959,-0.001213,0.037569366336373936,-0.03228694328085052,-0.2061439988565499,-0.007451
1941-09,1.8366315521457293,1.3485690295459833,0.1634301116793199,-2.2385974344301975,2.2054928795370135,1.4957416718148575,0.05356240204360816,0.39838047066039206,-11.060668854794093,-11.391002741637063,-0.08836688991399343,-7.8789833914975524,2.755449354064227,0.2315921356072232,-0.07866864656542068,-0.007451,0.03614463695925949,-0.2061439988565499,-1.7957418184135865,-0.064602
1941-10,1.839142519394858,1.3298676713853284,0.21964333661192167,-2.1837371657770697,2.0702354003428067,1.416528937274735,0.048201634634754235,-0.7045676485187853,-10.739626690346087,-11.326042623840111,1.0322194045678879,-7.637852293583159,2.9685048901269653,0.2637452362597129,-0.6828971203291092,-0.064602,0.03597510473809169,-1.7957418184135865,-0.6436087186744229,-0.024916
1941-11,1.8535732708562154,0.656936086367601,0.2157267695524607,-2.1287066172402604,2.1069060655914207,1.2961327871145605,0.1500053248620578,-0.4329083181320347,-10.531067582582198,-10.995755756786401,-0.21423168419656674,-7.4982951860943405,3.0521740977699596,0.23436496820724526,-0.2640083894001696,-0.024916,0.03871296220367713,-0.6436087186744229,-1.0128756693020997,-0.038943000000000005
1941-12,1.880010988282962,0.653363799466241,1.1213544194002334,-2.0734971736443852,2.3042836853537363,1.4052828649002909,0.17686268076365547,1.2177387813973006,-10.305909795091283,-10.780680556635312,-1.3022069144226587,-7.345903275798332,3.154755210622401,0.23433688849159695,-0.4134869982531866,-0.038943000000000005,0.038447956822610665,-1.0128756693020997,0.5512266726277986,0.022076000000000002
1942-01,1.7392097727511686,1.297656804879502,0.37035678541565176,-1.9660930701226147,2.7888836370150654,1.8099384162396965,0.14474905385416306,-0.4200593161039363,-10.387530292920527,-10.60937225353032,0.5089047037001462,-7.51168070459664,3.1997592979434355,0.20282557432731027,0.23498967558111677,0.022076000000000002,0.0400488602896512,0.5512266726277986,-0.46250913271851213,-0.017747
1942-02,1.717251562379428,0.6412557196066482,0.21191226583754305,-1.8536457136187332,2.787830094270386,1.828310232606813,0.13406327773352397,-0.1270020306957305,-10.307903005002167,-10.693380066433054,0.08133133022287074,-7.540513491639182,3.2839631765041575,0.21265064444425902,-0.18937209603224225,-0.017747,0.03837113419942133,-0.46250913271851213,-1.6585781639335804,-0.064168
1942-03,1.7191196187859341,1.2738891450084442,0.5224390657493145,-1.7357186384046561,2.7526086347315073,1.805607726546899,0.1341010279737065,-0.19431358045677014,-10.040426772446015,-10.611998821685006,0.6817209385367556,-7.4103427432351126,3.662049636503452,0.23062037564243812,-0.6855301862763008,-0.064168,0.038688559511609294,-1.6585781639335804,-0.889498753461141,-0.038088000000000004
1942-04,1.708991415028662,0.6296734235426995,0.4108581029005981,-1.7163113020253462,2.7741047868273414,1.766512978735814,0.17172106880925178,0.23510216484581764,-9.894578048166029,-10.35884393276665,-0.21530011624827483,-7.304154599473099,3.811130236632174,0.251276705934536,-0.4077397020971533,-0.038088000000000004,0.04281962155854098,-0.889498753461141,1.7329059602415957,0.070039
1942-05,1.6987928800618775,1.2511410423626532,0.2682057242862209,-1.6961733948370916,2.7389040813529584,1.702761509515022,0.1986542678310624,-0.3702154656480697,-10.192994302490435,-10.210292500369137,0.5581371884380408,-7.5906936134644205,3.5960289024646803,0.24079896083027216,0.750751295594204,0.070039,0.04041708067657371,1.7329059602415957,0.5183916508536408,0.023344
1942-06,1.7726789712604971,0.0,0.20232329392381443,-1.6752644857336758,2.7489789472116737,1.713295536405673,0.1987574373608158,0.20918700459882067,-10.316206594955686,-10.51763527293014,0.022378154810291206,-7.722006140689409,3.5061107729785532,0.23377487346264428,0.2508371044408324,0.023344,0.045031589458586374,0.5183916508536408,0.8458052161625201,0.035731
1942-07,1.7627496849870534,0.619440288421486,0.3522615325551438,-1.704674624433066,2.747835411544799,1.7073027619138703,0.2042400379511176,0.013530065026477413,-10.516579599592257,-10.667344285765804,0.13460060883281683,-7.877456521546734,3.424388226672927,0.19488531762981298,0.3848033381456633,0.035731,0.042244951103652624,0.8458052161625201,0.37357677117296456,0.015046
1942-08,1.7647981844205192,0.6163474205770425,0.10581304250308095,-1.7351067049221067,2.7467434971241236,1.7095855069199435,0.20435214171114477,-0.020345936102164463,-10.623436554099213,-10.875587301473557,0.2848734365866755,-7.948308630434507,3.4023724724384414,0.16454279591846419,0.16244089718320814,0.015046,0.0402755234292492,0.37357677117296456,0.7936548203119512,0.032149
1942-09,1.754783669849449,0.0,0.07978389372449504,-1.7666093900070021,2.7457020506368113,1.7118669615326687,0.20446554322946653,0.11558213212079851,-10.813915951579771,-10.988004477719572,0.02254227180272108,-8.091443649745834,3.314703622594178,0.14386745841081447,0.347885220263035,0.032149,0.040507534481254236,0.7936548203119512,1.6280667182103568,0.067567
1942-10,1.7326208608706228,1.2266546634797992,0.21518047748023172,-1.969960007311813,2.744709951676146,1.7141471064582396,0.20458021513991806,-0.12267624722863539,-11.135077077344892,-11.163096565297039,0.1807826533150578,-8.201821221256077,3.18719870235627,0.10214784013889211,0.7321353021405369,0.067567,0.04150137045628735,1.6280667182103568,-0.11199971195426382,-0.004692
1942-11,1.7586771573854325,0.6066606634785982,0.16771598021468823,-2.1703330206762868,2.7778531606424095,1.7413374896015512,0.20469613073317097,0.2800905414810413,-11.147042127348614,-11.494324995081906,-0.26409309917771673,-8.038519225340917,3.160407878443403,0.11778125360985846,-0.05096590881410113,-0.004692,0.04189296488473135,-0.11199971195426382,1.3861149290995252,0.057236999999999996
1942-12,1.7727726818732965,0.6037262766745005,0.13387109738765585,-2.367832292080883,2.765933316149766,1.7352498704710944,0.2048132639376192,0.0,-11.42443753458601,-11.508360852528662,0.37063884723459145,-8.111222151920888,3.033009448092138,0.041936985037476615,0.6227734824347372,0.057236999999999996,0.041293112712654644,1.3861149290995252,1.6762898837535496,0.072134
1943-01,1.6536435470921396,0.0,0.12607562137532408,-2.422868973726377,2.753947059713342,1.7291675123766188,0.20493158930092648,0.1098417409598272,-11.712063565690947,-11.722728312272695,0.25022682254158546,-8.31412489346884,2.8909889869488286,0.04839602122536969,0.7857811030616567,0.072134,0.04303193659946065,1.6762898837535496,1.2284625016259085,0.058203
1943-02,1.5823369348866716,0.0,0.13880669342934648,-2.4771360421410757,2.7646001213192974,1.739762980461617,0.20505108197220837,0.07570103023853983,-11.91990685411705,-12.017840449938838,-0.037995790247898016,-8.447375095444263,2.7989645982729225,0.0596407970915223,0.6350738965291256,0.058203,0.04737873555193301,1.2284625016259085,1.1818915389789866,0.059104
1943-03,1.510630298483836,1.8011099960411372,0.23196491559324364,-2.5305552878905035,2.7754024548250626,1.750350581197416,0.20517171768482345,0.0758854133705525,-12.136244869210723,-12.231110654900062,0.06855067451253284,-8.589632412631545,2.7655708323601615,0.04396160138767181,0.6459515161829432,0.059104,0.05000797285600234,1.1818915389789866,0.06644422323342714,0.003288
1943-04,1.4506881644534564,1.179745248633889,0.4226470337153586,-2.57012146063649,2.763659104915429,1.7442156644428277,0.20529347273974977,0.006915344722331338,-12.146734279884459,-12.453090862978394,0.36648512578157577,-8.561143725436835,2.7916937504806705,0.029107743736180774,0.03602178689595483,0.003288,0.04948511458172717,0.06644422323342714,1.085800167584249,0.052398
1943-05,1.4147422579302225,0.5837570831617295,0.1848893139161458,-2.6092082037802315,2.740503749248453,1.7297159526023678,0.20541632398952334,-0.013863858549894829,-12.332420226359242,-12.4638478000481,0.3826691197774617,-8.689097937459621,2.6832164669828362,0.022042021810723778,0.5750807437363323,0.052398,0.048257498538223746,1.085800167584249,0.4614165125292515,0.021389
1943-06,1.4029271434588555,0.0,0.18154085650277887,-2.6478143458925296,2.739858788081735,1.7319860901769564,0.20554024882271626,0.20844670636788834,-12.418878115636101,-12.65434209929391,0.13808355019965712,-8.730090056333388,2.646364794198729,0.02799287740320672,0.2352981420618093,0.021389,0.04635508140520663,0.4614165125292515,-1.1537628731447955,-0.053392
1943-07,1.3546156273332484,-0.5815505494976597,0.4134690723279638,-2.5979670760021434,2.7505918626604084,1.7426466008246824,0.2056652251489342,0.13929465581775421,-12.17506349742169,-12.719505834576184,-0.007687970817915822,-8.552516527350154,2.768554221065167,0.41668624232751283,-0.5881533100126998,-0.053392,0.046276406740728415,-1.1537628731447955,0.3341964714082394,0.015931999999999998
1943-08,1.3546955535284144,-0.5852444758346779,0.2901787222341367,-2.5482775420138313,2.750134443669916,1.744898090964046,0.20579123138431185,-0.013962388588388695,-12.200869411895782,-12.469455368782274,0.16182465053969952,-8.613772983593424,2.7852665454464343,0.32691182079872433,0.17591575018822342,0.015931999999999998,0.047672556005351065,0.3341964714082394,0.5702300572449848,0.027198
1943-09,1.3790913441193968,0.5892853435820669,0.10344355596136078,-2.498662043780096,2.761046525599384,1.7555613096394584,0.20591824643748857,-0.0419851930779459,-12.280804269796404,-12.49608149449251,0.08495719308532283,-8.72375456189256,2.719855628778788,0.3214668070308844,0.3009843875962918,0.027198,0.04769653871176958,0.5702300572449848,-0.25190157559890664,-0.01195
1943-10,1.3550044071633722,0.0,0.13007916468008202,-2.287992012333085,2.772098745877981,1.766217068567015,0.20604624969604454,-0.09819019538537423,-12.210538751505508,-12.578255047057672,0.03870199027113433,-8.838907848987846,2.7598989506278615,0.3969010856520387,-0.1325422673309111,-0.01195,0.047439163377951774,-0.25190157559890664,-1.5525601685253094,-0.067352
1943-11,1.355125853824517,0.0,0.3409548373077641,-2.068976237261734,2.783288735706448,1.776864762277456,0.20617522101338054,-0.1616716452327935,-11.873058618524313,-12.506283241106935,0.0,-8.725183961374768,2.948860794599027,0.44995149894457814,-0.7476121244307283,-0.067352,0.04338124947774096,-1.5525601685253094,1.4731782732503926,0.07000500000000001
1943-12,1.3066487662506652,0.0,0.16850004107079786,-1.8405321405882369,2.7832871234884906,1.779060783307864,0.20630514069602446,0.2184014963894699,-12.092201889642473,-12.160018285887837,0.13994421444785174,-9.11247942923261,2.8155919778707803,0.3408094109032227,0.7779626766528903,0.07000500000000001,0.047519707065420067,1.4731782732503926,0.37450311363271815,0.018321999999999998
1944-01,1.257982135410084,0.0,0.10911818622299295,-1.8032024576868724,2.7833163557918046,1.781255909631032,0.20643598949134803,-0.007061494152161083,-12.13952050422475,-12.384982295146894,0.16364124164199056,-9.185779133584383,2.788632891000394,0.45598904720288647,0.2040762229819395,0.018321999999999998,0.04892349177627588,0.37450311363271815,0.13858743497981074,0.0061790000000000005
1944-02,1.1848540428504866,0.0,0.1096584288781956,-1.7659059620355644,2.7720494312976274,1.774985322176104,0.2065677485756788,0.014155564734309501,-12.113806980015259,-12.433639115887729,0.24993359093623,-9.19459334128434,2.815040308668766,0.46273035673492474,0.06898278273917,0.0061790000000000005,0.04458557156281989,0.13858743497981074,0.5107518540582013,0.021113
1944-03,1.1600473920738483,0.0,0.10865721928705127,-1.7286601141134337,2.772036429624937,1.777195797279236,0.2067003995427926,0.19153272305462118,-12.16745073483732,-12.407360614267022,0.16439019516198164,-9.273545267940483,2.92195708567007,0.45547462731266825,0.23623484335882458,0.021113,0.041337099086857405,0.5107518540582013,-0.33367608475156824,-0.012727
1944-04,1.1351834883340106,0.5911872125335319,0.13054510944003753,-1.6914482211819382,2.7833787386731066,1.7878912664749058,0.20683392439277162,0.14930869732757837,-12.100770299766818,-12.46251583824348,0.10199003088109888,-9.246216916823562,2.981519260386811,0.4787313224571024,-0.14271451620838613,-0.012727,0.03814178055186553,-0.33367608475156824,1.2671719862998063,0.048541
1944-05,1.0860279210538095,0.0,0.07040563336920812,-1.6542539395031715,2.772201709271121,1.781585790530689,0.2069683055212161,-0.16388218863871656,-12.248566898412058,-12.394177351364638,0.22016916085767307,-9.40835974560446,2.858891745118548,0.43962993797216493,0.545279986053446,0.048541,0.0383065602181924,1.2671719862998063,1.4327604522940292,0.054273999999999996
1944-06,1.036769634744947,0.5892160769385157,0.12272553097274147,-1.6170955219497964,2.7836017258272028,1.7923002106289123,0.20710352570879467,0.08569776129544959,-12.437757991261677,-12.545962990284822,0.06304075649467264,-9.607172372237102,2.7447328228177055,0.4359032827175807,0.610668399683329,0.054273999999999996,0.037880721730628814,1.4327604522940292,-0.4878437998396031,-0.019770000000000003
1944-07,1.0237110706436325,0.5865091077006807,0.16080329834611976,-1.5643867047579731,2.7724807947515764,1.7859714875894022,0.20723956811112307,-0.014315042898219377,-12.336466522151376,-12.740241176613884,0.28432445139404666,-9.56254463410652,2.791399128259158,0.10367624864253791,-0.22290168527888995,-0.019770000000000003,0.04052526650231105,-0.4878437998396031,0.3798283219583911,0.0144
1944-08,1.0106524808072934,0.0,0.09588218983917435,-1.5114999808355032,2.772612061269061,1.7881763349259812,0.20737641624895714,0.05021534747059686,-12.35710503538628,-12.636433038345512,0.2137200445564319,-9.625622194712658,2.7787537288182866,0.19386253909639303,0.16271879096439174,0.0144,0.03791186482817748,0.3798283219583911,-0.023560013373625642,-0.000892
1944-09,1.0096642452010451,0.0,0.19111718881614193,-1.4584304612821382,2.7727707867778872,1.7903799745080216,0.20751405399869086,0.035948376271889695,-12.329595925120021,-12.65775230434088,0.1110577577966046,-9.646229555222755,2.79569380128561,0.21568743781283772,-0.010101933823652121,-0.000892,0.03786075949339457,-0.023560013373625642,0.05764254105883237,0.002135
1944-10,0.9966447896087539,0.0,0.11574841751709651,-1.5065443684031221,2.7729564459788834,1.7925823915196302,0.20765246558314668,0.05043992111818826,-12.336433438055733,-12.651558975676595,0.09539632308214398,-9.611272225088355,2.795528999051673,0.1569184434050561,0.024232725099042503,0.002135,0.037038616979444584,0.05764254105883237,0.46165186536982933,0.017026999999999997
1944-11,0.9715831973529202,0.0,0.07277389760637454,-1.554199108038038,2.7731685259922285,1.7947835715421934,0.20779163556264885,0.17331615922786633,-12.35933122984849,-12.65855885417834,0.19121176981186347,-9.590971188044742,2.7844181088390076,0.13959865054318288,0.19368327818796388,0.017026999999999997,0.03688277093034091,0.46165186536982933,1.4051387867191707,0.044578
1944-12,0.9465048713879013,0.5868288756578283,0.14969659419036085,-1.6014014887546635,2.7620807258993683,1.7884119023275038,0.20793154882636902,0.7735538420792364,-12.507875234249175,-12.68203556774121,0.33535880252795375,-9.682183088700032,2.7043512399042595,0.46115568470146956,0.5079905828113329,0.044578,0.03172498006697562,1.4051387867191707,0.4197966788114207,0.011601
1945-01,0.9214154199234874,0.0,0.15874708025211007,-1.6258887276141578,2.694285618634224,1.7391180803014097,0.20807219058393486,-0.3693604995341639,-12.55132590336127,-12.812516416880655,1.0151376754612138,-9.700025189759724,2.6780026621001833,0.39887158473017226,0.13248973084817364,0.011601,0.027634806527879544,0.4197966788114207,2.53466030931043,0.069272
1945-02,0.9083177464991854,0.0,0.11251324579186471,-1.6500233443204544,2.648588450001308,1.7070132633277058,0.20821354635729203,-0.22496374182427706,-12.781689987571673,-12.857239998215327,0.6166889933760803,-9.883754760388749,2.5699692560700043,0.3603690065194718,0.7919793361322336,0.069272,0.027329894954975596,2.53466030931043,-1.2385586461524198,-0.041885
1945-03,0.9072141301229653,0.0,0.32450427226429324,-1.6738259503569015,2.647833539582077,1.709343826164575,0.20835560197281128,-0.021817814992360483,-12.571635150332838,-13.093754342917425,0.16854844863112375,-9.678470826044348,2.8052653657522013,0.38851812909088623,-0.47958360262077765,-0.041885,0.03381753470464695,-1.2385586461524198,2.549193714423531,0.090224
1945-04,0.8941697831691258,0.0,0.24055420503951003,-1.7339859511932403,2.5565636080657916,1.6426578300842098,0.20849834355363125,-1.0322677301743117,-12.923697021166166,-12.89992281743437,1.2842731156511387,-9.939878055529514,2.6166107322216057,0.36791069181515473,1.0332768354528814,0.090224,0.03539315175990972,2.549193714423531,0.4508133641045672,0.019740999999999998
1945-05,0.8333373891232402,0.5871197935388011,0.15853132669410883,-1.7933898579474477,2.5324735496253346,1.6277485977160162,0.20864175751222935,-0.4877951526091654,-12.974084859455502,-13.260944588690158,0.4504467700238431,-9.936031027085075,2.5764530017613825,0.4832545504424366,0.22655974597269268,0.019740999999999998,0.04378973999408994,0.4508133641045672,0.0520574912495834,0.00218
1945-06,0.8082853258957476,1.1676818301246508,0.14918576383046012,-1.8520407155558851,2.429120346162391,1.552205812078713,0.20878583054321326,-0.9972020969129127,-12.963770918268539,-13.312383980343627,1.359070386615879,-9.87937887350893,2.6391376296403997,0.4767620108907566,0.025072681525511162,0.00218,0.04187677791748072,0.0520574912495834,-0.562273194748456,-0.021839
1945-07,0.7832523495005254,0.0,0.31266109830173094,-1.816669667483072,2.5057245175733245,1.6152860434205956,0.20893054961632376,0.5467995621873958,-12.863352607092287,-13.280091816612355,-0.6916019935813285,-9.822356131946687,2.670785065046827,0.5016144739784479,-0.25165329543683507,-0.021839,0.038840549761171,-0.562273194748456,1.529610259558932,0.059552
1945-08,0.7701324113772329,0.0,0.36159655931055207,-1.78132615543068,2.4927364400815866,1.6089791707317664,0.20907590196964446,-0.16072105814539042,-13.077664083624377,-13.177161943299959,0.20953117673389252,-10.044220927267192,2.5001788655484134,0.46595739023037397,0.6871573965746544,0.059552,0.038932793257526924,1.529610259558932,1.0874763709496014,0.046061
1945-09,0.7333042161985903,0.0,0.24825467522320263,-1.746027176166445,2.4684354524428733,1.5939599502113075,0.20922187510300813,-0.1610469216453717,-13.226866819876019,-13.397117438709442,0.436089445923644,-10.209085505495384,2.4235141303054513,0.433926669107872,0.5323931903654782,0.046061,0.04235586283109656,1.0874763709496014,0.6873804128669708,0.030514999999999997
1945-10,0.6846732258142659,0.0,0.1694249390564596,-1.7032499315768799,2.4102168132840722,1.5527742373290296,0.20936845677159605,-0.5278033084906225,-13.348874633935116,-13.571246410578206,0.8411484641348079,-10.356594212617226,2.3431738541005274,0.45887585711475004,0.3533998258779187,0.030514999999999997,0.044393176513025816,0.6873804128669708,0.9888515509396817,0.04475
1945-11,0.6242974074667712,0.0,0.25023535103944544,-1.6599808359822703,2.340385081646346,1.5027706823693763,0.2095156349797213,-0.6824136926245842,-13.477038191670786,-13.695869180521987,1.0120792600800723,-10.510263976749808,2.287488613695133,0.46855789496562067,0.5191492432149146,0.04475,0.0452545176851623,0.9888515509396817,0.23145049461111067,0.010833
1945-12,0.5758286757639027,0.5816047756917371,0.2659613968708505,-1.6162058842792386,2.2139608627293366,1.4089098162268,0.20966339797479183,-0.44831388041842624,-13.51315674066953,-13.826666732327233,1.5688541823875555,-10.582675404360888,2.2740344031321826,0.6330474234966996,0.12593814833283157,0.010833,0.04680482544745432,0.23145049461111067,1.534131970198628,0.069204
1946-01,0.5509955844194278,0.0,0.45763682954516777,-1.4828509568095587,2.2102156981507983,1.411152801670466,0.20981173424144586,0.7577730303444756,-13.740479723471603,-13.821209373845013,0.2025888610805537,-10.899469388537474,2.146683873711821,0.6951836164480422,0.8053536000264243,0.069204,0.045109548164256025,1.534131970198628,-1.3301302702937132,-0.065471
1946-02,0.5496965461841623,-0.5794441642384952,1.028629104025206,-1.3477920481658303,2.195359484510425,1.404616945109025,0.20996063249585495,0.014744626175245582,-13.399437860707703,-14.054861467906656,0.25985160170614086,-10.711640551139451,2.315154376585697,0.7744500343284824,-0.7623382407530079,-0.065471,0.04922149466273179,-1.3301302702937132,1.0006555273999655,0.048818
1946-03,0.548427473158439,1.1653020855285507,0.2592182907908999,-1.2109060442710349,2.1916949360451765,1.4068424813845786,0.21011008168018827,0.17729620614121974,-13.540320723502507,-13.705512516391428,0.08136251619872914,-10.949700448565999,2.29105085701766,0.7785480035479205,0.5693420897918203,0.048818,0.04878601942753,1.0006555273999655,0.7187322890641005,0.035448
1946-04,0.5822109427423509,0.5768891835229035,0.18678267219515837,-1.1142870820278292,2.288537340965663,1.488277579998204,0.21026007095723362,0.6804823449534254,-13.684209993347189,-13.891008355855384,-1.0961491665846892,-11.154608226096942,2.2146542814476424,0.7832034299679083,0.4141796363215366,0.035448,0.04932017183499398,0.7187322890641005,0.6606882078140586,0.028485
1946-05,0.5926683983621989,0.5743578205963249,0.22067087194481824,-1.0152921886259378,2.308112345213378,1.5081996155619295,0.21041058970516952,0.2297494907976892,-13.764970977385062,-14.037655046759026,-0.09760240467312434,-11.30354859316804,2.1604605098682605,0.8022588076537015,0.33346820737085703,0.028485,0.04311413411515996,0.6606882078140586,-0.8177665168390776,-0.035589
1946-06,0.6264017925818305,1.1425946788637715,0.2571173925877756,-0.9138203744338657,2.2722390750445243,1.4840261670828114,0.21056162751248333,-0.37860528792904125,-13.593800083026398,-14.119415939673264,0.5704344671051095,-11.229975245072174,2.2339580303229787,0.8439482299434636,-0.41726283109165974,-0.035589,0.04351975688312915,-0.8177665168390776,-0.6184086623194177,-0.02765
1946-07,0.6369098850944885,5.9594728625130955,0.2958527632781295,-0.9779646116952986,2.302915066622519,1.5128288605146154,0.21071317417303168,0.2082751182930486,-13.463057742244233,-13.92276288166832,-0.3263576739750021,-11.05437032060007,2.2826068904702583,0.9862004686250899,-0.3247278278809903,-0.02765,0.044711534111270816,-0.6184086623194177,-1.5375044371091435,-0.069155
1946-08,0.6010676985824108,2.0404354169594634,0.34403884317438704,-1.040647510703114,2.3894109676303565,1.5859345318724938,0.2108652196812368,0.17142558741550917,-13.132252708048354,-13.788450863703387,-0.9047819736261572,-10.70534129106137,2.435847852832561,1.0912670134707712,-0.8124771534176545,-0.069155,0.0449787319833867,-1.5375044371091435,-2.2644584354485886,-0.10441299999999999
1946-09,0.599990588353607,1.0004369597212424,2.7768054029116476,-1.1019529641219403,2.4099992187655133,1.6059839975674202,0.21101775422741664,-0.12695387383807022,-12.677003695398271,-13.449145227196864,-0.07348794809354385,-10.249764844678609,2.676935370895119,1.240652475088169,-1.2249268659143127,-0.10441299999999999,0.04610947958482435,-2.2644584354485886,-0.11103983589474017,-0.005936
1946-10,0.6335869274806313,1.9758696715524475,1.0603238686006702,-1.3282279317668693,2.375331647048341,1.5816866720615548,0.21117076819324224,-0.40390942966461835,-12.610120213741133,-12.962170170540439,0.6053410096431062,-9.999994098898968,2.732818732732627,1.2296506751547196,-0.06977550173255169,-0.005936,0.05345829226213024,-0.11103983589474017,-0.07773617356847604,-0.0041010000000000005
1946-11,0.6671932359740667,2.410581867134483,0.679066452346587,-1.5396239884322975,2.418055716538597,1.6195537067023542,0.21132425214732015,0.2173373774065956,-12.529649853680274,-12.8940771788885,-0.4421288348536123,-9.751708714304032,2.726813311787592,1.2183643358262752,-0.0483007977246973,-0.0041010000000000005,0.052755362294588916,-0.07773617356847604,0.9092122577445034,0.046518
1946-12,0.6432252184334697,0.9421166485281514,0.47140560864081626,-1.7378001553223297,2.328213625782932,1.5506652995249084,0.21147819684089467,-0.24025924981837532,-12.669846435209122,-12.812001215123681,1.1877179792013466,-9.709755633274584,2.616782195549939,0.9161893565600264,0.5487379093830659,0.046518,0.05116297058664596,0.9092122577445034,0.41120472576344547,0.021713
1947-01,0.6422851289775448,0.0,0.3668282796850837,-1.995726823565326,2.34848351066091,1.5707943052815971,0.211632593203667,0.0827532983379983,-12.751697550614255,-12.975920701255127,-0.04923245008069945,-9.56691464152954,2.5739111731478896,0.8026160253914549,0.25662663006341285,0.021713,0.052803381477894006,0.41120472576344547,-0.17465981194062205,-0.008607
1947-02,0.6528496602859573,0.0,0.23710974064057969,-2.237000335061255,2.3468333072968495,1.5730962283739331,0.21178743233972702,-0.12060009505369892,-12.677058680326533,-13.059970448096097,0.17264912802369373,-9.29932837882797,2.6001929149335306,0.7676641448874986,-0.10192101075317093,-0.008607,0.04927865147894506,-0.17465981194062205,-0.3358637568910573,-0.015308
1947-03,0.6863738148824803,1.8670319816289245,0.4193957509871199,-2.463292470551954,2.334175632265029,1.5664530811024133,0.21194270552359432,0.3548973545076968,-12.593827090342373,-12.983524447130845,0.1647459680830071,-9.035114621422581,2.8152993751459863,0.7926884926168467,-0.18160448692909367,-0.015308,0.04557800502709613,-0.3358637568910573,-0.9148646583433275,-0.03986
1947-04,0.7199304361151887,0.0,0.40158386427324716,-2.5732581466070297,2.376697485467653,1.6045610590974275,0.21209840419636536,0.43113208211735865,-12.360788606322126,-12.84031339340697,-0.3051569775006936,-8.733903166969332,2.9273175824295192,0.8026630305826999,-0.47351643966910106,-0.03986,0.04356928605393943,-0.9148646583433275,-0.02939441670540433,-0.00129
1947-05,0.7306333086448006,0.0,0.4432517037106521,-2.6764039049754507,2.364387204498377,1.5978949329873933,0.2122545199619635,-0.09851660939511761,-12.25595258505854,-12.602686898644656,0.27269966530581197,-8.549756351243271,2.95507288750049,0.6644080485829742,-0.01535427815247332,-0.00129,0.04388588530021166,-0.02939441670540433,1.2454347777068084,0.053690999999999996
1947-06,0.7527998915224426,0.459827489427932,0.34135870901791066,-2.773348173500196,2.3630678375353016,1.6001895814057439,0.2124110445834877,-0.0455570840468183,-12.401436286695738,-12.4964187258526,0.08278964677771807,-8.591457226991757,2.824916970294921,0.6806244455542,0.6399191805009714,0.053690999999999996,0.04311024628592759,1.2454347777068084,0.8796514175460521,0.039272
1947-07,0.7178698963054697,0.9160211693512977,0.34483256026556725,-2.8250539855076493,2.33974125329161,1.3325132959559374,0.3693087744586288,-0.3270364030013036,-12.500846537822849,-12.66531611510978,0.5225402399688776,-8.630799436291982,2.7383377564762443,0.5316932575927631,0.4688410134209819,0.039272,0.04464495732816119,0.8796514175460521,-0.5152867466974572,-0.023376
1947-08,0.6943471834637236,1.3610998413496112,0.14384097114620087,-2.8745750716905736,2.2942738277171215,1.2172683065083996,0.4201398536757562,-1.1550336143631796,-12.336860208158713,-12.768092982491291,0.6729630286608941,-8.438064794449886,2.808669365361976,0.5981996935805511,-0.27953844296384145,-0.023376,0.04536503247913897,-0.5152867466974572,-0.25496771855664263,-0.010528
1947-09,0.7050318588339566,2.2298952600918995,0.2418865840461952,-2.922072052035229,2.3256019527743126,1.2009953070728079,0.4486697602459311,-0.6617445384104355,-12.233516034095162,-12.600564315315726,-0.3659474368504091,-8.299025378616875,2.834192176462957,0.6221819321217253,-0.12612965766430737,-0.010528,0.04129150176186379,-0.25496771855664263,0.7038179671751897,0.019978
1947-10,0.7385239907045715,0.0,0.15189284987293036,-2.8862072098380307,2.36818994416051,1.1937045881684292,0.4772830176417373,-0.4722546505346186,-12.240462011950697,-12.459794662639327,-0.30809874276717736,-8.327541259065049,2.770917725975278,0.5964452643848831,0.2397931015596845,0.019978,0.028385180446845862,0.7038179671751897,-0.6305855877551784,-0.018233
1947-11,0.7606834832366469,0.43728368534388834,0.08318507530414708,-2.851655085413992,2.4990575379062685,1.2407486924917008,0.5172327963591228,0.579680763314993,-12.041705855548933,-12.468572802719153,-1.4432475623012546,-8.173286633120306,2.8104514528839166,0.6726467761250559,-0.21922856623718678,-0.018233,0.028914393785794655,-0.6305855877551784,1.0210552720260675,0.029984
1947-12,0.7487578019752409,1.3058666079193684,0.19363894814757568,-2.8183340019367638,2.6528524780607055,1.3423742078857215,0.5347743335774325,1.6426358277750321,-12.049544551191085,-12.266033509817298,-1.584891724301358,-8.19995211621392,2.7889036971521755,0.6743225799056985,0.36115387032267143,0.029984,0.029365697256038954,1.0210552720260675,-1.3972925890482768,-0.038443
1948-01,0.7481995918813513,1.2888892445512343,0.18352434539780657,-2.8890134248770494,2.653878013804852,1.326204632732692,0.5467285446366856,0.030476938221778046,-11.86928832566708,-12.34244634190673,0.1654018775645557,-7.972292560741876,2.8949430593187078,0.7237150545501968,-0.4636580330985963,-0.038443,0.027512491157048412,-1.3972925890482768,-1.4116122240286284,-0.040931999999999996
1948-02,0.770372033314922,-0.848250167536232,0.30738294879010974,-2.9576730120548307,2.6329213671666833,1.2826749156189161,0.5643647383229023,-0.05343450152600037,-11.656553956269981,-12.157469682025813,0.3811377332611941,-7.7161485868561,3.0366204669686723,0.7608979513456583,-0.4943024227812264,-0.040931999999999996,0.02899663186762675,-1.4116122240286284,2.5803364782347185,0.08054
1948-03,0.7925892340379678,-0.4280342831086049,0.36475992067014484,-3.0243173019207146,2.633819589552303,1.2845603902695146,0.5650909511022464,0.6191016897697108,-11.954532397926885,-11.939083876178868,0.28224151271262604,-7.909400055666076,3.2459479859795546,0.7114292536711264,0.9729941161532377,0.08054,0.03121298353116323,2.5803364782347185,0.77636130657798,0.030021000000000003
1948-04,0.7808143263090107,1.7168820791530992,0.09675297540754217,-3.146788926114669,2.6127216131578024,1.2681887780825822,0.5658163156509107,-0.05360199377985255,-12.069403673148651,-12.261434820794479,0.3742512611800347,-7.894363100224728,3.1892943570540684,0.7198163635314446,0.36330823684510266,0.030021000000000003,0.03866885140415561,0.77636130657798,2.194418476724511,0.08321400000000001
1948-05,0.70101369166651,0.422485214490743,0.25480256491220243,-3.264943999546074,2.525427974568171,1.196901939426326,0.5665408343935402,-1.0181742921570422,-12.38906866087542,-12.37925010102137,1.173137456137359,-8.062512965835944,3.0218433426633546,0.6719281087322091,1.0073264931702202,0.08321400000000001,0.03792075252857377,2.194418476724511,0.1507099356684289,0.006765
1948-06,0.6551430923278821,0.842041374549387,0.15917951435702393,-3.378887210525201,2.602669140920431,1.2626851597088427,0.5672645097496114,0.007669693321059074,-12.40817309652854,-12.707117052888163,-0.6989193772232997,-7.970096715160178,3.045789830762352,0.6288705711026689,0.08204466924874405,0.006765,0.04488755150744284,0.1507099356684289,-1.2590338965322625,-0.053096000000000004
1948-07,0.6318914904015792,1.2524808439739477,0.48589770102606,-3.4998546419663086,2.636426076854124,1.292009377735519,0.5679873441333197,-0.23816634477039886,-12.154465085681204,-12.69336514843938,-0.17498492615876154,-7.629452484068477,3.185293048160068,0.5848368628320854,-0.6444944202813471,-0.053096000000000004,0.042172017883109814,-1.2590338965322625,0.3371853894270453,0.014639000000000001
1948-08,0.6764451263390171,0.41282752497375363,0.20823713708789587,-3.6142322647712186,2.6484007806161407,1.2479798646245772,0.6028524712449238,0.41553348448154565,-12.159861108931905,-12.433294699375612,0.00834683806656973,-7.5179345466334455,3.1816116981358205,0.507888398188199,0.1780183477740835,0.014639000000000001,0.043415285653020115,0.3371853894270453,-0.6361707667797611,-0.027416
1948-09,0.6871688672684721,0.0,0.42117757201744066,-3.7223392475640704,2.6494464326122396,1.2221806890403033,0.620731238833317,0.07709236365848594,-12.006216932419806,-12.438967089841684,0.11706496081681096,-7.270067021798589,3.245110321406325,0.5061782213991911,-0.33390019662878506,-0.027416,0.04309534708546466,-0.6361707667797611,1.5932323361043321,0.06964100000000001
1948-10,0.7430552617831917,-0.41189033921867396,0.14558200878191516,-3.7669675929347206,2.661523439732417,1.2054922813240656,0.6386634000398529,0.13129602388600675,-12.191239347998499,-12.216520281283254,0.05863441512726439,-7.3699823638780115,3.076559375895637,0.48070099254781057,0.8488120834402046,0.06964100000000001,0.04371051128065957,1.5932323361043321,-2.0670323331967966,-0.098732
1948-11,0.7764691730251821,-0.8270668136171953,1.083960151464592,-3.8082140268498854,2.6185582925848134,1.151850912377382,0.6509360698375166,0.06963678991957287,-11.623400353370972,-12.408105239002273,0.6376239229582062,-6.816555117034776,3.3852384753085047,0.472443131312339,-1.2019358993108935,-0.098732,0.0477650970496938,-2.0670323331967966,0.6420493401138242,0.035552
1948-12,0.8325049912494324,-0.41724161565562895,0.17035729282951156,-3.8462984659657935,2.5973558472083784,1.116481052246776,0.6632440161916675,0.5810651324446089,-11.661115150679054,-11.826695268596978,0.47065628903113754,-6.78872194484711,3.2713226754976032,0.39934899246912586,0.4334927608418799,0.035552,0.055372691440968146,0.6420493401138242,0.030118643662096867,0.001676
1949-01,0.8435597113757477,-0.41926378372036116,0.23134858419689466,-3.818213216927375,2.5539446478262042,1.0717293107627042,0.6698590462484817,-0.3414163616275945,-11.594840355424795,-11.881514788737734,0.6902266837313668,-6.727498756356468,3.2408331508544292,0.3542317403478197,0.020472779370358334,0.001676,0.05564659613504377,0.030118643662096867,-0.5967072203017884,-0.032539
1949-02,0.8321001154499699,-0.841910454830322,0.24853283448875935,-3.791079329031345,2.5323142795569638,1.0545912018556727,0.6707552794256506,-0.08550581151007121,-11.35377149991804,-11.81394223267531,0.41318797708576904,-6.515813941088996,3.3563542966686155,0.45946713401957745,-0.39802511602301976,-0.032539,0.05453093056850091,-0.5967072203017884,0.6101072838023889,0.032980999999999996
1949-03,0.8657083549167611,0.0,0.19773134539861745,-3.7648412537151783,2.488473313124345,1.0188411409383091,0.671650341036041,-0.5214438852614717,-11.406284355587678,-11.566808495070504,0.624999282265027,-6.555636963762647,3.513716482240444,0.391778400148115,0.40408455333736787,0.032980999999999996,0.054057705711119494,0.6101072838023889,-0.3940070212847922,-0.019591
1949-04,0.8430526783422776,0.42542979247591317,0.08811881707028911,-3.7126776484663835,2.4885006836186276,1.020092899012861,0.6725442355359926,0.09356038238493453,-11.258726315872945,-11.63526793657731,0.09306555260655144,-6.447711857551326,3.5752571218993485,0.40926914869939723,-0.24041583179392306,-0.019591,0.049722464173650935,-0.3940070212847922,-0.6172629234965611,-0.030423000000000002
1949-05,0.8316251743750077,-0.4239403223972275,0.17794648040745642,-3.661798227936362,2.4885464865329716,1.0213432795611994,0.6734369673547728,0.14839977023209427,-11.039812347201412,-11.483643892511397,0.1610323850611143,-6.279649167406902,3.6951342476627262,0.45319279172134935,-0.3738729316428508,-0.030423000000000002,0.04928693890711143,-0.6172629234965611,0.016938492924727287,0.0007440000000000001
1949-06,0.8539741579220032,0.4261881677038747,0.3000050905507488,-3.6122236493904687,2.378234433753508,0.9295270227655708,0.674328540894794,-0.648871648752664,-10.970637687958154,-11.258681680192279,1.4147476769892762,-6.238947412549408,3.714503273672154,0.4515523666291197,0.009159357916094662,0.0007440000000000001,0.04392362433341918,0.016938492924727287,1.4090928154222147,0.061832
1949-07,0.887643700630921,-0.8486906778350527,0.11330362535918455,-3.5734824853816134,2.3665411741230646,1.0609933070522741,0.5886089714353667,0.516683832968891,-11.192771217090351,-11.215226808696903,0.2800577665934004,-6.435901741737183,3.5356742685400664,0.52494842749833,0.7619405725474362,0.061832,0.04388071482819456,1.4090928154222147,0.4662687968368901,0.0209
1949-08,0.8763478646397783,0.42839233435365,0.18990111347253902,-3.535323780320179,2.2996486145581443,0.9876983593993293,0.6009032633697801,-0.5799377248079889,-11.213619789516436,-11.44237639971351,0.9429891162851417,-6.46357294643713,3.482610163436297,0.523949290828464,0.25798804881655624,0.0209,0.04482393019173279,0.4662687968368901,0.5888258517764238,0.026514999999999997
1949-09,0.8650334879630338,0.42705631137496947,0.2739218574018235,-3.497679559201177,2.320574332857085,0.9795185223745746,0.6190205319832263,0.25120765819916135,-11.283401139197803,-11.463181006246023,-0.09358883529377635,-6.532702868807877,3.410913452298464,0.6302573427223808,0.3278429348464935,0.026514999999999997,0.04503029192758286,0.5888258517764238,0.6419873896790279,0.02888
1949-10,0.8424416767946339,-0.8504187726704852,0.10864536360699878,-3.3205050492797836,2.3196273547212316,0.9993558892641852,0.6082116789622914,0.3774013203972414,-11.272229607822853,-11.425276248092688,0.16193243419521744,-6.652986454733992,3.287011460220469,0.6013474215173356,0.3576666669152804,0.02888,0.04498530728841734,0.6419873896790279,0.4851358163721179,0.019938
1949-11,0.8423257845200088,0.42926104284748945,0.16103871626160726,-3.14820130079237,2.318708590570339,0.9724509355149398,0.6263812671069378,0.0,-11.147339604086149,-11.415825929985235,0.1792871567315426,-6.677191690828134,3.255318426889979,0.6406221915468991,0.24734546202737043,0.019938,0.0410977695876958,0.4851358163721179,1.6604329640438198,0.050084000000000004
1949-12,0.8197057394973263,-0.8547891490454603,0.083894268608656,-2.98035639421512,2.2847863439688174,0.9267043180271443,0.6387929691867428,-1.5474719598626197,-11.199656602143575,-11.28957392716304,0.44470836119665774,-6.847942159979753,3.11311472887188,0.7376694764542434,0.6221049344614593,0.050084000000000004,0.030163217115387417,1.6604329640438198,0.5906224388931366,0.018802999999999997
1950-01,0.7520451712523056,-0.43130582661748024,0.17545054517958264,-2.9724574490595015,2.3497340322913387,1.012147934569394,0.6221510956531686,0.7704368123623712,-11.233409358415953,-11.431699057249933,-0.521973465421781,-6.871165683027867,3.097001376351266,0.7370067404202556,0.2339544927221302,0.018802999999999997,0.03183590524470759,0.5906224388931366,0.5791891832449879,0.018702999999999997
1950-02,0.7405208118598169,0.0,0.07560169561074921,-2.964687826475945,2.338112707058097,0.9569859552464217,0.6520544762469621,-0.11024885714191252,-11.23742284185406,-11.46580991685543,0.18000316429013438,-6.869750760843835,3.075434104381649,0.6944485255776213,0.23310569345123006,0.018702999999999997,0.03229169421848288,0.5791891832449879,0.2290876780653367,0.0071849999999999995
1950-03,0.7402298325339141,0.4340717417309664,0.11084786661887146,-2.9570794826281244,2.3484427189531916,0.9674571069842928,0.6528843495865343,0.11043855754344148,-11.217089511611814,-11.469473488329212,0.0686849588750475,-6.848210366911748,3.2371752658218944,0.7993943585246582,0.08970537300278018,0.0071849999999999995,0.03136353757948871,0.2290876780653367,1.5017976772516546,0.044987
1950-04,0.7062407736870171,0.0,0.12684270484900406,-3.0189102254038462,2.336875796302685,0.9308883890789814,0.6712322543676217,-0.3002176944714229,-11.365796436260954,-11.448193548278555,0.25801159824846254,-6.908667647247439,3.1267468947493087,0.7217025742403136,0.5624200417985518,0.044987,0.029955433199449263,1.5017976772516546,1.4274866761388476,0.045902
1950-05,0.7171372116181006,0.4331571159203076,0.1139782822861832,-3.078408670306956,2.3252644046777964,0.9130415336078371,0.6779382339395424,-0.3244009749102401,-11.492926965282521,-11.600116286736675,0.28429989734474825,-6.952452262528994,2.992508922773795,0.7825532228667278,0.5746164289680754,0.045902,0.032155816770324266,1.4274866761388476,-1.6410372882694328,-0.055224
1950-06,0.7392831398943673,0.4317873025082224,1.0413000325762805,-3.1356943768931824,2.3575601360182907,0.9517363719708989,0.6729517171444371,0.3803615132009425,-11.207412725859758,-11.730043842970488,-0.2156501794078514,-6.656502116571314,3.2004538276394405,0.8339982595700428,-0.691766939630858,-0.055224,0.03365188615441935,-1.6410372882694328,0.42917765082119996,0.015981
1950-07,0.750248933147958,1.2896757688484164,0.5534366743217592,-3.0831691760676563,2.335156774802533,0.9244458697275939,0.6796704755534563,0.11112702049593966,-11.091760565459099,-11.319725154453469,0.47521379789879586,-6.59190957126077,3.1991975402743567,0.8277968981048508,0.20052431710935884,0.015981,0.0372363285213513,0.42917765082119996,1.4260027857319901,0.047063
1950-08,0.6939332952012934,0.8496402170557465,0.19149902173483413,-3.033753876711418,2.334605328230734,0.8876066673528145,0.7040142629179743,0.1908200341158829,-11.079128264351164,-11.203936964280437,0.1211626331744114,-6.610406603255133,3.0925445689936177,0.8136602099554744,0.5912855882184344,0.047063,0.03300344183818814,1.4260027857319901,1.6620638799955005,0.058466
1950-09,0.6375669430176988,0.42177087817995584,0.23485553966170625,-2.987241359651458,2.3999509133505685,0.8506447464958196,0.7636883222856438,0.2628004160420566,-11.165814559800072,-11.193391332040154,-0.623285203747424,-6.7086999160379,2.9666873144633206,0.714774217849436,0.7352839495927914,0.058466,0.035176746636331614,1.6620638799955005,0.10152132210114884,0.0038840000000000003
1950-10,0.6147712965975155,0.8406485566469962,0.31360946459662203,-2.9032407380526055,2.4547467052282688,0.8893436649530645,0.7705775835070372,0.31904290127355284,-11.035685583448565,-11.273855935976771,-0.41587175982793534,-6.6611940724870164,2.98825304191184,0.7554489993089086,0.04892847201413498,0.0038840000000000003,0.03825797300127998,0.10152132210114884,0.5710019512573589,0.02133
1950-11,0.6143559104479943,0.41734885817059336,0.4383480446579791,-2.823540989863946,2.444034068510879,0.8333434166096142,0.8010508961287781,0.15179736104748293,-10.88696033862481,-11.143138872063359,0.3037498426099241,-6.59645384905338,2.9580539917879944,0.7069111183115498,0.2691420258253573,0.02133,0.03735538898427732,0.5710019512573589,1.451786689560266,0.054325000000000005
1950-12,0.5915817645849714,1.2468889671586967,0.4443101560032045,-2.747738530609625,2.4442460332898928,0.8530909195579288,0.790312026461589,0.05601908768233355,-10.935421909536194,-10.992890864090135,0.13908432432424478,-6.690675325379569,2.863661024751672,0.869451290804964,0.6862248854310683,0.054325000000000005,0.037419409056887405,1.451786689560266,1.6830979724243034,0.063805
1951-01,0.568808000829169,1.6407129911586378,0.30441791441867644,-2.6956032848443634,2.411532658324669,0.8254000138961234,0.7913519495441607,-0.312561459764977,-11.133600150022883,-11.130533582493046,0.5049855715429404,-6.888085384624729,2.7131185236420428,0.8344850830978942,0.8066497800804485,0.063805,0.037909260806782655,1.6830979724243034,0.32409798061429096,0.013545999999999999
1951-02,0.5572027090725268,1.211180440576472,0.11624959179680135,-2.644157707144956,2.488426622203555,0.8736860145315245,0.8042209413405713,0.2408167995462972,-11.111787361204287,-11.332764368570453,-0.6444226411541621,-6.906055509864365,2.6821959954265937,0.8658301784852157,0.17153805600839736,0.013545999999999999,0.04179600247531655,0.32409798061429096,-0.446410138633762,-0.018584
1951-03,0.5009903733838104,0.399437538091478,0.21946844901426107,-2.5933457064841927,2.6316790720967638,0.9601928339990887,0.8289686414308327,-0.642742491297178,-10.985052489767888,-11.310041533229775,-1.3632965035522844,-6.838883693070654,3.109121464962889,0.9109689082448426,-0.2356823685951483,-0.018584,0.04162987887523416,-0.446410138633762,1.1403805282225004,0.047807999999999996
1951-04,0.533935266185723,0.0,0.1517120245566829,-2.5028171054693105,2.709924629540672,0.9612294990445321,0.8715735556230805,0.43445893453906265,-11.14229511196371,-11.18937937387486,-0.5473354756601454,-7.0357936960285326,2.985709624430562,0.8959294702243356,0.6070484155790054,0.047807999999999996,0.0419228483973835,1.1403805282225004,-0.7391502675297079,-0.031179
1951-05,0.5668948654976753,0.39872404211496265,0.2518811123254615,-2.412039058905542,2.777651474010567,0.9431891989808024,0.9202297846550133,0.4350659464292539,-10.929694318688489,-11.349633311119385,-0.5996846735942901,-6.933430190958298,3.102650465514296,0.8578198299029158,-0.39639021117635037,-0.031179,0.04218222108503377,-0.7391502675297079,-0.6589692199695849,-0.027048
1951-06,0.6110083604447643,0.0,0.2035570566532471,-2.320969121407679,2.8347769804136185,1.0873987086711843,0.8619956634665102,-0.2501349302049061,-10.777795101363623,-11.131810962233779,-0.5391410354362649,-6.882111105942931,3.1955918171001767,1.0179288445972439,-0.3443246031763866,-0.027048,0.041045923209051274,-0.6589692199695849,1.8030276587543246,0.069635
1951-07,0.6551674316386098,0.0,0.2523060926793895,-2.248677884547741,2.7602112733838067,0.9166335843847013,0.9286170649238594,0.5412816542148364,-11.086841261454758,-11.049576154867614,1.2003193565477912,-7.189823917340632,3.010713475224365,0.9146345494428623,0.8870183787367474,0.069635,0.03862114907771821,1.8030276587543246,1.1299408480233306,0.04892
1951-08,0.6882631645238213,0.0,0.10428886819967,-2.1738584956364204,2.696186256794976,0.8027359641522983,0.9656075405739537,0.12137918211111472,-11.282833142612429,-11.365965937897219,0.8620306907284114,-7.407851273054996,2.876509090646871,0.8521750989000952,0.6238903807845353,0.04892,0.04329430171993385,1.1299408480233306,0.038375260698007674,0.001668
1951-09,0.6880521808421065,0.7974099884586554,0.04569087152998615,-2.096278665996527,2.7750189271559083,0.8608783965392284,0.97284841467191,0.18641167724349714,-11.316097245888386,-11.56680710712512,-0.6966413077926804,-7.496458422309043,2.870676553083874,0.8107740738209304,0.021306847578313897,0.001668,0.04346550276560329,0.038375260698007674,-0.37248694866950244,-0.014921
1951-10,0.6767323561953839,0.3960641035514628,0.2711564534662598,-2.1601287204410675,2.7881578983311073,0.957542691899151,0.9203401677076971,-1.2548487548970482,-11.361031577830255,-11.668289082857601,0.08721620895243504,-7.480011420178136,2.970856704258224,0.8218596584830072,-0.19088152841770645,-0.014921,0.040057779348502756,-0.37248694866950244,0.2554559536483021,0.010288
1951-11,0.6654054936100905,0.789683222431625,0.18384890211659632,-2.2260864826343143,2.9006435115267837,1.0353211031983522,0.9335147996691557,0.6078538000683957,-11.456036490534673,-11.717753304070706,-1.1839664040916467,-7.501907229766911,2.986901429790551,0.8931886506449515,0.13182506020913554,0.010288,0.0402730876030549,0.2554559536483021,1.0176584666917878,0.040615
1951-12,0.6651794437035214,0.39225979035847025,0.07670868859420762,-2.294348695663176,2.9585450652570326,0.9212118757656762,1.0365892033631197,0.9647029320312486,-11.725169029403736,-11.818537678661759,-0.5313466298146357,-7.662665234992707,2.9023967672909854,1.0227771488022923,0.5211126089148108,0.040615,0.03991024624600389,1.0176584666917878,0.42224519599407345,0.016267999999999998
1952-01,0.6760639018953679,0.0,0.09676479794198546,-2.2622806229087282,2.9504608594501955,1.066384548457628,0.941946706285322,1.3845074343791746,-11.784111099854602,-11.974632445220752,0.24428832238659554,-7.733904909282672,2.8905435947593467,0.9960884088681418,0.2090590247171458,0.016267999999999998,0.038527377349317035,0.42224519599407345,-0.773950827606923,-0.026441
1952-02,0.6647680604935374,-0.782343502700269,0.1675161083611505,-2.2300872406389782,2.9644309307543857,1.106124058345787,0.9251487089193289,-0.8019091812195945,-11.623551248114433,-12.034786373222675,0.12233538137070092,-7.6274618224869615,3.0121997224373356,0.9897772595251589,-0.3402278866501254,-0.026441,0.03416366913354985,-0.773950827606923,1.4863370678602863,0.051705
1952-03,0.6090847698140621,0.0,0.1136674015859533,-2.1978561535671384,2.900967330765344,1.0014095494505006,0.9564256925110923,-0.28390590027756024,-11.81217312520734,-11.870588360786613,0.9707394044004386,-7.804344682562316,3.0368066016128603,0.9124359766218288,0.666039080020775,0.051705,0.0347868603414661,1.4863370678602863,-1.1374714014832845,-0.042623
1952-04,0.6309847340951827,0.3949543885186752,0.1454101983686172,-2.1342575108660515,2.8038627591474725,0.9349506076657591,0.9456174344947538,-1.4169548426997638,-11.60321821042326,-12.043348057908576,1.4943082630627764,-7.68468231876896,3.1796815625968615,0.9463053694489174,-0.5495482462286988,-0.042623,0.037471711327791445,-1.1374714014832845,0.8768858436414694,0.032397999999999996
1952-05,0.6196575329383179,0.0,0.09480814805323014,-2.070579377509847,2.8393152488709616,0.8682791431572066,1.007143860490441,0.5188371026903222,-11.673142663643949,-11.829661448134418,-0.2886863323020124,-7.791389830744413,3.1190455768268066,0.9169775496330953,0.4183124291022649,0.032397999999999996,0.03694665643758129,0.8768858436414694,1.2510681247095183,0.046332
1952-06,0.6194069509712203,0.39426154081115133,0.058605214193047456,-2.0067993295894277,2.8638558422360822,0.8594101595945974,1.0265512645871686,0.10555479135978703,-11.836578598400973,-11.901051987901647,0.02628311520358211,-7.974176180516394,2.9940555257478976,0.7922625753948525,0.5989401042502527,0.046332,0.0370339544944906,1.2510681247095183,0.45679026030218056,0.017629
1952-07,0.6080872365568317,0.7861171305924382,0.062168072240396687,-2.019627128599725,2.8885212793040154,0.773102134396625,1.0943554440015573,0.29273805268255937,-11.914475236124176,-12.09748421232415,-0.1754408170287858,-8.026061347715604,2.941062962986989,0.7990362065940226,0.2282464257628892,0.017629,0.03859320465444662,0.45679026030218056,-0.21520676173187533,-0.007174
1952-08,0.6299775361631915,0.0,0.05221601511229673,-2.0324041418503755,2.9577788091885435,0.8124350716395656,1.1078368868925128,1.0813861866508456,-11.858291969693854,-12.177093537283145,-0.6142475179395899,-7.969345938662212,2.9931404310093304,0.8037764659473428,-0.09302337606515283,-0.007174,0.0333353838061001,-0.21520676173187533,-0.650373029376973,-0.019685
1952-09,0.6297618393145773,0.0,0.0796009979448555,-2.04516579679919,3.071867113451307,1.0263400827138158,1.0365084800339248,0.9110105470437587,-11.780354252698544,-12.119659510063878,-1.1389852803344025,-7.894996196921296,3.0458358763677276,0.891063775371595,-0.2555975491737127,-0.019685,0.030267245274388625,-0.650373029376973,-0.035073700766536105,-0.0010800000000000002
1952-10,0.585299968552854,0.0,0.1852604080912573,-2.108445085366407,2.9860956816364648,0.9207327089579769,1.0560270620025396,-0.8867779173809571,-11.82001366110357,-12.079533140185616,1.2965768651528233,-7.87495662504039,3.0651217009904848,0.8605639844058306,-0.014044709998484155,-0.0010800000000000002,0.03079230239172339,-0.035073700766536105,1.9803124924757896,0.060382
1952-11,0.6071534825229045,0.0,0.08291827754123055,-2.1719836713416627,3.0224822378371794,0.8439342453712793,1.1241812466208847,1.0008257903828273,-12.053931995516267,-12.120690159719109,-0.13158136103266987,-8.011794807163904,2.9129487838711,0.7646772924814124,0.7858886103101285,0.060382,0.03049114734640205,1.9803124924757896,1.0462615904424268,0.036615
1952-12,0.595872868359825,0.0,0.04837614463056555,-2.235681178476534,3.103650427834559,0.679438727907952,1.2714874021068212,-0.040746563339087785,-12.2446034057829,-12.360260889562241,-0.7543470576707405,-8.113553919746764,2.834426069817446,0.76545395935505,0.47719363401093706,0.036615,0.03499602808176951,1.0462615904424268,-0.22546464747441924,-0.007807
1953-01,0.5404001228187266,-0.3923212782476073,0.07248726547636015,-2.2538972216716475,3.107030697222523,0.8062779365091428,1.1938352010613942,-0.7501538851712745,-12.220818657430359,-12.51506279658886,0.10541631969758691,-8.078107464695053,2.85897805397794,0.7493142843928836,-0.10189693892638292,-0.007807,0.034626271069329244,-0.22546464747441924,-0.2600327736929396,-0.00894
1953-02,0.5069897797453522,-0.3940509571290623,0.08874768072504341,-2.272028076185747,3.199797719873022,0.8750745889723432,1.2013632339037312,0.38375576077472584,-12.150168200315472,-12.490759187547805,-0.7641993106025761,-8.004545308256459,2.9180293396596593,0.7673307304662196,-0.11685562949966768,-0.00894,0.03438028165848365,-0.2600327736929396,-0.716446871500893,-0.024088
1953-03,0.4956408934994829,0.3959373123969702,0.12353550018525528,-2.2900731925342814,3.281732980308567,0.9051012152974711,1.2272030108787848,0.4496564314736225,-12.056310622335076,-12.418555670606624,-0.7729001155838172,-7.911997530332154,3.12549190471765,0.6960039047669218,-0.3152540520987301,-0.024088,0.033621474191851464,-0.716446871500893,-0.8702795437051423,-0.026908
1953-04,0.4622524108703705,0.0,0.23023984950894008,-2.3267305589204925,3.3862974993288026,0.8181879401472189,1.3385639180434852,-1.1682409358601844,-11.939395640491075,-12.31252377342232,-0.9216566403396266,-7.785472247295383,3.1872084952961197,0.7632829737439962,-0.35258701617454913,-0.026908,0.030918800969906114,-0.8702795437051423,0.19384927102407298,0.0057009999999999995
1953-05,0.4839417369886373,0.3952355599656451,0.1074541899759882,-2.3628311083874975,3.5134858293008384,0.9555101269393574,1.321689267753765,0.9642421339540385,-11.920877043523962,-12.192957121046952,-1.2963111219623344,-7.738716759652305,3.2195219723365898,0.7915972576654926,0.07481666327828232,0.0057009999999999995,0.029409447711010613,0.19384927102407298,-0.5751979800603471,-0.016066
1953-06,0.5056416441711836,0.394150759569702,0.20040787176358044,-2.3984738431591026,3.3720748398458578,0.8783052406521897,1.292553155259941,-0.9316108824625667,-11.846841985973146,-12.17401491505382,1.9476412173331656,-7.647131670386653,3.271031519716546,0.7997243298426258,-0.21112993526506285,-0.016066,0.027931252467740638,-0.5751979800603471,0.9943301239743096,0.024814
1953-07,0.6374140318759538,0.0,0.10536142450684599,-2.4212987419476577,3.376121777709661,0.9475540128170987,1.251119253846741,1.1274599386095547,-11.956268413359574,-12.108352143151977,0.3411323672186361,-7.714073868893759,3.189937939415525,0.7627629984254934,0.3265620815953702,0.024814,0.024955494560316784,0.9943301239743096,-2.034638054490652,-0.051801
1953-08,0.6703045698685404,0.39345861177993496,0.12364078267100898,-2.4439910010667316,3.4026378975858638,0.968066791310458,1.252564628395097,-0.6296031588259181,-11.710740157404393,-12.220186750857549,-0.0700705738326517,-7.493990152071502,3.3658041115534467,0.8204871552472267,-0.6821146831628493,-0.051801,0.025459565098406543,-2.034638054490652,0.01992967489313665,0.0005870000000000001
1953-09,0.6482191916124947,0.0,0.2007060784762717,-2.466516576998036,3.1928089533840134,1.0278317200700944,1.1004097560026496,-0.3765919949941513,-11.719594138838163,-11.969183908903135,2.6010474767618903,-7.47932966157706,3.3329411570178418,0.7570862122652905,0.0077411658419674996,0.0005870000000000001,0.02945356625973614,0.01992967489313665,1.721273994028827,0.049746
1953-10,0.7251479394100249,0.3927700321644021,0.10404018384282519,-2.4154056154612062,3.1625027420105853,1.401540269323358,0.8493892683857298,1.2517357992808518,-11.902990381300173,-11.94791872469377,0.6445641898533371,-7.665122830969252,3.194191943649218,0.7236290855406741,0.6567205352771531,0.049746,0.028900686452343435,1.721273994028827,0.7115823249608727,0.022963
1953-11,0.7031615320109904,-0.3915645585264639,0.06841104081208069,-2.3644338505243114,3.2223767955004607,1.3934561666664895,0.8874011554942133,-0.1966273088087921,-11.915940103986362,-12.135363784198285,-0.4271430511925752,-7.713644930004544,3.134661099595764,0.7571057514006898,0.3035825081077249,0.022963,0.032270334990772365,0.7115823249608727,0.01477372509211933,0.00041299999999999996
1953-12,0.6701393294921991,0.0,0.07585517861249318,-2.3136180861194506,3.0902953410718315,1.1199536580904763,0.9872148006761629,-0.27892702095014904,-11.900035350053617,-12.148607802458384,1.7921346469426502,-7.73910141261451,3.143482370978452,0.7295808836940267,0.0054681544592964215,0.00041299999999999996,0.027955034862555034,0.01477372509211933,2.024185133170013,0.052386
1954-01,0.7140976347673857,0.0,0.09061583710684283,-2.3172781586741524,3.2857866917077847,1.7014864909386154,0.7289027556506942,0.2875348083520916,-12.095588964606746,-12.142190069330436,0.7751265509680979,-7.891602533209942,3.0236360099287225,0.6883191444775184,0.6942727976800289,0.052386,0.025880043846562558,2.024185133170013,0.40870392555522145,0.012216000000000001
1954-02,0.7251212511238605,0.0,0.0619967660758584,-2.3209518477480424,3.15361751040346,1.7918773015408176,0.5998034133457278,-0.3454747923171804,-12.093250579261866,-12.342089156956293,2.0830778961808174,-7.884544432291295,3.0052482464513512,0.6651439051482488,0.16213895223869454,0.012216000000000001,0.029889607699276805,0.40870392555522145,0.9914604550016987,0.029730000000000003
1954-03,0.7141569305195761,0.0,0.0649086261489581,-2.324548518037719,3.1455975191616483,1.7248596787747739,0.6375846535237801,-0.15650815998409345,-12.204919464835333,-12.339681018170285,0.5041163950557187,-7.969610544710898,3.341837170487823,0.6522732395471842,0.3951335765490918,0.029730000000000003,0.029986067371642236,0.9914604550016987,1.5608586265913722,0.047458
1954-04,0.6811677108798853,-0.39479309485327646,0.1330890532883014,-2.3827690583828014,3.0920885468239137,1.7366124424578877,0.6010632862250503,-1.1360722064538862,-12.430961272222467,-12.49285462213359,0.9047356217471747,-8.103403058499389,3.1798043534567144,0.6166338002802555,0.6314307685352998,0.047458,0.030405059876331998,1.5608586265913722,1.3035676224468933,0.042277
1954-05,0.6481331703056872,0.396654733150169,0.07832997458578707,-2.44064369867775,3.1633641721734516,2.004621574484901,0.4713531944438582,0.37094655068950305,-12.59213344716667,-12.723920608556485,-0.7567805901095759,-8.185589073808574,3.10419790913515,0.5475052327016325,0.5631574092186578,0.042277,0.032431765926069056,1.3035676224468933,0.053939347547854274,0.0018670000000000002
1954-06,0.6480626635106537,0.0,0.17054695286523217,-2.4981899377038146,3.0870128740624088,2.0554829679647986,0.3972401224653249,-0.8246215953097165,-12.62031481253462,-12.88868387531756,1.4172275056351022,-8.16075078208091,3.0516400401743224,0.5442495786953065,0.024905933716723123,0.0018670000000000002,0.03461295111780176,0.053939347547854274,1.696571860682858,0.058201
1954-07,0.6699979778176597,0.0,0.11187272611521364,-2.4846067265660685,3.0216489267968227,1.9188825288242928,0.44727571209934075,-0.7755205629319949,-12.839935928713787,-12.878090961656632,1.165437319659652,-8.34839307698822,2.929061671194569,0.5256894876815277,0.7770426259363326,0.058201,0.03430506030942569,1.696571860682858,-0.7034510155763878,-0.026394
1954-08,0.6809698612335439,0.0,0.20896394697338264,-2.4711736490254306,3.058601625516553,1.7526201528835699,0.5720875523251244,0.44605635429006574,-12.681206526770989,-13.102668210381063,-0.3134011698172067,-8.230314222693208,3.0384347012627098,0.5210457677331966,-0.3527896584022038,-0.026394,0.037520736221232844,-0.7034510155763878,2.315187297648927,0.0816
1954-09,0.6369619006630955,-0.39656394445247173,0.12631890528745876,-2.457798779587681,3.0843064084208067,1.6852001351164707,0.6287093844066932,0.41353419650110207,-13.00232691853675,-12.9405205256017,-0.08716607521852753,-8.500662218565553,2.834093535600188,0.5025828504258719,1.0907628537869678,0.0816,0.03524552855091457,2.315187297648927,-0.43798152181504885,-0.018567
1954-10,0.6478897770200506,0.0,0.09119152453574345,-2.4660589467639333,3.0872683365150673,1.716829592010027,0.6106613190902364,0.28158862212674707,-12.858448085939521,-13.220886573695617,0.05237186259446672,-8.3781508777878,2.9046520752626663,0.5239825382836144,-0.2485014186614614,-0.018567,0.04239219938561811,-0.43798152181504885,2.364905871678725,0.095174
1954-11,0.6148492099289964,0.0,0.23155499943136112,-2.4740116185573973,3.1245373528298224,1.798085144319617,0.5800819765617306,0.4146186685682883,-13.123707089915868,-13.075094861653717,-0.21845560453469745,-8.587266428646661,2.647712463588958,0.4223679138667025,1.2731883619240514,0.095174,0.04024430787701536,2.364905871678725,1.1079788594845905,0.053488
1954-12,0.6037622301305,-0.3990483110619593,0.16134910594229834,-2.481756465030796,3.1047325816289253,1.5614995028639633,0.7180989024510855,-0.39019792699993905,-13.270166425398985,-13.347609397617207,0.5599878242340186,-8.702088462339896,2.5351452408269672,0.806732513505206,0.7161997912294558,0.053488,0.048275289318138744,1.1079788594845905,0.3408547310423326,0.017276
1955-01,0.5706848704166831,0.0,0.4606476919181665,-2.5593460297902557,3.268086089711424,1.6329907930494227,0.7626698547012585,1.1949476864350737,-13.328752816362089,-13.54430931788827,-2.0947197762426457,-8.690445092254526,2.510320157668734,0.7905488234558802,0.23165313260681886,0.017276,0.05068434857034271,0.3408547310423326,0.2596226146664666,0.012626
1955-02,0.5925211910096119,0.0,0.11058280800040497,-2.634783219242109,3.3403822753319266,1.744400266612663,0.7322239623866141,0.12465137071437886,-13.327009874125693,-13.60418865752716,-0.67806812316443,-8.631671375495849,2.494435020868767,0.8406539713233075,0.16954398084097405,0.012626,0.048632127121207985,0.2596226146664666,-0.06665179199006936,-0.003242
1955-03,0.5045333705784202,0.0,0.45476025694458194,-2.7080504243251693,3.298232892280517,1.5967273675561322,0.8019814616648175,0.04160993993395736,-13.290163472391468,-13.60235250291792,0.7571262974786628,-8.545673495809773,2.5587278458637925,0.8396053270754491,-0.04359474641901058,-0.003242,0.04864085275431206,-0.06665179199006936,0.811140916721228,0.038843
1955-04,0.5262891899307811,0.0,0.1151041633498,-2.8206565987433607,3.324805092956771,1.3088408705687995,0.9973909841450135,-0.016667637594976248,-13.43729165084452,-13.573762486974733,0.008714211391427492,-8.577637157637792,2.4653684911204596,0.7969848027475369,0.5229420710822031,0.038843,0.04788687045527198,0.811140916721228,0.10655114572767425,0.005033
1955-05,0.5041629367195462,0.0,0.13661920655294613,-2.9294161366876708,3.2939795145112467,1.4204186059182522,0.9106371469426462,-0.7587571410338637,-13.423061241006728,-13.723847827158945,0.6369178706770484,-8.481786445662555,2.472487855970854,0.7652989530007055,0.0678552915587719,0.005033,0.04723553149642756,0.10655114572767425,1.7588511196040464,0.0803
1955-06,0.5039700613939679,0.0,0.11846367650359815,-3.034538206830498,3.3665898174898228,1.5222295833364117,0.886547127564841,0.8758772797471968,-13.742633308186283,-13.70908402566154,-0.6632239857549078,-8.662297662023498,2.32921702726703,0.7647579873052864,1.082732623947746,0.0803,0.04565480222002939,1.7588511196040464,1.1063732386282685,0.056646
1955-07,0.5037817776897427,0.4031990081257167,0.38219156893428674,-3.0836077494159975,3.450932491483043,1.4036988852379648,1.0071936629724205,0.5094102816155918,-13.937664057028073,-13.999532215298347,-0.8897066811204657,-8.790493129112779,2.2585713202001463,0.7476381933845898,0.7644316791604416,0.056646,0.051199719969937336,1.1063732386282685,-0.04403165613721884,-0.002248
1955-08,0.4926360711345289,0.0,0.20576835014531344,-3.130839184423716,3.4663637259291673,1.114092068956168,1.1973902510893053,-0.3511574834206378,-13.853723790459696,-14.199472409602292,0.034937216517528215,-8.693062282462495,2.248988479536787,0.8064984245980571,-0.030378284610628522,-0.002248,0.05105417777142892,-0.04403165613721884,0.1918528948215201,0.009685999999999998
1955-09,0.5034043151568537,0.4024508403931282,1.0493298959420876,-3.176229999726236,3.4356749707928445,0.9141180510344644,1.3059096072426934,0.02511796164622721,-13.850684172168378,-14.114252973918841,0.6383733880891629,-8.662348154783318,2.2581965082481608,0.7762554837142615,0.13107570834046947,0.009685999999999998,0.05048659812514605,0.1918528948215201,-0.7212036735060533,-0.032268
1955-10,0.5360936766515003,0.0,0.4926826995706147,-3.2296530239634693,3.3702020216558655,0.6934709493847009,1.408221682678793,-0.5530913230391772,-13.699166574424014,-14.137532386772357,1.2592674509271944,-8.501968085176166,2.3184541010220747,0.7611949596630072,-0.43708526945242515,-0.032268,0.04474186860853415,-0.7212036735060533,1.8976177374089882,0.08612500000000001
1955-11,0.5250041179221727,0.0,0.3548667233015509,-3.2816018652303343,3.408606014227141,0.7139559841411912,1.4159053057254962,0.12587739921540875,-13.975654843442765,-13.982466568187547,-0.3938344024162612,-8.694497645604745,2.1836167495916037,0.7906227958567867,1.166469976472543,0.08612500000000001,0.04538585316850763,1.8976177374089882,-0.04809154674076767,-0.0021089999999999998
1955-12,0.5139106082845768,-0.4019432290312701,0.08736193884472146,-3.3320553285909114,3.4123804659485746,0.41225249413160286,1.6067288102120787,0.2184830625085859,-13.946463281099991,-14.26454614276699,0.3242696163050978,-8.63943149081376,2.1619043906271145,0.7677497864372738,-0.028603016232079722,-0.0021089999999999998,0.04385386087430996,-0.04809154674076767,-0.9075963332671442,-0.037257
1956-01,0.5356502054224246,0.0,0.21727266406757156,-3.280344897800685,3.3813677853904798,0.5128821301232896,1.5257892584822874,0.17670859566396221,-13.709636007480757,-14.17521646614014,0.7282094619964374,-8.494513058296112,2.2446207226343313,0.8047834628139453,-0.5057148793774676,-0.037257,0.04105018788020343,-0.9075963332671442,0.9372434658635349,0.039497000000000004
1956-02,0.546468952447863,0.0,0.20267768537803799,-3.2301587348665324,3.396661123551424,0.6136706713698712,1.4701497404127317,0.2359269298888513,-13.772127919739857,-13.93529321071888,-0.017569640153571514,-8.593293501278565,2.186068080999092,0.7370145548685719,0.5367389413467716,0.039497000000000004,0.042141664827302056,0.9372434658635349,1.5820913733879012,0.068828
1956-03,0.5463598801071206,0.0,0.18595473976511742,-3.1813995430921005,3.5165227474277,0.7852102346843126,1.4271543633537056,0.02531285360171657,-13.969523247232347,-14.001213039954722,-1.3062954454855509,-8.804713111842263,2.256685145685933,0.815326912041045,0.9357792327936779,0.068828,0.04350444048791648,1.5820913733879012,-0.053055638737804924,-0.002537
1956-04,0.4806255100136093,0.404940983687656,0.15027896762462836,-3.0894172036238445,3.61340493502691,0.5134913671281148,1.6502873122283184,-0.0168984292606477,-13.896109386138537,-14.220894576692082,-0.9899214116082956,-8.82984236014628,2.239326724138009,0.8017604923369689,-0.034539151796948414,-0.002537,0.047817726076912814,-0.053055638737804924,-1.3059523378454059,-0.060714000000000004
1956-05,0.49139155751598196,0.4038111756862045,0.33885372256791174,-2.99832252822491,3.4778284002767212,0.3825525037354094,1.6577553268953378,-1.4591639855309901,-13.553588444130558,-14.146945191131678,1.9658606054620067,-8.62961144319925,2.419919798244052,0.8975176258537684,-0.8266718916771932,-0.060714000000000004,0.04649021119726891,-1.3059523378454059,0.7432095726630777,0.03691
1956-06,0.5458934802110271,0.8051381941530993,0.19145159218530067,-2.9080778831046152,3.481671599648941,0.5034352478952986,1.5827727440036412,-0.37997899317400236,-13.655758788548232,-13.79796067006276,0.23622691817563185,-8.79373338469318,2.349578223577933,0.7873946930122495,0.5031529533549152,0.03691,0.04966297711659395,0.7432095726630777,1.0892103567543812,0.049227
1956-07,0.5676611899996951,0.7997267092720195,0.09153241668593033,-2.8220052861232996,3.64873146153681,0.8262294090428595,1.4696962483089224,0.9796687363100189,-13.827842940989745,-13.926584982710677,-1.820264796941407,-9.014493562298934,2.2375484587235075,0.7602980656812662,0.6717047250999522,0.049227,0.045195126629796425,1.0892103567543812,-0.7756198503802768,-0.034488
1956-08,0.5457379396115598,-0.39718110035153875,0.2282983399743442,-2.7356999312941124,3.792647060313327,0.6552332804285607,1.6553357209446309,-0.17758394194048635,-13.631028397651155,-14.102529514169023,-1.6230739696912688,-8.931061718193869,2.309660439006912,0.7323693874162237,-0.47100190574261613,-0.034488,0.04446508168027283,-0.7756198503802768,-1.0057198253334398,-0.045822
1956-09,0.5565786200809761,0.399005174561408,0.14565048296581823,-2.649118261871329,3.7850084585030874,0.4031947377066988,1.8089287248951942,-0.3217212633456587,-13.405635311486076,-13.901538841376915,0.4345471281781418,-8.821802725313594,2.4421646163618895,0.9043514851127373,-0.626159088362418,-0.045822,0.04556139676853642,-1.0057198253334398,0.08697165597783632,0.004118999999999999
1956-10,0.6329998821276248,0.39791666243635165,0.3037539867105415,-2.7055228532900997,3.8473971923003427,0.3930827726508229,1.847829974934373,-0.4322375628561894,-13.501577456893378,-13.778833885699154,-0.469621270954926,-8.859971148683924,2.4209771318030655,0.9085575973258677,0.05636232028008421,0.004118999999999999,0.0473602572434596,0.08697165597783632,-0.08441263053985423,-0.003921
1956-11,0.6002448682281396,0.0,0.3204890860556092,-2.763134349212962,3.8980857087354033,0.34262029289824714,1.9056767657806477,-0.5852725734207805,-13.531201222828697,-13.876573906116011,-0.49601424813137257,-8.843042496093643,2.4595292116947736,0.8366582701531813,-0.053723300024152223,-0.003921,0.046450394626059606,-0.08441263053985423,0.8632217557952768,0.033884
1956-12,0.6767377748428027,0.3971954807032688,0.18894062538067416,-2.821912312349899,4.042145554088963,0.24174173942797758,2.045825727461312,0.8232077966834124,-13.749576458800226,-13.906455553414052,-1.552984316909563,-8.982896673094436,2.3299695297872476,0.808771737833913,0.464814280025188,0.033884,0.03925294951444202,0.8632217557952768,-1.0615411197847102,-0.042938000000000004
1957-01,0.7861703838809584,0.0,0.1671105413045941,-2.8254850934412055,3.84694610814951,0.17112606666944943,1.982316214239958,-1.263317998031332,-13.576235584515372,-14.05581093240455,2.975511978027781,-8.843981385180475,2.4309613917472843,0.866963562800053,-0.5894030643361693,-0.042938000000000004,0.040448739290201215,-1.0615411197847102,-0.667695561691983,-0.027319
1957-02,0.8739665824215658,0.3964781819255843,0.19576161575286746,-2.8290721386367017,3.8509207963626992,0.18108551883943233,1.976199585197306,0.5770992048933475,-13.444609635301406,-13.878057930074988,0.21528218054980083,-8.737557766736865,2.5095237162377075,0.9357983505591566,-0.37538158591390025,-0.027319,0.040915353594341584,-0.667695561691983,0.5371254323186384,0.021527
1957-03,0.8415760624020613,0.3954092792125984,0.061255733897973536,-2.8326497711318392,3.8900728501601454,0.23128461460024635,1.9637655649309433,0.6285715491584852,-13.531719058461169,-13.743007620251737,-0.20689162397507224,-8.81205161043446,2.57579957360253,0.8261103280565816,0.29618007414917374,0.021527,0.04007816183097724,0.5371254323186384,1.245531803708663,0.044038
1957-04,0.8419604691795264,0.3943479216446338,0.05611800583489448,-2.8404630754692786,4.058182118286309,0.3820987193040087,1.9577371379903619,1.3239669645833918,-13.678622405040063,-13.823271904339073,-1.9045300127264602,-8.934304732564467,2.47629373499104,0.8527792868359125,0.6065203959088318,0.044038,0.0353567848439306,1.245531803708663,0.9618894092235917,0.036134
1957-05,0.8533009200592795,0.39329402561803,0.0894283984836548,-2.8482244347478645,4.096930645872795,0.42233385043624255,1.9517385773654592,-0.44177085488595236,-13.822644051856765,-13.972695678095715,-0.19752977348778883,-9.056464030050316,2.426632729969657,0.898423312360351,0.49823268151823896,0.036134,0.037565649079311814,0.9618894092235917,-0.0891593370491358,-0.0031049999999999997
1957-06,0.7879503949355969,0.39224750877783593,0.1074566680077546,-2.8559583018977754,4.252789405621715,0.32171616596463243,2.0981802548917394,-1.2054772988353004,-13.80999632217745,-14.119025481152116,-1.5414684810139836,-9.049478571021687,2.4367432104687223,0.9520089673103383,-0.042868469221177444,-0.0031049999999999997,0.0348252925914964,-0.0891593370491358,0.20342273111360584,0.006747
1957-07,0.8101662376621144,0.7822075477698425,0.10290771729825614,-2.8517502589202985,4.302472381425029,0.4927222379693373,2.0154126884025523,-0.5862314909391192,-13.825467904754507,-14.08125890110376,-0.3514208319671762,-9.075810718129249,2.413795185712488,1.0100711701752534,0.09327422945938231,0.006747,0.0331673848004331,0.20342273111360584,-1.7147647980898046,-0.051498
1957-08,0.7885607726252251,0.0,0.39918041666959325,-2.847587248941401,4.328474541028916,0.3015973775697221,2.148847488818376,-0.0935785405277437,-13.557652519370638,-14.096916711998624,0.017164129363773945,-8.86436216392672,2.53676372973073,1.1210573388040332,-0.7122174708044731,-0.051498,0.03003210706061099,-1.7147647980898046,-1.8901417044945463,-0.060479
1957-09,0.8876032274845362,0.0,0.28218722486257025,-2.8434925770636292,4.295723331543851,0.11050553606334894,2.2497790894157332,0.16184558413220032,-13.2684609851821,-13.823364163477692,0.6529423036016835,-8.631503171944942,2.6956492717941836,1.0758328201030702,-0.8365120505646743,-0.060479,0.031997071889471394,-1.8901417044945463,-1.228719913927951,-0.041734
1957-10,0.9759102813009543,0.0,0.9185638042022528,-2.779136079463858,4.357021135447693,0.11042678055102675,2.280367746036348,0.6223688868440006,-13.111695652024295,-13.528084078561754,-0.429887179911659,-8.556267395770014,2.7920577721756015,1.2040155006368674,-0.5776302634943494,-0.041734,0.03396542981596632,-1.228719913927951,0.5803298935021357,0.020902999999999998
1957-11,1.1083972683077126,0.3897298988632176,0.6498514689490292,-2.714693395930946,4.018316732776261,0.09028075081243017,2.108133232573464,-1.8859537144185088,-13.15701469116194,-13.368097421900138,4.478785729858996,-8.648930102552853,2.740280468561664,1.286363582898061,0.2896819689983705,0.020902999999999998,0.03601916812152478,0.5803298935021357,-1.0909070207546914,-0.039821999999999996
1957-12,1.3401949881995412,0.0,0.23313177848808378,-2.650156223781631,3.821375268992652,0.19050291395400676,1.936656286468857,3.1739220526266005,-12.961009271521704,-13.414505286033917,2.564728335700726,-8.540510552025115,2.8326579944014227,1.0958233700050604,-0.5522647333448938,-0.039821999999999996,0.036503569270689144,-1.0909070207546914,1.154547812289006,0.042718000000000006
1958-01,1.3525367943639892,0.7779022950372962,0.1462138572957932,-2.569721726800752,3.9081011359023154,0.8629658338941909,1.5557098196385393,1.5341422800334534,-13.153703534883194,-13.253799782447468,-0.7018576643415735,-8.76871359151986,2.7454737318117917,0.9406911665264787,0.5930272935559282,0.042718000000000006,0.036999766960977835,1.154547812289006,-0.4139968787839596,-0.015309
1958-02,1.1776274945649994,0.0,0.13729260772841084,-2.4872059028848303,3.852842874473509,1.7276021094661196,0.9765678417021065,-0.9055056861710419,-13.085428889360166,-13.450227876203284,0.8362420357815302,-8.78227942112311,2.811644274180512,0.8743639572961242,-0.2127712033150502,-0.015309,0.03697853965703171,-0.4139968787839596,0.8833670869701159,0.032152
1958-03,1.156602695944844,0.7736424248577385,0.09686401140466708,-2.402490598608694,3.8093913317488868,1.9199457368167057,0.8306220566889738,-1.239834511890536,-13.229659248108073,-13.380217785024499,0.8536557385373663,-8.97486060836253,2.90699663839191,0.9128949773906729,0.4473805330461051,0.032152,0.036397099772280395,0.8833670869701159,0.8830248072611988,0.032711
1958-04,1.1796622466337174,0.3844808011898306,0.13938413683303943,-2.3403655424053285,3.6946399565961756,1.9916957996050475,0.722698835216515,-0.19291267961007968,-13.391802945746448,-13.54304980087021,1.5552005010042005,-9.165051945116577,2.8521552458517725,0.8535454354972609,0.4556820879859406,0.032711,0.03704425938095313,0.8830248072611988,0.5606438744274448,0.020213
1958-05,1.1585980981231376,0.0,0.08087842886754816,-2.276372186897334,3.7223346174416316,2.2338218812714876,0.5824837905847515,0.25193577934177813,-13.484138451162671,-13.708060121552508,0.008371495402780477,-9.299715263014445,2.813105311723478,0.7234089603407813,0.2819323920797759,0.020213,0.03605318977335201,0.5606438744274448,0.7913474912909346,0.027697999999999997
1958-06,1.0821922717043835,0.0,0.0818649540302625,-2.21034735942563,3.8570960678957014,2.424839161868052,0.5316908752799256,1.0245877703422488,-13.62003670466573,-13.801612174966465,-1.3368704621919418,-9.473242956513959,2.724956418188902,0.678936747055082,0.3867965635954869,0.027697999999999997,0.035001058706606775,0.7913474912909346,1.205298125975759,0.04326
1958-07,0.9502547902187106,0.3841645977490889,0.13001819905061904,-2.1872238626279223,4.0868805009418265,2.5346992736917375,0.5834251019476542,1.0497719188089756,-13.789419993583554,-13.907094045880234,-2.306484353210448,-9.64076000633846,2.593106703799411,0.5369374654167111,0.6047131084555281,0.04326,0.03589153510462693,1.205298125975759,0.4637162345607184,0.017599
1958-08,0.9065495371610868,-0.38306125278506215,0.11013317111129402,-2.1639820386100226,4.4226079908018185,2.033096008159002,1.0846752097212329,0.9659856130237638,-13.830996489839597,-14.079320056779796,-3.547453872195076,-9.702710195303608,2.5668225223077665,0.479010845799138,0.24631945685077214,0.017599,0.03795208942096162,0.4637162345607184,1.3868305410723196,0.048937
1958-09,0.8627394169020965,0.0,0.09544497868650069,-2.140589397370489,4.531246170233109,1.3702931498217985,1.5673032796206796,0.17661917193984095,-14.01615322234886,-14.12099991851479,-0.9536969928779381,-9.885919309545583,2.4557465220389827,0.4443275955996438,0.685534032799616,0.048937,0.03528693560653858,1.3868305410723196,0.7573420003372147,0.02557
1958-10,0.8963952681012707,0.0,0.14851546310901576,-2.1301237796410115,4.461580851013741,1.119509598176025,1.690458779861217,-0.26102385005583634,-14.090693420560031,-14.293079258950456,1.1251182813749172,-9.967479257142461,2.407346697292875,0.3905416379657802,0.3586294552497887,0.02557,0.033762817840044104,0.7573420003372147,0.8494886566490435,0.027517
1958-11,0.863608978557588,0.385396782931127,0.2865628223163699,-2.119753088866489,4.392345422999586,1.019587264712074,1.7172377071747735,-0.12645751124744875,-14.151389052666126,-14.368609633630264,0.9788852251148944,-10.038203763560754,2.347539296930505,0.3672210410236597,0.38639476445222326,0.027517,0.03239242782657701,0.8494886566490435,1.5825969689376558,0.051912
1958-12,0.8529315936336469,-0.38428814954918067,0.13354418781586286,-2.10939907108057,4.560633412697535,1.0609707826428207,1.7824962132537883,1.0369856147189265,-14.325580487173305,-14.429887704193925,-1.4730157682599254,-10.205635384831806,2.2434740726408626,0.7550449224157766,0.7295412557851793,0.051912,0.03280178151411903,1.5825969689376558,0.12378019918200675,0.004231
1959-01,0.8311337391802247,0.38595905201746294,0.1096308919934059,-2.199574497721777,4.8691149403863285,1.2745045366623506,1.8155416727018374,0.43887195776391535,-14.305008805604643,-14.606853780741691,-0.6512668094616113,-10.128974616496247,2.2056515116059296,0.8852753170546962,0.059534878515486556,0.004231,0.03418155753472917,0.12378019918200675,0.15080084391652743,0.004811
1959-02,0.8314910414641187,-0.3848479680457281,0.158418113819313,-2.287238601883363,4.796459079210405,1.3366142555414846,1.739321304375179,0.07605440121315919,-14.268680489844998,-14.585033362446326,0.9530195075815342,-10.041740516384085,2.1717647679930745,0.8916199889917606,0.0677812185036671,0.004811,0.0319030044862549,0.15080084391652743,0.03642579536295938,0.0011519999999999998
1959-03,0.798532399482501,0.0,0.09221731181373234,-2.3724114193172037,4.807235606901797,1.2467747602925596,1.8046446829661758,-0.8452576954663105,-14.235941291704654,-14.547109300449561,0.13864624802732317,-9.959958708574165,2.2692915746184106,0.7994985111790646,0.01625046419632677,0.0011519999999999998,0.03162593948933903,0.03642579536295938,1.2586010409733588,0.038054
1959-04,0.698858133527531,0.3868518408572303,0.09245465104345643,-2.485919859900743,4.935725815573959,1.207460500854108,1.9019741454986758,-0.46532073680382646,-14.354374043198867,-14.51289601745645,-0.9537838843166405,-9.984267147918743,2.190157362648832,0.7805265895554189,0.5373635654836767,0.038054,0.030235156941051267,1.2586010409733588,0.6969024321248648,0.021431
1959-05,0.6545662316400996,0.0,0.08033663829550365,-2.595498745722494,4.968336763579849,1.3509417522400973,1.83190065281357,-0.9222494726649979,-14.391354724491,-14.632843557920232,-0.040807837645889425,-9.94543079770183,2.122755106255103,0.8305034770875701,0.30299664367488655,0.021431,0.030751793955800376,0.6969024321248648,-0.1046383407157717,-0.003225
1959-06,0.6435388215649378,0.3861865792303899,0.17192460865524736,-2.7012978613058793,4.988735727902778,0.9963048980782784,2.0706171552021435,0.2880126288677364,-14.337412879890637,-14.66955367178575,0.08171596607828636,-9.833450632206006,2.1241618664911965,0.8635249989473197,-0.04565100809177835,-0.003225,0.030820442850484814,-0.1046383407157717,1.07468922463179,0.032004
1959-07,0.6769410849105061,0.38519641269797467,0.09168910021126114,-2.698084334833119,4.961874842776445,0.986994262270406,2.06425615400471,0.24595189313542795,-14.435653108706047,-14.613550707823183,0.49085858497800494,-9.940918913084131,2.026083398597436,0.872969812131013,0.4535338487065687,0.032004,0.029779771925195587,1.07468922463179,-0.454184855878719,-0.012976000000000001
1959-08,0.7326291599701658,0.0,0.20116731039723196,-2.6949258145739985,5.029275227880286,0.8655337258577249,2.1799229308002515,-0.22925255392229296,-14.33347140691907,-14.712717008208624,-0.3357129282720757,-9.878130217630916,2.058525143224045,0.9064435589253065,-0.18409079582110927,-0.012976000000000001,0.02856986496147063,-0.454184855878719,-1.6317754164143345,-0.046282
1959-09,0.7328318539077019,0.3845396784058844,0.32172458506941276,-2.6917751879402765,5.095613197554641,0.25448043209623733,2.6020431126119288,-0.2635108649084452,-14.108334479310045,-14.607449066039617,-0.4670375765841986,-9.707788786564997,2.166143617473302,0.9844108702545104,-0.6569134993146845,-0.046282,0.02836297172664859,-1.6317754164143345,0.3420614598864178,0.009574
1959-10,0.7886430176459097,0.38356122479298416,0.11637111744444727,-2.6600658558083454,4.997063984406058,0.1627748683659951,2.60493213715032,0.12766192553719344,-14.119784071308292,-14.377004274366668,1.2289844795719989,-9.760713911962222,2.1169182628180705,1.0015310960650594,0.13605869387095484,0.009574,0.027989122198037352,0.3420614598864178,0.5853494402911068,0.015885999999999997
1959-11,0.7778119011604475,0.0,0.09410799672928893,-2.6284288758803,5.122214772249035,0.17285617112551235,2.665117104633537,2.1525818186473016,-14.138277824810388,-14.387920470287403,-0.9745131109380507,-9.819904900283383,2.077114109669354,0.9608442915870479,0.22603619118430446,0.015885999999999997,0.027139344307051103,0.5853494402911068,0.9952223127208645,0.026227
1959-12,0.7780897017679176,0.0,0.057945204897631254,-2.596836307158604,5.291665145008311,-0.020314571549634362,2.876868584475226,0.534412504506959,-14.211796839769582,-14.405944169823735,-1.3000504148673266,-9.926957138760182,2.015760745883253,0.7397881155349553,0.37360669345564174,0.026227,0.02635290594349449,0.9952223127208645,-3.1893968919191606,-0.07323299999999999
1960-01,0.8117707550010967,-0.3831192732976478,0.1733142250648691,-2.513733488342924,5.213640773597201,0.06089448296583103,2.7817826071633034,-0.0424652920577319,-13.816315306492942,-14.414605373141764,0.9163129720245229,-9.67214523644813,2.2005574704737345,0.7166991617027624,-1.0427341837187976,-0.07323299999999999,0.022961394420853463,-3.1893968919191606,0.35341147781519444,0.011022
1960-02,0.8678024873657315,0.3847592540787385,0.21693491785617788,-2.4323860200248206,5.067174247021011,0.33488012858988675,2.529596219354021,-0.6458782527645938,-13.762795946712606,-14.013744525289285,1.6666812701941425,-9.70497952701751,2.175362279747485,0.7799236991999149,0.1571297107538126,0.011022,0.03118744209480263,0.35341147781519444,-0.5129867470670251,-0.016066
1960-03,0.845944174036706,0.0,0.1828689355950521,-2.35265706688389,4.8528653527003325,0.8123934731290677,2.1143145809860995,-0.7736581889523302,-13.619674474152566,-13.961548058718929,2.2944999649298037,-9.658211381361102,2.425171577270027,0.8314417912083908,-0.22928120936120253,-0.016066,0.031318547880342947,-0.5129867470670251,-0.5689811756947146,-0.018012999999999998
1960-04,0.8351881094090191,0.3841040924174364,0.12179301741045893,-2.2919479993413305,5.026015109782311,1.0469137610792776,2.0633697813305205,1.2575556494069517,-13.533836900650716,-13.886970713414893,-1.3806249707537968,-9.643291742507696,2.4873094008681984,0.8319456118069285,-0.2573343329997453,-0.018012999999999998,0.03165834085460997,-0.5689811756947146,1.022219769397911,0.030813
1960-05,0.9136510084293132,0.0,0.0799936924211859,-2.230537167678933,4.917355171425571,0.8951496794444505,2.1017027298975224,-1.4676482006500722,-13.625602282550169,-13.798833734958507,1.2343653749392178,-9.78075532632616,2.39447136011726,0.7951011140073196,0.44067810253496137,0.030813,0.030143224502641838,1.022219769397911,0.6296629569608795,0.019402
1960-06,0.9030015359532008,0.38345223770836223,0.09427399335126961,-2.1684608142769286,4.798379441439316,1.639303727245799,1.5727537315267428,-0.2717681470594904,-13.686825590443705,-13.891836526177277,1.4041842964369144,-9.893037479205997,2.339557133798509,0.7913651457494831,0.2778104292248303,0.019402,0.030813310177313532,0.6296629569608795,-0.7745885044055538,-0.024248
1960-07,0.9034946416676803,0.0,0.1848446392054421,-2.173593589943678,4.505217563050733,1.549221303417457,1.4717743273869002,-0.9427208278785476,-13.576890320276016,-13.96050890784406,2.9631481540490228,-9.803278403087461,2.432103293518943,0.8415925418200164,-0.3475239973709783,-0.024248,0.03130436336466,-0.7745885044055538,0.9690357675615509,0.029767000000000002
1960-08,0.8928143065133276,0.0,0.12046600186419465,-2.1787341333573558,4.6004454667354375,1.632341312094544,1.4730867858394605,1.5602706982757952,-13.671176740855207,-13.847623976773264,-0.5397639685843137,-9.888724291303909,2.3979214677213894,0.8235706828956241,0.42709135780748086,0.029767000000000002,0.030718164382006953,0.9690357675615509,-1.9040173594574885,-0.060313
1960-09,0.8485707490276418,0.0,0.3352345516726291,-2.1838565481102,4.56622463458108,1.4195509249237332,1.589627544716723,-1.1695257427080878,-13.4134805974337,-13.942942943680793,0.6048317625450101,-9.671297047092212,2.5898332228562317,0.9265990068692356,-0.8653766274842837,-0.060313,0.03167670699031073,-1.9040173594574885,-0.0976286418265382,-0.0032790000000000002
1960-10,0.9048925042489904,0.7667014952388218,0.19853988442513834,-2.1846762205135426,4.614225461893757,1.6458083276238045,1.4755618585695107,0.30543550372720724,-13.398513888827773,-13.67951433153071,-0.22602176087916986,-9.66453634402854,2.5912443215621597,0.9117293468268239,-0.04710223863005664,-0.0032790000000000002,0.03358645514936044,-0.0976286418265382,1.337307942789965,0.044780999999999994
1960-11,0.8606240322131958,0.0,0.12664990418614583,-2.1854956545356377,4.708623763574527,1.657610589335746,1.5217658247394399,-0.03397768408897711,-13.550326712433288,-13.663652719138287,-0.5330457040559972,-9.801765043767183,2.5202646983013652,0.8541327797496315,0.6438349338528218,0.044780999999999994,0.03348592987982665,1.337307942789965,1.3269232405572533,0.047239
1960-12,0.8386504960662825,0.0,0.08532751200923223,-2.186314850216071,4.486184089344939,1.5875469939830906,1.446027150948401,-1.4841458927247815,-13.72156256600122,-13.81773553996955,2.2449237766131573,-9.957476404199424,2.4457909011387264,0.7476440846423317,0.6797386809565259,0.047239,0.03560040140691301,1.3269232405572533,1.6706165152555295,0.06242
1961-01,0.8726346913144564,0.0,0.14049947347560252,-2.1160712535275388,4.768967861213819,1.84511321293086,1.4409123224695077,2.1536976423226544,-13.958178217212495,-13.998329436635213,-0.8607881157600487,-10.229445040063492,2.3253749969022466,0.7174087750203484,0.898619897766205,0.06242,0.03736345201307467,1.6706165152555295,0.8808571818119796,0.031438
1961-02,0.8954873817059502,0.0,0.1038318968914128,-2.044370781225758,4.628076180479712,1.5391281673039794,1.557976677413788,0.08455907892186346,-14.05136214132669,-14.23825272258136,1.607168570593236,-10.380193950560487,2.2779414409245544,0.6393489696993305,0.4530746836891498,0.031438,0.03569023520399757,0.8808571818119796,0.7453329405692216,0.027345
1961-03,0.8959653125669651,0.0,0.07873265958015344,-1.9710973389638398,4.687376633782531,1.6227818934565337,1.539948851955416,0.06772752398086479,-14.136184130715394,-14.331735058320058,-0.29758482552578835,-10.525188712221857,2.433996037954874,0.7494580816691898,0.3945229396436915,0.027345,0.03668830198101298,0.7453329405692216,0.07618106862752652,0.002837
1961-04,0.8515688751963881,0.0,0.19158427102967757,-1.9444652469065657,4.617417031830258,1.6654373645704708,1.4768213894701365,-1.9487263549513547,-14.127640030702777,-14.409727507399236,0.9254756754484195,-10.551659091843593,2.4283789853692506,0.7675603242574752,0.04097919581718874,0.002837,0.03724022320914131,0.07618106862752652,0.5897600163336537,0.021753
1961-05,0.8295243114794545,0.0,0.07679236155357326,-1.9176371431828192,4.688571156062344,1.7286875984112253,1.478125873064814,0.8018268693769649,-14.177743446045238,-14.399583940976457,-0.3704751592632977,-10.628929200484379,2.3672302850301055,0.7422390316581675,0.31457112899803275,0.021753,0.03688449436642269,0.5897600163336537,-0.7889657017203492,-0.028672999999999997
1961-06,0.7849784565097395,0.0,0.10429441336068962,-1.8906087505754419,4.770781906598589,1.7611145661914684,1.5052422218476729,-0.04225077699062432,-14.038043395084406,-14.44913431455207,-0.6042657214174574,-10.541463030649846,2.413171421721593,0.7436505076773349,-0.4149844572721842,-0.028672999999999997,0.03634251772602811,-0.7889657017203492,0.8682502879015217,0.031994999999999996
1961-07,0.7628096999349826,0.767061417588221,0.11944751675647529,-1.886232848734811,4.770344660415767,1.8553067758197397,1.4484054207443293,0.04230045436264288,-14.12796905163677,-14.291806987238301,0.28232084974688715,-10.634018048096879,2.341445157974475,0.8338726155145136,0.463548133780653,0.031994999999999996,0.03684997338420568,0.8682502879015217,0.6248093420009233,0.023329999999999997
1961-08,0.7406002203943615,-0.3811816187590515,0.07725088888398102,-1.881890110440205,4.840046573364331,1.7640965852085813,1.5466778553940672,0.16939720525166488,-14.164706443346022,-14.38247910873516,-0.3067805614825181,-10.681275056554526,2.295407604931417,0.8430345555354954,0.33838798395097913,0.023329999999999997,0.03733939048556275,0.6248093420009233,-0.551303843970461,-0.020374
1961-09,0.7520657988372682,0.3827765924178747,0.15649008152720023,-1.8775646632715353,4.757134941949723,1.8068973868191724,1.4767931750461576,0.12719557841256574,-14.04762737399558,-14.418846060631116,1.0418307983072663,-10.594858535995073,2.3582911888916276,0.8286822846200177,-0.2957955505383034,-0.020374,0.03695602746621089,-0.551303843970461,0.7932307410599412,0.026275
1961-10,0.7972807939865171,0.0,0.050918014351480044,-1.899791299864636,4.721796216931491,1.7568277122170737,1.4910456175352624,0.47531555482635174,-14.09233147018052,-14.271999754549439,0.5739961345382929,-10.627332414570157,2.3507510338144755,0.858668348963373,0.3818854913912743,0.026275,0.03312403143238054,0.7932307410599412,1.2872638178792575,0.043726
1961-11,0.8088445374399814,0.0,0.06862659340578459,-1.9214859255078194,4.768662968492321,1.6136970498725125,1.6089791541872205,0.40782597022202566,-14.176365770458078,-14.317766670563753,-0.16184999015635645,-10.695653004530188,2.294485891017448,0.8508598923739484,0.6360742450236254,0.043726,0.03396817295155374,1.2872638178792575,0.0825913064448943,0.002796
1961-12,0.7641734339042621,0.0,0.06418113674061979,-1.9426940991223667,4.8968070820563545,1.6048968437731626,1.688001552804811,0.8415029963281979,-14.12141195794728,-14.403513506073722,-1.01096290785813,-10.644299869600303,2.265768342557116,0.7436919818362218,0.040719769074535235,0.002796,0.03385344197049985,0.0825913064448943,-1.282620632887308,-0.039756
1962-01,0.7419294914503645,0.0,0.15467209238962518,-2.008767972216527,4.941791605397152,1.5235612327027828,1.7669705721548719,0.7994086300401543,-13.932565768559751,-14.373275485141857,-0.11334488398770634,-10.440087293234342,2.3681497235990303,0.8245133683896511,-0.579320878007101,-0.039756,0.03099591491094701,-1.282620632887308,0.6709813460626883,0.018591999999999997
1962-02,0.7309044063751554,0.3830594360642313,0.050546730170382484,-2.073480111858479,4.8813252712802315,1.4628222903955739,1.7745179857637483,-0.4341058695901529,-13.9591560594999,-14.179999539697395,0.8344909381161059,-10.42459300662707,2.342717798896003,0.9611299676707394,0.27122827903646163,0.018591999999999997,0.027708668965385794,0.6709813460626883,-0.2185987176998168,-0.005842
1962-03,0.7311219230755202,0.0,0.05331389347044458,-2.1368286371326692,4.6930608871712,1.3084778595653395,1.7690800748545574,-0.8683716312398285,-13.90009879822309,-14.206122232147232,2.04424137444494,-10.336351813939508,2.449070557974789,0.8048536113140757,-0.08531937673454588,-0.005842,0.026724767928521548,-0.2185987176998168,-2.4989464620722526,-0.063943
1962-04,0.7764006124302457,0.3824111735564227,0.19460230674220821,-2.165657615891509,4.646683727449907,1.2577585099965847,1.7766361895068676,0.5112687860448875,-13.61956215770098,-14.145066671588612,0.6631746554994703,-10.08105789070375,2.6045862540469775,0.8418352767783585,-0.9337114594464402,-0.063943,0.02558798316430326,-2.4989464620722526,-2.607667577272317,-0.082247
1962-05,0.8104975864726951,0.0,2.081444111021366,-2.1941545412414936,4.635783445791254,1.2901880318489833,1.7516975985437249,-0.39233574926923637,-13.24534949043605,-13.858696292299129,0.37244257922458107,-9.741173530121578,2.8280865808071907,0.9289548273839696,-1.1999375794860212,-0.082247,0.0315404466109259,-2.607667577272317,-2.1210563337665156,-0.082669
1962-06,0.8333886949858084,0.0,1.1752874438006293,-2.2222581188235324,4.730268324203441,1.333104403181673,1.7787981040190897,0.42687054093843463,-12.894892830990093,-13.477166298328385,-0.6155507143556614,-9.419309773785335,3.0935724178914823,0.8875408611061274,-1.2050317248074867,-0.082669,0.038975391027544555,-2.1210563337665156,1.3906449304828468,0.062503
1962-07,0.7999268609456197,0.3820723080107804,0.3518422424793895,-2.233770142594629,4.858897437438661,1.250971822449995,1.9034044222675441,0.8029132496842044,-13.118950130202792,-13.12005343156453,-0.8826123087676889,-9.611463448949541,2.906873882815607,1.0239486272336527,0.9114762695494515,0.062503,0.04494533337010641,1.3906449304828468,0.4074003779697819,0.019369
1962-08,0.8002518952554362,0.0,0.15312959665439393,-2.2452042840342763,4.729324507199079,1.2417177663804477,1.8391696320256576,-0.37618277737865513,-13.15964879005349,-13.347970841751486,1.5130427773891213,-9.644883066934563,2.8560292084184375,0.9862333597332512,0.28277084714871636,0.019369,0.047542911218007404,0.4074003779697819,-1.0743029349546906,-0.050915999999999996
1962-09,0.8005777599824544,0.3814289480730022,0.22485280786681913,-2.256520308901593,4.694417744828494,1.25333658345188,1.814082202882907,0.2396516910687144,-12.95006676840103,-13.389078205648396,0.49407954899856665,-9.459086485434153,3.0080194345394573,1.0302284143271798,-0.7435387927941355,-0.050915999999999996,0.04739445303865563,-1.0743029349546906,0.11797899227077031,0.005812999999999999
1962-10,0.8009044454866374,0.0,0.6598361563363437,-2.2792663009753458,4.659807934922653,1.2649785539443341,1.789025555239252,-0.13709393710560658,-12.933448963052186,-13.156589177547227,0.6809823067948919,-9.43187720030639,2.9559491720611817,0.9469262129785361,0.08498492586367283,0.005812999999999999,0.0492714837456718,0.11797899227077031,2.1815087419097616,0.106268
1962-11,0.8012319422439217,0.0,0.24378208331498769,-2.301554961157941,4.672297888299816,1.18241996615304,1.848729405351167,0.35166502350722845,-13.273606780665569,-13.139970139524754,0.17043794936779869,-9.718720627623558,2.6874003880426796,0.8371990719219986,1.5517919912754388,0.106268,0.04871307547774007,2.1815087419097616,0.23561969230269844,0.013234
1962-12,0.7676534907850378,0.0,0.10405454044481509,-2.323382316045133,4.661297237140864,1.1310960977034081,1.8757476017906862,-0.10303999215797412,-13.2864792973665,-13.486550196203186,0.2843832212739079,-9.721383898216072,2.678292732498391,0.6745201895090105,0.19346868586860702,0.013234,0.056166782456359386,0.23561969230269844,0.8503525409275254,0.047867
1963-01,0.7905432728895546,0.0,0.13393912092366891,-2.3262451082942013,4.69722477855526,1.1216014462505757,1.9027218139950417,0.5156553604219177,-13.449784025599957,-13.518102726325326,-0.008133908154839291,-9.872155368598142,2.5597820266939757,0.5794410456805302,0.7003013219915609,0.047867,0.0562907708228741,0.8503525409275254,-0.4662373837578529,-0.026489
1963-02,0.7908558486600574,0.0,0.0750878862321426,-2.32912385270691,4.721170068055009,1.1330776346717768,1.9100784553700398,0.12905804891380374,-13.31319510617424,-13.68388278577618,0.06514266726245349,-9.760045082255413,2.638973364553537,0.44797265807359077,-0.3878582335017246,-0.026489,0.05681440597169583,-0.4662373837578529,0.600631840951327,0.034281000000000006
1963-03,0.7798540801329699,0.3819984135608947,0.06895156639023095,-2.3319556379020594,4.733227657262682,1.176100460812251,1.8913185705149504,0.1464285541064545,-13.425191335293926,-13.544323978147725,0.07336594660211693,-9.866171190392366,2.666634566250036,0.48710981258155145,0.5024351441018566,0.034281000000000006,0.057074896238772675,0.600631840951327,0.8042911655907427,0.04657
1963-04,0.7461939359869846,0.0,0.06174087585323691,-2.349287751687983,4.7802924889061735,1.2087056587543057,1.8987142509902266,-0.33624429841963316,-13.564535182583244,-13.639810451056915,-0.09791957772527576,-9.986483214405599,2.537930049851689,0.5153422489037084,0.6830773271696707,0.04657,0.05790191660975769,0.8042911655907427,0.3057159945982333,0.017274
1963-05,0.712475058471489,0.0,0.058218691495768846,-2.366323685921532,4.791855561519086,1.1887554164758154,1.9191642556582016,0.21577562621811686,-13.573931372500923,-13.781715555123418,0.18788874781171536,-9.993856363749911,2.5075085479269745,0.4971180052495545,0.25364970507740797,0.017274,0.056503422474513294,0.3057159945982333,-0.40580464199418986,-0.020905
1963-06,0.6900258263945819,0.3816555341110697,0.05007990386108561,-2.3830097773458565,4.803326698105264,1.1371460784586425,1.9591776327058819,0.20737003018122896,-13.451100317512758,-13.79124018570641,0.15538478282541332,-9.884537857501199,2.580859110526746,0.6204198730302029,-0.3072440434302185,-0.020905,0.05151493560366741,-0.40580464199418986,-0.09817379601535597,-0.004521
1963-07,0.6562155767605002,0.3807153286096794,0.10166183274686194,-2.421514649653767,4.803014588242271,0.9377627424170678,2.0840131486810103,-0.02594993087106876,-13.418691003252846,-13.689613985335193,0.25380443958555904,-9.836910889982041,2.6255914663734923,0.3167848473397799,-0.06651696727561332,-0.004521,0.04605098492160619,-0.09817379601535597,1.2023345106524428,0.050966
1963-08,0.6110302781007749,0.0,0.06275605402779384,-2.4595205252473096,4.814411794624927,0.8012381134363675,2.175757410051857,0.12123350284198385,-13.580979766575195,-13.655866190985794,0.17212246565753497,-9.962791486494837,2.505463185251083,0.32385528257172064,0.7503689809355876,0.050966,0.042389201631036495,1.2023345106524428,-0.29429381323736237,-0.013101999999999999
1963-09,0.5997742352158535,0.0,0.06335865728727069,-2.4970703259789246,4.8374018146513755,0.7594556894473858,2.214912408889588,-0.2340454629829093,-13.516146731837495,-13.820225628476516,0.03282023903056216,-9.889334093835338,2.495438188343413,0.35109581615551483,-0.19309129413983128,-0.013101999999999999,0.04452013399762704,-0.29429381323736237,0.756628986663147,0.031925
1963-10,0.5771767122822246,0.38037580203610283,0.09674415356995286,-2.4742601015046857,4.895211847891849,0.7387167864091576,2.260414543190491,0.6505872762561289,-13.580800679635091,-13.718655756065104,-0.21352249188351866,-9.978579766953263,2.4228873711613805,0.35021880967965036,0.4709558756913736,0.031925,0.04219373109242652,0.756628986663147,-0.16653587444503407,-0.007187
1963-11,0.5772139136244516,0.0,0.5978744675967377,-2.4518139885562684,4.88238184330671,0.6545306557651932,2.305691613129997,-0.31258063574079914,-13.483782544678483,-13.784890111527421,0.4192768131533924,-9.924045840593426,2.4397390083489667,0.20494118509073872,-0.10613265088713089,-0.007187,0.043155866710100965,-0.16653587444503407,0.7613892302133994,0.023165
1963-12,0.5659226461020226,0.3797407067746747,0.052609927273209754,-2.429759099528704,4.916382792321604,0.6864842166196999,2.305118359927427,-0.24336266050077693,-13.52073928182701,-13.686579757463397,-0.04937694985002558,-9.987527700736827,2.40150305303921,0.30543183929642626,0.3424443583616867,0.023165,0.030424648892797442,0.7613892302133994,0.7889510830167964,0.024391
1964-01,0.4979739439549303,0.0,0.0352726773672369,-2.4556194963331786,4.961676014777837,0.7290728183773019,2.3045581065556613,0.8781498521231926,-13.576862592792152,-13.735740511345366,-0.11532497501494693,-10.030809290999118,2.3343102643619162,0.4879668175276673,0.3609432290692526,0.024391,0.030915731691163326,0.7889510830167964,0.5051146559621124,0.014414999999999999
1964-02,0.5319223230757169,0.0,0.013799520508287297,-2.480975032542035,4.994794384868833,0.750580159634177,2.3105241433475006,0.565602838359899,-13.568249354299128,-13.79275361812975,-0.09070206753788687,-10.017635526630565,2.2922530949669193,0.5948740738988669,0.2135484543394954,0.014414999999999999,0.028538075127800766,0.5051146559621124,0.5082054455517995,0.014132
1964-03,0.5092633461045071,0.0,0.02208639969393829,-2.5057813646396614,4.9925927848250975,0.7403683173796156,2.3164677665681697,-0.8616108241639108,-13.579383049538553,-13.783818757261109,0.3054200726149681,-10.0228382382086,2.396709418123699,0.608304633841933,0.20958355272786247,0.014132,0.027807651656813225,0.5082054455517995,0.12514523016339574,0.003292
1964-04,0.5092412649423819,0.0,0.04907023889818472,-2.5267118726808113,4.978787335664666,0.8042832926255118,2.2703008684469648,-0.06098760375509874,-13.556274201002088,-13.794979269208078,0.38837772955601424,-10.000844106824552,2.4056683465254856,0.7111549179266689,0.04887465687003479,0.003292,0.02630543725639246,0.12514523016339574,0.6281289577841891,0.014215
1964-05,0.49789441591876843,0.0,0.04350614021376824,-2.5472523862953595,4.965153428980387,0.7835409847725803,2.2764620943556584,0.06105399723843802,-13.553614709855204,-13.771297146834566,0.4136013383440881,-9.99752839733416,2.3783784143289037,0.7260101897153863,0.2112712415825851,0.014215,0.02263070317621617,0.6281289577841891,0.6718136859907214,0.015084
1964-06,0.49786594018688474,0.380283426243327,0.07669610236968645,-2.5673762491432286,4.928409554084701,0.7521520378898525,2.276091704657611,-0.1833499924971895,-13.569178033535295,-13.768383703516882,0.5713151766310874,-10.01123414112643,2.3483899119075566,0.7035629883964926,0.2244282988467342,0.015084,0.022452653636782754,0.6718136859907214,0.7211997589092575,0.01591
1964-07,0.48651439496089777,0.37935684131759795,0.038359801917704744,-2.577907197587734,4.9502624961249495,0.7949663470671596,2.262712788428492,0.38453223608454135,-13.585573541817984,-13.778724398821005,0.06630944910759247,-10.033800711443499,2.3227964437373476,0.7321239588867956,0.23697182397425345,0.01591,0.022060462172175825,0.7211997589092575,-0.6410569899048547,-0.014421
1964-08,0.4638327957603837,-0.3783323235200833,0.08217593242155435,-2.588224610307674,4.971878412279608,0.7741753493297511,2.288459708618365,0.14872848171182756,-13.472866819631536,-13.795396963184421,0.16595231994330573,-9.940429054822818,2.331291451190507,0.7117078116258898,-0.21499812721670566,-0.014421,0.022495659866590575,-0.6410569899048547,1.575352998924753,0.027599
1964-09,0.4524600392139049,0.3798522183069288,0.03290793595138244,-2.5983532018838975,4.9467605346851675,0.7214811022246879,2.3075785302397707,-0.2539614905635331,-13.529667774505471,-13.680709679950235,0.4153123639846311,-9.999015553144972,2.2339301422219577,0.7023439742450253,0.411874310593505,0.027599,0.017519248078898837,1.575352998924753,0.3097433799954602,0.0058449999999999995
1964-10,0.44108243288065996,0.0,0.0361159873554012,-2.589273091559829,4.9451799768357505,0.679314129698538,2.333109599627496,0.061367065090298094,-13.509351718882233,-13.738498851507101,0.3575465991492419,-10.0039787311291,2.24069781446605,0.693167516241156,0.08732173880965809,0.0058449999999999995,0.01887045979831972,0.3097433799954602,-0.07865562681363221,-0.0013019999999999998
1964-11,0.42970057483877067,0.37921933654802603,0.04111839991199556,-2.5803308331822516,4.955248094481711,0.6158193210437795,2.378008047250307,-0.18428803752001363,-13.440235469100902,-13.717790318809291,0.1415064680179946,-9.964393170636695,2.2355715647847116,0.6611576665900526,-0.019471726785542643,-0.0013019999999999998,0.016553170481814067,-0.07865562681363221,0.12954331144042625,0.002128
1964-12,0.4183150652189448,0.0,0.06787047492659663,-2.571542040675864,4.965214314845637,0.4140724772588212,2.5070368336957607,0.5094176553447731,-13.406654374962608,-13.64743620020945,0.2499849351827929,-9.955994665865278,2.2397994807888546,0.7975007433476456,0.03185853693175131,0.002128,0.016426938421893085,0.12954331144042625,2.13035071253085,0.031991000000000006
1965-01,0.4182394385747237,0.0,0.03205530788485115,-2.5841417353351397,4.951858491188376,0.4353121363067032,2.4859721115311957,0.36045447750543347,-13.485243107119638,-13.618245685053969,0.33366581461030603,-10.032258089230407,2.169170004092893,0.6188364632771153,0.4793922017698932,0.031991000000000006,0.01501677625746176,2.13035071253085,0.046157483661541904,0.0007460000000000001
1965-02,0.41816576249006054,0.0,0.07604536498154066,-2.5965568454755106,4.973483372564503,0.3290760423269222,2.5622805024918995,-0.04400435925569037,-13.435266037333633,-13.69795650113583,0.11690623823076272,-9.993157606005775,2.168322834081295,0.5128139365856091,0.011190732373930333,0.0007460000000000001,0.016162059558319515,0.046157483661541904,-1.0124428366959557,-0.015813
1965-03,0.40678508783705614,0.37916628495790916,0.02798098886303731,-2.6087391415927277,4.948465350591122,0.30777514296083575,2.560318465415227,-0.3699601846823715,-13.337785580510122,-13.646815696302628,0.4513803370606659,-9.910504217116136,2.160151619834064,0.6626181076100385,-0.23742853579290504,-0.015813,0.015618659569566162,-1.0124428366959557,2.063942722049562,0.032512
1965-04,0.4180148704781313,0.37824995863163147,0.031503018723684585,-2.624228976011276,4.946935831839548,0.3077065602851476,2.558383940553188,-0.13226435755812863,-13.416332067050678,-13.54251975592872,0.30123844199721667,-9.984500910632736,2.0825786765753094,0.5102902371424053,0.48861378236265846,0.032512,0.015752375127791596,2.063942722049562,-0.33978189785378543,-0.006222
1965-05,0.41794695186216024,0.0,0.0646283846296285,-2.639418965808478,4.9570323859474215,0.36071901037335513,2.5306175246669134,-0.22948226183708906,-13.339829749008263,-13.62236875104418,0.1507780841352997,-9.918639620185111,2.092632150155475,0.5635818282398873,-0.09360278916378127,-0.006222,0.01831174656243001,-0.33978189785378543,-2.808844479197424,-0.050379999999999994
1965-06,0.44048820405733685,0.7550948180271063,0.35440960039467223,-2.6542987307808916,4.9554355039881814,0.4562348794430832,2.4707466544792736,-0.3886863740196062,-13.109803416432126,-13.544467677524493,0.39410367280196307,-9.711970097320552,2.214010960953565,0.6094807240349381,-0.7580746774654163,-0.050379999999999994,0.017936201300256808,-2.808844479197424,0.5020885636321362,0.011386
1965-07,0.4517424690085724,0.0,0.10114555696867479,-2.6684772065506968,4.965457010785375,0.42441085809681856,2.495288493635292,-0.026529177610869224,-13.123074540077482,-13.315215705041853,0.18466858841997807,-9.72519493948581,2.1802788369201207,0.5431687503240025,0.17150740941879256,0.011386,0.022677274139910802,0.5020885636321362,1.0806604126501804,0.02426
1965-08,0.44040195538298155,0.0,0.02084989845342855,-2.682420346440999,5.01012012801262,0.46689546962412015,2.4938440255304153,0.061966668041944374,-13.168915688918522,-13.32858944217005,-0.10922430152987454,-9.768755561976565,2.153141108392537,0.5427438989220703,0.3657928499202047,0.02426,0.022449235408286566,1.0806604126501804,1.3076783900168014,0.030266
1965-09,0.4403567542100297,0.0,0.05801648104571622,-2.6961179030884486,5.06581951128774,0.43507911513027064,2.544033101312185,0.16836973996344684,-13.247505791825398,-13.375038320123432,-0.28588491904719693,-9.843363197160514,2.0666997584922275,0.5883187936949439,0.45678126890835713,0.030266,0.023144834564109557,1.3076783900168014,1.0978175746797756,0.025712000000000002
1965-10,0.41771522475702283,0.37629860440313184,0.0365542372139467,-2.72411423214278,5.063030304405136,0.3182943503795547,2.6131709604919173,0.1685440575573318,-13.302757085810157,-13.45011516662165,0.22726460708655483,-9.886710051610615,2.0016965319514854,0.6087037291488995,0.38843226722091323,0.025712000000000002,0.02342101328401486,1.0978175746797756,-0.29868222791179017,-0.007320999999999999
1965-11,0.3950645444873367,0.0,0.027452503847237002,-2.751467935771407,5.152647713241148,0.3394697163553767,2.6495598101093965,0.04440016534716925,-13.225311642212398,-13.506229064207723,-0.5221072744039723,-9.809733803518622,2.031689754300585,0.7244014518992576,-0.1107075975950416,-0.007320999999999999,0.024510999704214442,-0.29868222791179017,0.2865555451597231,0.007049000000000001
1965-12,0.383700831464519,0.37568286838520465,0.05852540696770696,-2.7781958913173,5.252470292700431,0.12722769516543495,2.8333029318351426,-0.6308357772931077,-13.21461366093686,-13.427359983541301,-0.6569973655521194,-9.793787717141116,1.9844127759232237,0.7277589369290618,0.1067057953516943,0.007049000000000001,0.02459907029916647,0.2865555451597231,0.07720225458476675,0.001905
1966-01,0.3610441087477377,0.0,0.02949207066136124,-2.7879730204618838,5.3276752197943695,-0.021184878157923324,2.9636671584396774,1.1193454102962355,-13.189263543766343,-13.416393518060119,-0.8758073318132006,-9.777773287125546,1.955552375221396,0.7089521252801092,0.02886711370785494,0.001905,0.02467544516991201,0.07720225458476675,-0.7099559022235137,-0.01625
1966-02,0.3835368344266817,0.7499912150043823,0.06551073116354073,-2.7975670222268225,5.550365040241057,0.12703819019051926,2.9965700696422264,1.2166171475127097,-13.080725301052368,-13.390520144775971,-2.0957352265191123,-9.684972900273808,2.0206500140131767,0.7008191699916455,-0.2464611842376606,-0.01625,0.022888745553218955,-0.7099559022235137,-1.1488428889279179,-0.026841
1966-03,0.451193961141273,0.372938430193682,0.18102945390241232,-2.8069820051948255,5.345698531079837,0.010577734006535344,2.9525854172765076,-3.1226885229670542,-12.959873250485886,-13.280058853336698,2.4708077524847676,-9.579537673385468,2.2597972699544235,0.5880539413636398,-0.40739292340772376,-0.026841,0.023363507977185286,-1.1488428889279179,0.7755130320469411,0.018758
1966-04,0.5076164558837566,0.7439806798155031,0.06832946677427436,-2.8133608162042667,5.418938152851178,0.05285082517711921,2.9664277543477553,0.6689450096449231,-13.00097913393367,-13.161550583022331,-0.5261240599278841,-9.624507666229517,2.2391582272478607,0.5481918611345485,0.28499738461348195,0.018758,0.02418785916529201,0.7755130320469411,-2.320737817934865,-0.05324
1966-05,0.5640985144753865,0.0,0.37668602084302,-2.819656525793589,5.479340698769667,0.09507379248715278,2.9737495516004304,0.29074590088511315,-12.763213685326217,-13.203203164235651,-0.4929718961490194,-9.412478998679411,2.366162360038084,0.5595391962643926,-0.8089922337491676,-0.05324,0.022940980057530248,-2.320737817934865,-0.6597745956737294,-0.01818
1966-06,0.5754739159901568,0.37024512051933406,0.0975869929684774,-2.8258402959622138,5.515737101852,0.2851669879507975,2.8795328940908833,0.40564754046652624,-12.674126753275727,-12.961243887304917,-0.1338083886663967,-9.334989389340391,2.405627925386587,0.6014109823106107,-0.2764867501193996,-0.01818,0.027554865130015316,-0.6597745956737294,-0.6516036808787016,-0.015628999999999997
1966-07,0.5868645663037458,0.3693848555409504,0.1974785184552028,-2.8086812588249677,5.562655989014019,0.021107276008780807,3.0649444961498964,-0.538286960160711,-12.592294878913428,-12.86621939083409,-0.30966271625045916,-9.281622341665274,2.471802482722804,0.6553690133776171,-0.2379022711880187,-0.015628999999999997,0.023985438478376846,-0.6516036808787016,-3.1322697773055976,-0.07575000000000001
1966-08,0.5869725233980114,0.7369223617389563,0.6168792784982939,-2.791728965419714,5.744016845259592,0.03163774359555891,3.159351915087614,-0.46804480234187745,-12.263937283707968,-12.783089291626835,-1.7192147227557495,-8.999420603931636,2.6588620772193314,0.7555921438417359,-1.152297462118279,-0.07575000000000001,0.0241837406690942,-3.1322697773055976,-0.3217028961974217,-0.010244
1966-09,0.6774918732822058,0.0,0.312040486143824,-2.7749942999683466,5.515185933799843,-0.5995610171216479,3.4089886747062637,-2.2334095325612027,-12.211812637688766,-12.44925214185202,2.7551774132350046,-8.968961062158657,2.7098839569190543,0.5982748527378021,-0.1559773470881658,-0.010244,0.0318430456209306,-0.3217028961974217,1.424841122649502,0.043833
1966-10,0.7794678124063331,0.7333804492982621,0.4968428766462408,-2.795374065392609,5.358444565269098,-0.7131427556328113,3.3851871379629426,0.29044634236704553,-12.391339510174742,-12.430937867020237,1.8886220687442723,-9.122628105373892,2.601603991384446,0.5353204642060211,0.6678939560456011,0.043833,0.030763429903322995,1.424841122649502,0.22275738319914912,0.007223
1966-11,0.8816364543433579,0.0,0.15114510784305904,-2.815698223138806,5.497748102253258,-0.5440697401690127,3.355598626280897,1.1263829439802517,-12.409121023973682,-12.613072449589891,-1.2245986896571341,-9.12860025783298,2.6546272813435436,0.6192948521336931,0.11017103111820405,0.007223,0.032425412330968656,0.22275738319914912,-0.11331259270871062,-0.003674
1966-12,0.8934551440568314,0.0,0.12241464385648182,-2.8359795071497067,5.2063223101483045,-0.4281487350407952,3.121326153335848,-1.8605679869703384,-12.40975457567801,-12.630688930110956,3.385596984284187,-9.118916983893593,2.6767554499180384,0.6077849134953622,-0.0560940509079409,-0.003674,0.032423580752799865,-0.11331259270871062,2.313831007212188,0.074915
1967-01,0.8713184197772246,0.0,0.14328101276403193,-2.7951783335275286,5.12228704908851,-0.25027763428797417,2.964978375962455,2.583318622594674,-12.670738554138286,-12.609155087038106,1.2623151783807034,-9.399055674977928,2.4762014204647347,0.5549335706524493,1.1437533961375066,0.074915,0.03237704040031043,2.313831007212188,0.10053566428779313,0.003914
1967-02,0.8944657712347289,0.0,0.08059287179014465,-2.7543576714245295,5.3100083915506415,0.0938071555362666,2.860259812993249,0.17472294057785798,-12.658849315388471,-12.874331048690383,-1.8057930161304672,-9.429047339796275,2.5089732518129844,0.6263389681193313,0.05981680720128753,0.003914,0.03893145808233577,0.10053566428779313,0.9630842483968097,0.037237
1967-03,0.8156102339436839,0.3658084706272461,0.0979741095537342,-2.713522443788909,5.190926914239094,0.30224560098388553,2.6695600734450227,-0.7079376532259275,-12.781297488107747,-12.861963540440234,1.6162897317571532,-9.58362600505788,2.554984043478412,0.5284303253854423,0.5695501878785316,0.037237,0.03866432252628601,0.9630842483968097,1.0201987253904263,0.040171
1967-04,0.8160114130814634,0.3649756627972306,0.16372833756178287,-2.6821427395333464,5.4331794120433345,0.9700077597801356,2.4055702855647034,1.917920973274604,-12.923699154077854,-12.998938607205483,-2.361854848183337,-9.750709090562646,2.4680945011143938,0.5332995113045932,0.6149023753912333,0.040171,0.03937566181983486,1.0201987253904263,-1.2315360676630078,-0.050109999999999995
1967-05,0.8164128441876007,0.36414776303324287,0.17421992678770215,-2.6505833952655324,5.480501753764031,1.2735995325366023,2.2551435197309337,-1.869267770191959,-12.716007437969793,-13.143011713012212,-0.3167674510015447,-9.593840142123907,2.5988584586577845,0.40663889956025795,-0.7671906550307087,-0.050109999999999995,0.04068902350143096,-1.2315360676630078,0.4118057485929488,0.016619
1967-06,0.8054594944992651,0.36332472607926397,0.2096148884564954,-2.6188364090559357,5.749508817738522,1.59853360365253,2.2176340779661303,0.7741558110446809,-12.771787806460248,-12.931202588079394,-2.5176689275032174,-9.679873535921848,2.5775020737380365,0.3603692085510247,0.25469141447353244,0.016619,0.040356406040429324,0.4118057485929488,1.0757741068864541,0.043354000000000004
1967-07,0.771764891377869,0.3625065072416496,0.042781595500382796,-2.601318820503709,5.71231957251117,0.8782293011338335,2.635151200731896,-0.23507375333051309,-12.916160955492998,-12.978781415449925,0.5492092404330874,-9.837762592754494,2.4536813271631313,0.23747206017970293,0.6648909630114291,0.043354000000000004,0.040300282115431074,1.0757741068864541,-0.23652799498051227,-0.009924
1967-08,0.8061996834804261,0.361693062380096,0.05811408999173424,-2.583848541387556,5.797539330902872,0.9102414038837034,2.6702525924073908,0.6708061005530096,-12.853474028537468,-13.125053502221846,-0.6785845336867267,-9.804201712354162,2.4632791503374114,0.20753557601156233,-0.15233817546672349,-0.009924,0.0419569784998078,-0.23652799498051227,0.8522522622596048,0.030614999999999996
1967-09,0.8520702539788,0.3608843478994026,0.07027512452295001,-2.566394373030928,5.814267992747711,0.7851624503531702,2.7608821142187456,0.8540526805414761,-12.951783576977629,-13.060785895087768,-0.03234410644393073,-9.920102912236906,2.3971971436969097,0.1990450592741304,0.4703714187872939,0.030614999999999996,0.0359224625803039,0.8522522622596048,-0.8501092367453339,-0.031348
1967-10,0.7956365957723937,0.3600803207407481,0.08723739291852384,-2.575001147163673,6.1477255879846755,0.9743351268109408,2.844424219540285,1.0370899419845256,-12.832270393551887,-13.168566693529252,-3.200113012750697,-9.813143430210523,2.526792637884186,0.13210280932072563,-0.4819340753616505,-0.031348,0.03687526101941518,-0.8501092367453339,0.07919225171212547,0.002835
1967-11,0.7390999142506814,0.35928093837365876,0.18729976837728263,-2.5835827395428828,6.317079178408755,0.9855594945579648,2.9455715934620046,-0.6626683757365562,-12.825796923694591,-13.046355148199565,-1.5647840808193783,-9.810587087932884,2.5399059082332274,0.09862858975454224,0.04362752937266243,0.002835,0.03579895682604919,0.07919225171212547,0.6651924128242739,0.023778999999999998
1967-12,0.8418721854705293,0.3584861587878393,0.05316330068321296,-2.59213900078725,6.166910531770307,0.6188503270360031,3.0885385271825734,-0.5671061692457876,-12.909351977269283,-13.039077939726544,1.5316359487031348,-9.892313678228106,2.459218414701776,0.5112111088457012,0.36627666703574874,0.023778999999999998,0.03574755144761667,0.6651924128242739,-1.2608148990814538,-0.045875
1968-01,0.7625611501909892,0.7152740914190236,0.09488936292581165,-2.607392628140532,5.924269612861436,0.37762539382418386,3.1005613436421813,0.2881850525189977,-12.722530921868058,-13.11069131519176,2.6040186043229734,-9.716698738096571,2.603855895486963,0.45792603075237764,-0.706840150752598,-0.045875,0.03638519820270326,-1.2608148990814538,-0.9589615320791222,-0.0308
1968-02,0.7970779833238505,0.35580509839856383,0.1611476167395734,-2.622467174620077,5.968394830135315,0.4616319039637456,3.0817833883791876,0.6117160404374251,-12.586558457269412,-12.920432418609302,-0.2621947363902328,-9.586912899030517,2.652286799268347,0.37255953172463574,-0.4748644785253024,-0.0308,0.03211807665863572,-0.9589615320791222,0.1770205385146343,0.005896
1968-03,0.8430613049523082,0.35502945709478473,0.27422262102346573,-2.6373803904318347,6.139178348009112,0.4512215381348676,3.1916154256176115,0.13121087111558066,-12.601800424995819,-12.781939021184279,-1.6802065231101686,-9.597561603640818,2.6571532118630636,0.4522764672944868,0.09099246384944495,0.005896,0.033306869640511105,0.1770205385146343,2.5274246766101967,0.079792
1968-04,0.8663151371128963,0.35425820867769037,0.3160526231821014,-2.65251731392499,5.973872257931559,0.09439690437238808,3.311837323816176,-1.5633097718910705,-12.863576534512347,-12.7930124711618,1.796297635505955,-9.83962831783317,2.4502210467495624,0.2905817079675882,1.231161759201443,0.079792,0.03157047596251917,2.5274246766101967,0.3181671582835527,0.011874
1968-05,0.8667835968237441,0.3534913141641208,0.07602349834636235,-2.6674431575155717,5.951508502251043,-0.19904943833302158,3.472250302770155,-0.09616208234082688,-12.875762333837718,-13.058787900213616,0.340596171416534,-9.85065358277881,2.4878417055048136,0.3803097224863102,0.18339161761762054,0.011874,0.037320005194935335,0.3181671582835527,0.16243966025095458,0.0056159999999999995
1968-06,0.9015160630825602,0.7053474342023651,0.09828389058215793,-2.6821741562383354,5.791724278838892,-0.18836049687129025,3.375997948381031,-0.9441559254768802,-12.88028663103546,-13.070863112964178,1.8188665386939942,-9.854933988532995,2.4927659191597376,0.4322018389287509,0.08682319444675168,0.0056159999999999995,0.034572837639058024,0.16243966025095458,-0.6489535958214087,-0.022244
1968-07,0.8448944734768601,0.7016955166187725,0.14893882278587828,-2.686475078150625,5.593473293251684,-0.14635502073191625,3.239224970220677,0.4549649342118349,-12.784782983870999,-13.075129090546811,2.2779822901702937,-9.77344711676576,2.5362660628569205,0.49678183494727013,-0.34415335031649574,-0.022244,0.03427671892601936,-0.6489535958214087,0.3752700311491166,0.012215
1968-08,0.9139331025629802,0.3490960452068763,0.06230799250736573,-2.6907171513099506,5.611583864082032,0.11494761864878938,3.0985161917926494,1.8247321093296562,-12.79927369288576,-12.977760680727222,-0.023668869353763944,-9.794584522880845,2.5010521263893057,0.6458319267741724,0.18917182185577813,0.012215,0.032549894705410864,0.3752700311491166,1.0746975796205127,0.035051
1968-09,0.9373478001281451,0.3483566311190324,0.05284244219355567,-2.69492958847986,5.713532026429437,0.12535109975586395,3.1522401285290953,0.4281663263475806,-12.908286516437537,-12.992203352295064,-0.8047331326116016,-9.905201870603097,2.396022692205858,0.6554562995092867,0.5432698072165552,0.035051,0.032614756620534015,1.0746975796205127,0.12693726471540667,0.004186999999999999
1968-10,0.8577828139172393,0.6951399829485151,0.05289691104743302,-2.7016171956071338,5.823070707934233,0.08352978323380769,3.2411116471702393,-0.2448846300994884,-12.904877265451258,-13.102632631528413,-1.0408745148703127,-9.90917877789365,2.3554168478023008,0.6963615663451762,0.06495909824419685,0.004186999999999999,0.03298479772182938,0.12693726471540667,1.5556584559959838,0.04938
1968-11,0.9384087399140413,0.34585634895363215,0.051845599150413146,-2.708223001812528,6.04384580875083,0.219227454612784,3.2926772801665223,0.37640002267279854,-13.043300907601719,-13.098784572342302,-2.1122283705381397,-10.047489168186399,2.2781526186220797,0.7609026787948607,0.7665499865934107,0.04938,0.03174218595969724,1.5556584559959838,-1.2972302035799614,-0.045126
1968-12,0.8931335867375527,0.34513408991501626,0.06587173791191522,-2.714761149079084,6.349314123825453,0.02086684123688709,3.586987192615446,1.1377524920211444,-12.858925635317991,-13.239007796925883,-2.827807146930199,-9.882148809114607,2.379147968534151,1.148848099917232,-0.7007228116212401,-0.045126,0.034786424086847456,-1.2972302035799614,-0.35191692995362034,-0.012847
1969-01,0.8363022253913706,0.34441576557335907,0.11972680356803192,-2.715959923928835,6.508322563646238,0.0312832705163574,3.679749556319636,2.9968834559446678,-12.804917129865357,-13.055206583280416,-1.6013587058986416,-9.842310452044673,2.374573460259787,1.3139905619008256,-0.1996625341883873,-0.012847,0.03650577425102318,-0.35191692995362034,-1.3711334280618384,-0.046921
1969-02,0.733479895989587,0.6873056758551207,0.11757110091283851,-2.717151969268317,6.4768637604979915,0.0625372058934617,3.652731463789568,-1.750846901054859,-12.607599910382588,-12.999876789857776,0.326800095121053,-9.66607493862172,2.483244067818946,1.4874565300511164,-0.7294117393287934,-0.046921,0.0342205937363259,-1.3711334280618384,0.8469324279489725,0.030247000000000003
1969-03,0.7567146377116366,1.0254916123214786,0.10696254184747674,-2.718337356917336,6.456119061409524,0.18757174648421535,3.579401627282226,-1.8158041357021675,-12.708836214414443,-12.799035290655324,0.07788396006521658,-9.770717535745012,2.6297339717910804,1.4234072044282353,0.4706070135579005,0.030247000000000003,0.035713592964257565,0.8469324279489725,0.47571117802036966,0.017471
1969-04,0.7455482901013211,0.6783871146642847,0.1087416615998477,-2.7096732762789904,6.144034055176413,-0.18737790254455192,3.6185574654490087,-0.79571513838656,-12.762841170628992,-12.90150956120794,3.2975865587735402,-9.839566571475656,2.5908770014747513,1.5966441153778663,0.2720846999962759,0.017471,0.03672606574582509,0.47571117802036966,-0.03256890289982597,-0.0009459999999999998
1969-05,0.8377298935321177,0.33757258962094916,0.08437361432879598,-2.7010574290852403,6.533481792267459,0.322718566090477,3.5637618893565683,2.2661208969915707,-12.731882680484523,-12.955952081175448,-3.7316409445544063,-9.828315661607633,2.627667659084848,1.58728962801073,-0.01474642708098141,-0.0009459999999999998,0.029046111958688503,-0.03256890289982597,-2.0612982774275075,-0.059457
1969-06,0.8266604170550219,0.6736963105611137,0.14873863501426604,-2.6925038327049586,6.370226302020527,-0.21837651184225992,3.7821751664949237,-1.540069764040929,-12.505202571428654,-12.9240790470638,1.628002080413015,-9.63063196495387,2.823713857922999,1.6295348159315564,-0.9267262810628415,-0.059457,0.028844442675323104,-2.0612982774275075,-1.9069586992941931,-0.063932
1969-07,0.8730555928985243,0.6704199878144504,0.4561170167008715,-2.6959409391768623,6.3117250946230605,-0.8191200883936247,4.0862808917649325,-0.6370007345799986,-12.268384614196647,-12.69732355049861,0.601464836348266,-9.411510143638164,3.026189792539177,1.846735963026192,-0.9962274677228858,-0.063932,0.033525634311672624,-1.9069586992941931,1.079538687092431,0.040728
1969-08,1.0230736505824003,0.6671806048622679,0.18173006128286698,-2.6993646595975904,6.362792351555231,-0.7033147136245644,4.050734468201699,0.4221451634558287,-12.39796705901579,-12.456464747441768,-0.5255838316626259,-9.538362655044343,2.9518596135701625,1.694221847701946,0.6350985288346583,0.040728,0.037727225978065236,1.079538687092431,-0.765794502921151,-0.030141
1969-09,1.04677555081224,0.3320298380686266,0.17653357242108864,-2.7027623484631684,6.778631706917346,-0.33052944410966706,4.08968378478801,2.4611665768288296,-12.29427586334761,-12.587775842101609,-3.9814098600177297,-9.444661207318568,3.040259408319022,1.7481853348626382,-0.47029813927760084,-0.030141,0.03935912295664967,-0.765794502921151,1.0482128584874046,0.0409
1969-10,1.0244483779733202,0.662672334573491,0.14930025047868842,-2.6715982168204215,6.491569551159589,-0.48461295252542563,4.014784707570879,-2.0344366082515206,-12.44136961382804,-12.486001620964629,2.7222930910825385,-9.615949543875685,2.8903164688149636,1.7574476476844116,0.6386222565478431,0.0409,0.03901879247982098,1.0482128584874046,-0.8430335701000804,-0.034352
1969-11,1.0366536734310186,0.6595207784140396,0.10089271294041403,-2.6403119121311196,6.665244940283853,-0.49405033969022893,4.126554293072895,-1.9434523753756106,-12.303048485562243,-12.634994367861266,-1.8073557246931131,-9.516922302539568,3.048384526826556,1.7318891055999914,-0.5366669701463321,-0.034352,0.04074808076257499,-0.8430335701000804,-0.5913224969690845,-0.023322
1969-12,1.0719510646103996,0.6564040292165149,0.23067950963315076,-2.608909556349438,6.715626028181985,-0.9745355576081369,4.422521067927715,-0.5629158002743976,-12.227763193760543,-12.494134468819178,-0.506025550089008,-9.476672741274918,3.0965009489119515,1.2402224212359725,-0.3646132474727828,-0.023322,0.03944040708672601,-0.5913224969690845,-2.1516283503312232,-0.08139800000000001
1970-01,1.0957772739563592,0.3266986346868032,0.2116508198042947,-2.5673524298196164,6.7154091459653165,-0.9611317951294382,4.416340653861484,1.3806741604363837,-11.935684142781549,-12.417339603983624,-0.15640545350077772,-9.237449339091839,3.3334084552027554,1.24855066132839,-1.2714265378678402,-0.08139800000000001,0.03783088282298825,-2.1516283503312232,1.2014726419236117,0.053321
1970-02,0.9810451663659336,0.652067674753256,0.2100811415188131,-2.5255025392715362,6.267959979714164,-0.6325989746526692,3.978878341748335,-1.5827421405858317,-12.116349664119221,-12.120437734878566,4.304630551763992,-9.446056103635206,3.192333638040138,1.2997211914406956,0.8332570308740576,0.053321,0.04437970382299399,1.2014726419236117,-0.06434256704143712,-0.0028939999999999994
1970-03,0.912310960821647,0.6490337110250469,0.19127990942808076,-2.4833744543179135,6.321275207440502,-0.02039627206906772,3.684116711377096,0.1958960200527927,-12.116064712785185,-12.30370683248915,-0.49892296091588567,-9.48388246874227,3.291097299998898,1.3003429130148376,-0.04526658861369803,-0.0028939999999999994,0.044978000304778644,-0.06434256704143712,-2.1262289356587583,-0.093831
1970-04,1.005341559645255,0.9687944756296055,0.3206936834567984,-2.4512483882270466,6.628036534406682,0.4896867729287687,3.6032490754352864,1.387255013438191,-11.770119258677768,-12.303154339498418,-3.0042618767232376,-9.184795881857937,3.5147684506283388,1.2967611288843628,-1.4655588012254204,-0.093831,0.04413024318612654,-2.1262289356587583,-1.1640714966627375,-0.059989
1970-05,1.0059859430925158,0.32064743773579124,1.6188780936049567,-2.4189561362035894,6.970385199604996,0.6022015324393568,3.768479185386444,2.582493901819336,-11.541445631534659,-11.951612080985477,-3.367537239774984,-8.995431993087529,3.695407139294021,1.4049367489589557,-0.9368759182564972,-0.059989,0.051533776208748126,-1.1640714966627375,-1.0085913995142781,-0.054832
1970-06,0.8908391185276192,0.6400283233846721,0.5269007389081823,-2.3865031339490916,6.59460728316148,0.4185911989846847,3.6649913633249076,-4.0453897117455115,-11.355528804457503,-11.719277242419901,3.4641995394790177,-8.845808417920217,3.7883231919425158,1.5378453794527691,-0.8563797487822213,-0.054832,0.05436492917390157,-1.0085913995142781,1.3032845385763183,0.07032300000000001
1970-07,1.1114432006893715,0.6371229766806564,0.4227081122016083,-2.340717900897698,6.343450420250368,0.42892203960603525,3.5260195063550794,1.971773621736024,-11.611245160854791,-11.530398508817076,2.266479380603232,-9.12542924397707,3.5295872482913944,1.567295115838587,1.0983590609444271,0.07032300000000001,0.05395828609830623,1.3032845385763183,0.8143642959667471,0.044478000000000004
1970-08,1.517880255344057,0.0,0.3753043056510833,-2.29451472904968,6.360322944216485,0.5414879196645526,3.4919653412039686,0.9901480310198293,-11.767130735791644,-11.790042189878111,-0.13510930258633014,-9.311637303544394,3.3915257536334176,1.4103064965410428,0.6951255362928062,0.044478000000000004,0.054616834530054316,0.8143642959667471,0.5341227001758704,0.029301999999999995
1970-09,1.5075077258841028,0.6346785496067368,0.2104993989840463,-2.247921668359645,6.190494491770895,0.6951421882215182,3.3244370684532636,-0.7407938693170347,-11.88206539970478,-11.948264029143063,1.6196082844540107,-9.459850998342143,3.4114450079643586,1.3827570215253058,0.4583255873577955,0.029301999999999995,0.054860053673719045,0.5341227001758704,-0.24865856313805315,-0.013632
1970-10,1.5087210911994526,0.6318314727676011,0.2076921251622011,-2.2090211767188435,6.264003071730718,1.0435376094913045,3.2025166623289723,0.10830634502092971,-11.860553911450719,-12.08778725701458,-0.774374219509659,-9.472663307074395,3.436834215586287,1.3481537152449854,-0.21340100371334614,-0.013632,0.054822161875163845,-0.24865856313805315,0.9274756897461609,0.049787
1970-11,1.544773198832839,0.629014184600967,0.1763289996922114,-2.1693162774098527,5.730945064559701,1.116054071604945,2.857118087321219,-1.7211679598189202,-12.047224550996882,-12.06565697713691,5.47525186231826,-9.683773574051244,3.272928370379823,1.2858863941352932,0.7797955696170441,0.049787,0.053680113182940796,0.9274756897461609,0.9964361811729945,0.054484
1970-12,1.720291925727293,0.6262262105020008,0.1066227406845128,-2.1287872048855796,5.8007182488995985,1.6496088325052554,2.6330629936046797,3.7465487419236716,-12.263500463614385,-12.254872704236252,-0.58168004492929,-9.924373699196728,3.100626633484942,1.1495689518481893,0.8537299339137223,0.054484,0.05467886557055966,0.9964361811729945,0.6908067723275588,0.039028
1971-01,1.6053204852811056,0.0,0.10782804576358977,-2.1687281074300375,5.458517162860285,1.7224148905100454,2.3997813466973876,0.2138117113188923,-12.413488673930981,-12.466224239730087,3.4715554753997004,-10.039556160658725,2.99751462533997,1.1188711803418725,0.6119751159010275,0.039028,0.05649626141982023,0.6908067723275588,0.1904419629811415,0.010017000000000002
1971-02,1.5251086796262858,0.3119729965641967,0.09001096873291323,-2.2085728454093996,5.586758106678265,2.6532442706749206,2.000448476775893,-1.6663779052875418,-12.451615737335448,-12.617936300091406,-1.1176267523021686,-10.049454400257487,2.964724108082046,0.9445140946962839,0.1572158806610142,0.010017000000000002,0.05259870168945872,0.1904419629811415,0.7159312446661354,0.036067999999999996
1971-03,1.4564196656634376,0.31141386434242674,0.09827792972677533,-2.248319301862301,5.251568541038278,2.61042212285099,1.8283729528235508,-2.1918030820348813,-12.585670379931896,-12.656013254552194,3.571174366594231,-10.151521889364806,3.0476940875135057,0.9672966863090056,0.5665040827299116,0.036067999999999996,0.05037913943373124,0.7159312446661354,0.6642101897901003,0.034165
1971-04,1.399272412187396,0.31085738851691747,0.061368583479235586,-2.2813898917085065,5.461442184048895,2.384634254619377,2.0884418226881496,0.3846962336036689,-12.707695193283708,-12.7836228651331,-1.9154233023129077,-10.248708256297675,2.9291038895032107,0.9740066534693486,0.5370249452009955,0.034165,0.05143703081519514,0.6642101897901003,-0.8934590449235266,-0.04005
1971-05,1.2719759291679538,0.620549225896603,0.1076490130866254,-2.314308422258936,5.484466681350146,2.149568416118962,2.2398679237712544,-1.2678451149922008,-12.549743003670025,-12.906807139646704,-0.04064542094992384,-10.079710569865929,3.0411349756779824,1.0911216777122363,-0.6297791982011494,-0.04005,0.04482578158177131,-0.8934590449235266,-0.029372261773224963,-0.001261
1971-06,1.296311487138506,0.9265690301871793,0.1846338480852583,-2.3470295753909363,5.609340906115195,1.7002818267299988,2.5682059332269067,2.1687276964561546,-12.547921448810103,-12.745799486996924,-1.076561903935206,-10.059205464221021,3.100595311837431,1.0023378439933006,-0.01984684795328487,-0.001261,0.042931661502128404,-0.029372261773224963,-1.1232352492963316,-0.044827000000000006
1971-07,1.3089990123480726,0.3067925110048915,0.1035747726542447,-2.382283279807553,5.60231712494729,1.0558161432883348,2.915234574755354,-0.448732805082307,-12.39347114354151,-12.743331774318788,0.2033109002995903,-9.890936556144235,3.2213650348987484,0.9487614005483839,-0.7057346026948838,-0.044827000000000006,0.039908825892067214,-1.1232352492963316,1.0168884977489276,0.037335999999999994
1971-08,1.3685076654582211,0.30625640325677295,0.4899504129972266,-2.4173290531465526,5.297720898125397,1.1900324517114012,2.664583630470034,0.6775493312114306,-12.517641034322798,-12.586020969439593,3.1684990505878807,-9.98857014640955,3.0817243897977247,0.9859323970857266,0.5882210271892616,0.037335999999999994,0.03671592321345968,1.0168884977489276,-0.24240762828125229,-0.008738
1971-09,1.3461602686431935,0.0,0.1048319054399166,-2.4521539560311205,5.178899196056945,1.3244612467089831,2.528315341046844,-2.4856229399575778,-12.488823058736518,-12.711469182476781,1.371790974478032,-9.941070272574818,3.1220923914548084,1.0293155329760708,-0.1377826770569973,-0.008738,0.03604672040213923,-0.24240762828125229,-1.2475921441456732,-0.043829
1971-10,1.2768922293083134,0.3059257564952459,0.13241519334019933,-2.5336481928175916,5.079597968792752,1.459060038161489,2.403584390726493,0.9343101029635213,-12.337430242452708,-12.685533148629036,1.1230866380692563,-9.739408767936009,3.304026780771643,1.0785596813218632,-0.6913192961485239,-0.043829,0.0351308720607673,-1.2475921441456732,-0.021598710693858436,-0.0008020000000000002
1971-11,1.3130419856802562,0.0,0.37350628956211535,-2.6139095412435784,5.134875660588935,1.7888919111314814,2.2740771460644713,0.6178325242767254,-12.330976734659952,-12.531307658160614,-0.316296828149072,-9.676825039894615,3.3370650199828713,1.087234309480517,-0.01266133940740251,-0.0008020000000000002,0.037131846033200855,-0.021598710693858436,2.4586456102398397,0.08418
1971-12,1.325783736253502,0.611139073934826,0.2368636418629969,-2.6929797672749376,5.129700158133496,2.0157606363390093,2.1611474996278504,1.4538481065033968,-12.626793383797532,-12.524240139344046,0.2963727051114942,-9.906077862239593,3.118979693473672,1.2570766638745745,1.3284151601600171,0.08418,0.03423836263730107,2.4586456102398397,0.415841415932885,0.016188
1972-01,1.221083903103189,0.0,0.09899572644695569,-2.7212123573608746,5.1919074240636345,2.753504104320812,1.8225695217021767,0.24387393978336688,-12.680216598098022,-12.815950012735259,-0.42459902159856105,-9.945483852559525,3.08012080733001,1.2231144346987124,0.2556847883298598,0.016188,0.038928301462432195,0.415841415932885,0.7381597107014092,0.027721000000000003
1972-02,1.1279269534385232,0.6089443721908825,0.05698527402650996,-2.749213276831917,5.143437360182551,2.8934555903768584,1.7265575961263904,0.15459165765801464,-12.75716714126976,-12.869525482918316,0.5935330141037755,-10.008614837355251,2.9963903549602,1.2225092028214783,0.43820232285147576,0.027721000000000003,0.03755420351194613,0.7381597107014092,0.12053288729395865,0.004615
1972-03,1.1757570798628239,0.3032112196503714,0.10927242360173549,-2.776997053004332,5.221527630696689,2.4616412644062073,2.013156794623785,0.8627181840855389,-12.765008036177925,-12.946917949231848,-0.5533007896258126,-10.006349770711715,3.136335767280612,1.175198092484243,0.07301780935612945,0.004615,0.03828830540452268,0.12053288729395865,0.06986802839819733,0.002576
1972-04,1.1059521550075524,0.3026916489572002,0.07688500935661802,-2.8169166128513887,5.222568585940138,2.50159344871751,2.003025271175343,0.0651695240407251,-12.767134817818297,-12.954159124100112,0.18234874390705233,-9.989394457919298,3.094584242402249,1.204734555154878,0.040793585213368413,0.002576,0.03686951040494029,0.06986802839819733,0.5352385190046433,0.019019
1972-05,1.0949111243902834,0.3021744466027502,0.1542892489759576,-2.8564003885786518,5.0569927705026325,2.3372682265338685,1.9929140980975204,-0.8717663939637478,-12.81380321554672,-12.955595765449477,1.82067425962927,-10.016250270653071,3.075987479204344,1.1377298728998537,0.30144791202989885,0.019019,0.03553369072795564,0.5352385190046433,-0.6772044375468331,-0.023056
1972-06,1.1427901129209652,0.30165959550340105,0.07332621854226508,-2.895434033601821,5.127547897144004,2.2144276590326917,2.1121382974373915,-0.024463912758350127,-12.72168796031409,-13.00219208971182,-0.43855610891646807,-9.909810494655996,3.183490989003016,1.2702713513895625,-0.3656835279894171,-0.023056,0.034045848966259215,-0.6772044375468331,0.004180070875728964,0.00014500000000000016
1972-07,1.2025575730736542,0.6022452737843563,0.1195625145818467,-2.931724912662762,4.9975580323381195,1.9998709225326279,2.150252645002267,-1.5148165180017958,-12.713123755040764,-12.904166697108057,1.456517361215639,-9.88565960520267,3.2008430921336664,1.2388677656592242,0.0023018300199376556,0.00014500000000000016,0.03468840704159437,0.004180070875728964,1.134868368412515,0.036525
1972-08,1.1798084610668953,0.29989504635161146,0.11951264659055291,-2.967520678697952,5.002551913575957,1.980134348660482,2.1721028528846404,0.3504834226535843,-12.814993580844824,-12.894859407365649,0.1957260268396524,-9.969394335697327,3.073830621767836,1.1850324986022347,0.5802341182210349,0.036525,0.032184349318936586,1.134868368412515,-0.2079627852639229,-0.006677000000000001
1972-09,1.0270611888977665,0.29939012572344464,0.09358064818951797,-3.0028662114298816,5.081638325914946,1.4374727197051314,2.5166803760576575,0.9293674847850886,-12.778869833261332,-12.997548389823947,-0.5604103787701737,-9.920851971304353,3.1100754635178833,1.2240841791237465,-0.10616026593231107,-0.006677000000000001,0.03210670597398619,-0.2079627852639229,0.21449878728183397,0.006878
1972-10,1.0040463318027109,0.5977281101323613,0.1725337753131077,-3.0352821635637617,4.944925859751905,1.2022620176077394,2.558425231701824,-1.083999917898072,-12.770164194703343,-12.937320057407875,1.5785904028902569,-9.901076162205294,3.105259742783081,1.2059095709362804,0.10945362019434264,0.006878,0.03206544935362673,0.21449878728183397,1.5779251164727042,0.046597
1972-11,1.028298256321983,0.2976583525895074,0.09823091832310035,-3.0668624632412236,4.818913486900794,1.0180501648627787,2.578445476977749,0.18762211500115528,-12.884741164177562,-12.928531039935184,1.5235240736454927,-10.002481992469567,2.916315212795383,1.154708946034184,0.7419339566123925,0.046597,0.029530552187522683,1.5779251164727042,0.307035314016595,0.009963
1972-12,1.005254494558288,0.2971630719508365,0.1040467580673223,-3.097643751311346,4.990842267215327,0.9467336391946128,2.7322888342847835,1.831844066631417,-12.882186350845759,-13.044780545093571,-1.5410578008390707,-9.991996647984308,2.9133719707928956,1.2770748899367215,0.15877532985669796,0.009963,0.032449036137457164,0.307035314016595,-0.9749546183455038,-0.021152
1973-01,0.887426441881495,0.29666998889272167,0.1037725848812115,-3.172595898263892,5.679317136888251,1.4829589612521274,2.9114731711765183,2.1670346738265462,-12.797074909169206,-13.060728038248756,-2.1516958847713905,-9.86617290008987,2.9769455526258017,1.332065219349912,-0.33732415962122264,-0.021152,0.02169536879151863,-0.9749546183455038,-1.7197559681679115,-0.037918
1973-02,0.8878636834554127,0.8882959867183067,0.2546300781954275,-3.2456521594972965,5.676003310088656,1.319219557189687,3.0087642743800855,0.07311080454494175,-12.640866296063326,-12.973796908715965,0.09392608198252109,-9.671036400211248,3.1164381961558454,1.3575302041946582,-0.6049533652407844,-0.037918,0.022048477052470858,-1.7197559681679115,-0.24455512442721694,-0.005693
1973-03,0.8764472933924242,1.17624797584156,0.3137632241777013,-3.3168368039619827,5.6323758283345775,0.7940718682545541,3.2641742484809804,-0.30079997599283576,-12.615597391514902,-12.814820765499048,0.5505556407657823,-9.603707926768745,3.3141506706034436,1.373802644233289,-0.09090422824065593,-0.005693,0.02327900514591064,-0.24455512442721694,-1.942753840715577,-0.045264
1973-04,0.9836053266490005,0.8744169053731955,0.3058389647559219,-3.3829890330407903,5.613794198408126,0.6293577054845865,3.346356525815536,0.12205303856545834,-12.43994604568292,-12.777619731216943,0.309115968010102,-9.392101375501147,3.4230698144471905,1.4170560795448781,-0.7229453105888148,-0.045264,0.023298885865708982,-1.942753840715577,-0.7134176460029668,-0.01905
1973-05,0.9129697839644323,0.8687825536704465,0.620521096610584,-3.447088429577512,5.714582092676489,0.6916190033224139,3.3902738456601327,0.5373940525420671,-12.346061341262878,-12.599349152519828,-0.7057329436323049,-9.259826490175545,3.501542172701343,1.4843563495398322,-0.30448147048371227,-0.01905,0.026702451371550154,-0.7134176460029668,-0.3848819392223393,-0.010278
1973-06,0.9015658913306303,0.8632295053276662,0.4366539462931595,-3.509153792514671,5.740501644154364,-0.09284144907029031,3.8159308794633793,-0.2852043536647757,-12.297166808172527,-12.504026433508066,-0.14125862212794213,-9.171903170989067,3.5420238341160086,1.4633394181090655,-0.1644089527921386,-0.010278,0.026704292804091766,-0.3848819392223393,1.2572598442739122,0.032728
1973-07,0.9376537772584808,0.2859873890792616,0.3769991230769172,-3.575107054690813,6.10107737211329,-0.4223317319033434,4.22491346424937,-0.3506525543618117,-12.401672013780056,-12.45436267140815,-2.891154283850216,-9.231341695122234,3.4119245640776037,1.4020220330428583,0.5239088051015921,0.032728,0.026031213952356004,1.2572598442739122,-1.391849780328397,-0.038544
1973-08,1.0094621031679754,2.2779418909885183,0.2212646359804126,-3.6389007869775223,5.810379102257376,-1.424879427870281,4.537728949068738,-0.28563721568955736,-12.244949602221281,-12.560260898786757,2.5994263266952307,-9.035809166373447,3.563554200366923,1.4045459781464202,-0.6172577071273958,-0.038544,0.027692643663675992,-1.391849780328397,1.2685998327126076,0.035419
1973-09,1.188426871465919,0.2798844046915363,0.18877172491118757,-3.700557413267108,5.583695697481627,-1.2861568209188219,4.310253734370445,0.3103732173712803,-12.357295014964318,-12.401229840162518,2.1089938971350133,-9.105362512522527,3.3421309695508605,1.2918822882466692,0.5676100179258856,0.035419,0.02791975774130811,1.2685998327126076,-0.20855717459059542,-0.006188000000000001
1973-10,0.9631563292671774,1.117277365742211,0.27174598086913493,-3.7359049829579654,5.448857402439108,-0.33645862539836857,3.7385555180466628,-2.286201592231814,-12.305718687348524,-12.493718153571562,1.4251819927651004,-9.035159124652562,3.311575191697985,1.304197939793,-0.09924874559256697,-0.006188000000000001,0.029670520863869815,-0.20855717459059542,-3.804050912369596,-0.11282
1973-11,0.8922482893998628,0.8309989946263436,0.8833960496786849,-3.76980283048213,5.602700973806826,-0.7222976597119989,4.032874830451553,2.1173765038619483,-11.839191751350528,-12.442030947214173,-1.2120919029667852,-8.553899096770778,3.854177749296968,1.4586235382820267,-1.805239581054341,-0.11282,0.02965785753107149,-3.804050912369596,0.27586426618436416,0.011571000000000001
1973-12,0.952246230405596,0.8259599386414088,1.083593559730082,-3.8022941717789527,5.682245567611569,-0.19313537165162065,3.8201966831621066,-0.05683678021928852,-11.857203170497103,-11.969432970127427,-0.5433552151630653,-8.54660085347279,3.726601197347577,0.4901054335983956,0.18530872179295788,0.011571000000000001,0.041944540915157646,0.27586426618436416,-0.34350570695169014,-0.01442
1974-01,0.7739872729873585,1.0943724056681436,0.6897959360242137,-3.8077849869611,5.758576529095835,-0.37564577055087045,3.9642983487860155,0.24378979953437085,-11.799938770119331,-12.005591644288932,-0.5502121934047822,-8.486447016129242,3.708246382068737,0.43833821384994054,-0.23111167862095386,-0.01442,0.04197892409987819,-0.34350570695169014,-0.091230213215762,-0.0038079999999999998
1974-02,0.8100410537999155,1.6265451344923352,0.38012875795619977,-3.8130890337319787,5.786422912515936,0.36556474783447857,3.6194360518846462,0.26839019435447065,-11.765953175756483,-11.947613081118108,-0.15922073588770155,-8.448634499403813,3.688913634792455,0.41186919322373783,-0.06108271979511202,-0.0038079999999999998,0.04174055793330192,-0.091230213215762,-0.6804357972383268,-0.027418
1974-03,0.726886081975087,1.6050276455719283,0.3429655819095989,-3.818220778047748,6.01450362699693,-0.13192338645419094,4.025104864905759,-0.1220981436755649,-11.662826302169208,-11.913248439328814,-1.9314721010059483,-8.341903759143996,4.02596320635526,0.39251037812317463,-0.44006521130696025,-0.027418,0.040294764195653685,-0.6804357972383268,-1.10034034098347,-0.045149
1974-04,0.7390481454813376,0.5286310859672013,0.35032223033439147,-3.8534673692815944,6.2169245440922385,-0.1723891413484169,4.186925181766895,-0.7165668993696155,-11.50370760814683,-11.808765380368186,-1.6700861282727053,-8.153841714079459,4.074351251313269,0.36467077405397186,-0.7248367813841051,-0.045149,0.04103185016341981,-1.10034034098347,-0.8384914181246736,-0.034395999999999996
1974-05,0.8109012084262553,1.5785416093276958,0.42539227456480866,-3.88759535724011,6.123459003408416,-0.13174293821110328,4.1132102501040295,-0.14669228598727857,-11.365710185667503,-11.647503157644971,0.8123428254164345,-7.985208559514189,4.249479532915621,0.3493350855087639,-0.5524698946307566,-0.034395999999999996,0.04102129044675055,-0.8384914181246736,-0.44964780290434103,-0.018816
1974-06,0.954516495029849,1.0396674673379533,0.46647613059652726,-3.9206415035080946,6.09163639854523,0.2229508688063178,3.929043570125549,-2.674502107250229,-11.29644563637025,-11.507669448002265,0.29744999026498986,-7.883385686912789,4.2477223216271955,0.3034208633492468,-0.3024388909014983,-0.018816,0.04184608459880088,-0.44964780290434103,-1.9884209162816076,-0.083698
1974-07,0.9072438051408762,1.0314859679307338,0.9975455359857298,-3.938967222377486,6.125427101384006,0.6895006472310905,3.739550126669285,-1.473388299138095,-10.984725150303962,-11.427450661639199,-0.1918342645891481,-7.552863719549264,4.497357278540077,0.2585669771483818,-1.3440255935227603,-0.083698,0.04209269743375923,-1.9884209162816076,-1.8522313026723383,-0.088177
1974-08,0.9196497420578033,1.5341093044412417,0.9722444121420674,-3.9566066234174406,6.306710109879877,-0.41520064144091023,4.406646316384779,-0.2916623967436074,-10.625107683844925,-11.1115614516176,-1.532215651693023,-7.172879074041631,5.010624501317816,0.24792951446033015,-1.4143448630367779,-0.088177,0.0476058254024652,-1.8522313026723383,-2.377886260241957,-0.125611
1974-09,1.1234197748446426,1.5151689930609065,1.5851263650637044,-3.9735714405871674,6.124249525109521,0.313977817155931,3.944421630448038,-0.5917325409610682,-10.149425956573008,-10.74701701206183,1.6296558294470795,-6.6773155344773105,5.572520013545644,0.1943621011827269,-2.0087797133096696,-0.125611,0.05282464603131131,-2.377886260241957,2.5772219424183582,0.16301300000000002
1974-10,1.4471844548013082,1.2477305504776317,2.04512978278715,-3.930054299434218,5.77967222393518,0.4964715571437984,3.6371931159356135,3.185408102598344,-10.683922470195583,-10.291245886559748,3.2034557846751808,-7.218796619960598,5.079187919171474,0.1376758161749109,2.595276465133517,0.16301300000000002,0.06325144036568127,2.5772219424183582,-0.6481917774438881,-0.051088
1974-11,2.04624708059506,0.9887556409931947,0.71288276943612,-3.8866252690519163,5.574249123148198,0.2431811919396924,3.628627322395338,-1.4303976009242334,-10.491491546704015,-10.833379350289125,1.929069652695366,-7.052048894015268,5.445824471861237,0.2958245713639403,-0.8134626494542437,-0.051088,0.07881618030000778,-0.6481917774438881,-0.3414808372856085,-0.025020999999999998
1974-12,2.0831529317605266,0.9814189362219409,0.7742100973031776,-3.8432983229481605,5.46673240254904,0.45611383048082327,3.4624370267463056,-1.9717080496022115,-10.41999228505703,-10.638209702787943,1.1182996240282004,-7.003007326620478,5.448946752062491,0.332204445401656,-0.3986573629571761,-0.025020999999999998,0.07327204711950755,-0.3414808372856085,1.6017373155360197,0.11781
1975-01,2.3708840540334952,0.4872425043306884,0.8157128703155441,-3.741391352127999,5.69066548875566,1.7240600909084736,3.026179444308669,2.9545292703196946,-10.811072549702477,-10.545779616120036,1.470580503928813,-7.4538806666235295,4.765787156936934,0.32245998159816536,1.8736551312990959,0.11781,0.07355138627120952,1.6017373155360197,0.7804624946295308,0.06316000000000001
1975-02,2.4309714517174146,0.971093224203879,0.4426659923788452,-3.639201268941018,5.601056648390616,2.4128765640250758,2.656606177374928,0.047822756573688334,-10.998247213140422,-10.942586779318649,0.8565913539158287,-7.70987705492939,4.534515412235266,0.44176208620551155,1.0046667910105311,0.06316000000000001,0.08092637434164052,0.7804624946295308,0.2400793235201068,0.019914
1975-03,2.1683954017195415,0.4821589136851533,0.48831268102707376,-3.5366270353497877,5.817126447955133,2.7848838455167457,2.649654412634108,0.15954256433983963,-11.055665543937467,-11.132610324315753,-1.7419340321190655,-7.842015857278258,4.716406834038195,0.7765736006577759,0.31702307706336125,0.019914,0.08294758460668601,0.2400793235201068,0.543971929576363,0.045024
1975-04,1.9538987957482352,0.48063963638560897,0.47047406958818805,-3.436513929776138,5.969062218995498,2.942483228286983,2.705082317511062,1.037035884097567,-11.209908914143297,-11.200724867275595,-1.1865464262796999,-8.068113157776823,4.408949474259145,0.8542874187542397,0.7171477458113973,0.045024,0.08276897676515037,0.543971929576363,0.5653834330230442,0.046793
1975-05,2.1466125460110654,0.7186267726055268,0.36762887418016427,-3.335317416929061,5.816491397208752,3.1582945391952646,2.5205246975007496,-0.8457342045144947,-11.352910985365126,-11.357202733035072,1.381576507171828,-8.2862654032955,4.349449678220973,0.8723980671993158,0.7457010137819859,0.046793,0.08276330233060222,0.5653834330230442,0.505833679907289,0.04212
1975-06,2.2193560042422984,0.9531242136055471,0.27542952445137964,-3.232945486165083,5.622242451086551,2.811933444738621,2.5719285305395334,0.09582408868284374,-11.495946934472986,-11.502285964514702,1.8997200278829744,-8.507380504085551,4.118556864171673,0.8734343713497742,0.6716205948604346,0.04212,0.08326847672088561,0.505833679907289,-0.8371910828173341,-0.070304
1975-07,2.052458778044962,1.4187623801977838,0.25336465523217955,-3.1963873306446753,5.696004669967567,2.1771089674352133,2.9480049099363304,0.45548252314536214,-11.251228711896678,-11.660175783171393,-0.5662306074939759,-8.298152331008744,4.352237251901212,0.9756889356589921,-1.1205365119733488,-0.070304,0.08397604972500593,-0.8371910828173341,-0.24670184728942643,-0.020463
1975-08,1.9695747744938237,0.2339982542878517,0.4772896114958642,-3.1596765604838777,5.759734943079437,2.016392039493848,3.0912663669268623,-0.855169320200278,-11.179493237264348,-11.411897795202629,-0.44280385168415626,-8.256115824421837,4.330974315584315,1.00466428845202,-0.3263705818946856,-0.020463,0.0829462779660225,-0.24670184728942643,-0.47432765265596216,-0.03755
1975-09,1.9947084241389221,0.7010914966342683,0.4696604795853394,-3.1227901922343126,5.840073294582723,2.2180380235034365,3.0760181241442397,-0.22395742800020751,-11.05855841592469,-11.339088581114392,-0.638345740065892,-8.165990352319929,4.55377005265797,1.0647539480218802,-0.5991470318856527,-0.03755,0.07916468666699399,-0.47432765265596216,0.8322114594019445,0.059254999999999995
1975-10,2.1158474035574506,0.6976280128018386,0.43928373694945666,-3.1695785716152045,5.516758539257562,2.2481931026671336,2.8520714464974053,0.624226724897459,-11.283642477822236,-11.226081256926788,3.0746442170114143,-8.344124272287944,4.322898205058442,0.9885204393374447,0.9457098451325854,0.059254999999999995,0.07120185540653652,0.8322114594019445,0.4632139095230916,0.025989
1975-11,2.1408313125981033,0.9254585634152827,0.16575979535514507,-3.2159073590111946,5.609619988510354,2.919543623465399,2.6205061403735117,0.16819948728419937,-11.382755179614323,-11.454292829036236,-0.7056868780480735,-8.401256156490428,4.198885160933561,0.9406138057043665,0.4150994686822811,0.025989,0.056105828140517934,0.4632139095230916,-0.2796875958958859,-0.015285
1975-12,2.1297629050082514,0.45967900536278833,0.27155422975863863,-3.261782483065647,5.360868923823508,2.625692879045701,2.5996469094086363,0.4167932269545796,-11.35439478400776,-11.55470378887224,2.515428159118824,-8.334863411860038,4.238998914581908,0.906591795839977,-0.244312256852741,-0.015285,0.054650260591784926,-0.2796875958958859,2.1240565726555363,0.115443
1976-01,2.178775029663142,0.2291623820271852,0.4038579165577672,-3.378439396456986,5.314175186389278,3.162414750601915,2.3268896213695127,0.7857888996253091,-11.748457442339602,-11.512852579494197,0.5808875251552409,-8.622715343293441,3.7069169676412757,0.836171135426286,1.842140561685224,0.115443,0.054350247298578756,2.1240565726555363,-0.1697903667184711,-0.009156000000000001
1976-02,2.035405334925265,0.45779544719048065,0.2494574276646825,-3.4910672450678697,5.2880201269852085,3.146046460706957,2.3312883411681753,-0.008024915293608876,-11.705324628561776,-11.912357214836355,0.40048327373036136,-8.489626777071202,3.7190319444762943,0.8514471805704277,-0.14621715821114395,-0.009156000000000001,0.053925320835083286,-0.1697903667184711,0.5635771062615654,0.028640000000000002
1976-03,1.9281754943515064,0.2282273875067582,0.258610553810239,-3.599808273968883,5.198146707676602,2.9215347839590717,2.3880047804128837,0.008031580338745325,-11.809281187496108,-11.86847352714761,1.072435936342889,-8.502424102905328,3.798194929491558,0.5775999358390832,0.4577029063563234,0.028640000000000002,0.05081824595392224,0.5635771062615654,-0.2699139720095408,-0.01381
1976-04,1.8570630883863906,0.4559314787801115,0.20586169122930442,-3.6648019307615676,5.206683542494837,3.105771934806013,2.3208145796228963,-0.26524123604202604,-11.748096925554126,-11.95447481771827,0.1163844328709217,-8.389623305992739,3.8097824917545546,0.5460472521962431,-0.220863841920887,-0.01381,0.05116445027718628,-0.2699139720095408,-0.2380032114671929,-0.011816
1976-05,1.5446550472343012,0.9089874141202818,0.19149617152632212,-3.727417863685816,5.335606117513096,3.001112373819278,2.482138093902805,0.442376869178256,-11.675553084439887,-11.892565253158814,-1.0212312240129746,-8.26623534900567,3.8956196211417544,0.5429037179438094,-0.18911611460316444,-0.011816,0.049646388917019946,-0.2380032114671929,0.8280400856896509,0.039659
1976-06,1.5337005384017388,0.6772959156736484,0.19875735391589547,-3.787764875393956,5.219728345946659,2.650134599339874,2.5808161634606006,-0.4667920582712514,-11.79587876591661,-11.81915714346118,1.3439978746511456,-8.332403476267972,3.7903475280159635,0.7267552845351775,0.6351277053934726,0.039659,0.04789502426922865,0.8280400856896509,-0.24941524609791715,-0.011902
1976-07,1.522727965254433,0.6740994720067123,0.09969464105342578,-3.7955601417687284,5.182725239549292,2.806444728356466,2.493865716644163,0.5717582344888167,-11.739493786302969,-11.935053989456597,0.5043708041951199,-8.26945517340678,3.8616981576472704,0.7241505298226303,-0.19075011489072555,-0.011902,0.047719616928820104,-0.24941524609791715,-0.06003424921833772,-0.002601
1976-08,1.439166939182079,0.6709375875667268,0.1524250092683221,-3.803074422496445,5.064867465002281,2.7441082931436402,2.4500907259554743,0.1611896686571984,-11.694199620241204,-11.878156192414009,1.363929115055505,-8.216786077052335,3.906284733121868,0.7934482885403039,-0.04171907946660364,-0.002601,0.04332526905667562,-0.06003424921833772,0.46639380243869555,0.020021
1976-09,1.2343908855896846,0.44523970828650133,0.18242296517480125,-3.810315558726598,4.9875736473907,2.711890876526539,2.4207739200021887,0.1774520423561991,-11.74642129748797,-11.832502235010944,0.9376252884523145,-8.259402195653044,3.84299013915599,0.9154811901345506,0.32138236402131315,0.020021,0.042927242804929065,0.46639380243869555,-0.5797128806871393,-0.024311
1976-10,1.1746276641686366,0.6659185128786819,0.26021923038655914,-3.7867310971136354,4.95583537277849,2.847578508589518,2.3441447385763596,-0.11301455636771025,-11.607246826540722,-11.85216034945591,0.5435636520528979,-8.140239046473624,3.944808985237704,0.9850715292294302,-0.39048618106707567,-0.024311,0.041936277094936955,-0.5797128806871393,-0.12949898425727474,-0.005041
1976-11,1.187497658981841,0.2209662586102124,0.22915621335237701,-3.7639000332748167,4.750181895812271,2.716193546913924,2.2630696491231626,-0.16157626298406408,-11.521819172406628,-11.712344963287388,2.1882117235576826,-8.071753673052662,4.019450281095748,1.0755902612913928,-0.08103311329065724,-0.005041,0.038926946252992076,-0.12949898425727474,1.3021634053484408,0.049775
1976-12,1.3823502180470246,0.4414531717080449,0.11816209257548484,-3.7417671928724063,4.561138835276,2.831914292426955,2.0729641616790038,0.16170681620235974,-11.645973018814445,-11.626950475581861,2.106090373152993,-8.207499835333602,3.7914637336129995,1.102381324610712,0.8004691046643985,0.049775,0.038224849351131095,1.3021634053484408,-1.3117654455339909,-0.053253999999999996
1977-01,1.3590488667011495,0.6602795671338126,0.14270257713255058,-3.7142283688449713,4.816974634938185,2.985808081384664,2.201760549732992,0.6875838399167035,-11.4238896218184,-11.771563597370887,-2.486409855190146,-8.009797577032057,3.9922460421088646,1.1431929975040291,-0.8564604651613548,-0.053253999999999996,0.040597196839806574,-1.3117654455339909,-0.6879570936034166,-0.019138
1977-02,1.311410041599471,1.313768261017436,0.06868067072232364,-3.6872819835346675,4.869016800005507,3.0400912482138183,2.2256491643368372,0.23477213826093596,-11.309201720992949,-11.546896124852507,-0.3141990323503193,-7.914782037343395,4.0694364191082615,1.0811518585198476,-0.30799513769084885,-0.019138,0.027818595342564183,-0.6879570936034166,-0.5772979456889975,-0.016302
1977-03,1.2393698809442744,0.8673389081446116,0.1366716643872419,-3.6609335764071282,4.833526276509984,3.074209985763718,2.192454345706477,0.024306565664219074,-11.222878929843931,-11.43110986067097,0.5839109150412678,-7.84618949129112,4.223003405640185,1.1736427675554166,-0.262538410645767,-0.016302,0.02823845143003892,-0.5772979456889975,-0.11525802654060205,-0.003159
1977-04,1.25235006413445,1.0771677105945272,0.20226743870886682,-3.6484556163792585,4.811019741599153,3.117679204905255,2.164108524991198,0.23514787019001662,-11.179666670549086,-11.335599366425694,0.45592174441868727,-7.807626819735806,4.187607178222368,1.2056237061068265,-0.050915002389323116,-0.003159,0.02740806948388255,-0.11525802654060205,-0.6915840344978366,-0.018764
1977-05,1.1679667658342465,0.6412840377846878,0.13042484807650803,-3.636335876652754,4.758319734371228,2.64371424339592,2.363892440258063,-0.15418259683092192,-11.051816378830443,-11.292505072135647,0.8030800357997848,-7.685813162861148,4.318318829269787,1.3682847547314314,-0.3026316340125222,-0.018764,0.027131916099862912,-0.6915840344978366,1.5943899904581729,0.043775999999999995
1977-06,1.1686942220759033,0.8511794398277718,0.11579135727577165,-3.6244626273397413,4.676138209550496,2.4756822693062612,2.3919587321357936,0.08933589558889402,-11.166987394964993,-11.163482002044692,1.0538482728701568,-7.800087964260512,4.234900992952379,1.2385255449691055,0.7064022703933172,0.043775999999999995,0.027456268705889377,1.5943899904581729,-0.7025779137210074,-0.019653
1977-07,1.1328547269412945,0.6345444124734361,0.12228006450259163,-3.6157279430495066,4.747816188259097,2.445403198424767,2.4720806410343883,0.5282221962952874,-11.074967369026144,-11.289159014226845,-0.45003134926107496,-7.71060545021792,4.358531943678243,1.2876289178349432,-0.31734539680835044,-0.019653,0.02797269828183665,-0.7025779137210074,-0.5897368013296327,-0.01671
1977-08,1.0237679463684357,0.4212178292037839,0.11980435564080419,-3.6071336023866833,4.647930695868324,2.013871666017005,2.6133593588671435,-0.5041268530789765,-10.9659654430667,-11.196267024820411,1.27275499136478,-7.6038059870422,4.500747752998328,1.3106887653623505,-0.27001025037026904,-0.01671,0.028334673980537236,-0.5897368013296327,-0.17836921523598437,-0.005125
1977-09,1.0731243999229119,0.4201090300709797,0.0953108322150985,-3.5987344172221376,4.695335373290941,1.79864757514893,2.7631236268357644,0.05696349896051668,-10.924228180614499,-11.086097673917083,-0.18654338165006606,-7.561620959838779,4.57406611620449,1.25797105014223,-0.08287723013903722,-0.005125,0.02873253657151303,-0.17836921523598437,-1.6634904921979854,-0.046884
1977-10,1.0370999467411328,0.41900736670006333,0.14948108541349822,-3.567386389234305,4.783832123368086,1.6227350354940042,2.9257740195834843,0.4478729190417993,-10.725632408191219,-11.036211820174753,-0.5984124864969638,-7.385999497560378,4.730027776221455,1.274797623784093,-0.7583207959473746,-0.046884,0.02818411059148991,-1.6634904921979854,1.042160092900045,0.031752
1977-11,1.0620921242474242,0.6268331852543217,0.28574512528298834,-3.5367474823324603,4.7440750430910406,1.6434017028408776,2.893748619139772,-0.2607705770770563,-10.780613899893476,-10.83526136010415,0.5988111488829901,-7.455185109407669,4.661317153163067,1.1373146452578329,0.5139150841588156,0.031752,0.03046748788052603,1.042160092900045,0.021080380019814333,0.0006700000000000005
1977-12,0.9771186768204435,0.41612795725957524,0.1290939716018477,-3.5067749828110606,4.884663953727516,1.9295246564505422,2.8761412634137473,0.5137145192008199,-10.751358102935926,-10.891525749454962,-1.0812031833510551,-7.442734334921026,4.649200628201668,1.187260227357587,0.01085276939026978,0.0006700000000000005,0.031783108244265015,0.021080380019814333,-2.3118960416233865,-0.065543
1978-01,0.9286840371275266,0.8299644261788526,0.18714587887867595,-3.4702404549688626,4.944221591224531,1.6942320502181134,3.046610795417249,-0.07344581462138519,-10.495466890113647,-10.872565397422708,-0.515071358573478,-7.216474288739839,5.010475970633376,1.1234557479176814,-1.061363773083994,-0.065543,0.028350323206564457,-2.3118960416233865,-0.6857247510626016,-0.02086
1978-02,0.8924017404763455,0.8250418715045157,0.1381159461329992,-3.434240238435943,4.960610663451583,1.7444286897731198,3.046506908498962,0.3838227057230554,-10.376403927241526,-10.613185924007404,0.025773699280435165,-7.1214563248137175,5.1866523433213665,1.216227125423379,-0.33801137715599067,-0.02086,0.03042036905868611,-0.6857247510626016,0.7086780127070932,0.021625000000000002
1978-03,0.9172574565427947,1.0250664778215997,0.12846672670147358,-3.398774358974571,4.9941152755751,1.9914619416544135,2.966834985251249,0.5148073751334095,-10.43524070788587,-10.49257997045879,-0.13540932130628203,-7.197694157873711,5.345337661145158,1.0766521600190855,0.350670783486936,0.021625000000000002,0.030514563189838834,0.7086780127070932,2.7140864419043575,0.083564
1978-04,0.9299090359799135,1.0173100935530226,0.35928232457585835,-3.404471181139261,5.014808285098676,2.0609839676367065,2.9627815553108574,-0.1472007935338054,-10.704786533573174,-10.557437365574913,-0.0322648918707633,-7.443320115273088,4.828749824331721,0.8968026019641011,1.354472244111866,0.083564,0.030788997251453325,2.7140864419043575,0.2204180165394776,0.008619
1978-05,0.9793337920935656,1.211370301045115,0.2239862296258581,-3.410060989403838,5.075669516186394,2.081175932747126,3.014801067551574,-0.4091491455773888,-10.696928654163244,-10.831024924707853,-0.37447943335823386,-7.42270710249213,4.804026242039476,0.6476389127329064,0.1398149091917559,0.008619,0.039102974136673206,0.2204180165394776,-0.5663581805107627,-0.021977999999999998
1978-06,1.0288435847686972,1.3999602015321546,0.2121734309529248,-3.4154561206166085,5.128777994515206,1.8945714493207553,3.1593954681100236,0.6958744351059352,-10.610561027547542,-10.823207741383696,-0.4005171996124581,-7.326488900062587,4.923638156694542,0.6466716799005329,-0.3567431068348792,-0.021977999999999998,0.03880583128538803,-0.5663581805107627,1.3797208032205948,0.051373999999999996
1978-07,0.8822276791701952,0.9895804166818337,0.17558998585290223,-3.424330484764664,5.064416128573218,1.5502164852160103,3.283559009740713,-0.34407513190156397,-10.775792856972508,-10.735741170461859,0.9241004076387417,-7.469168895577664,4.672008634406787,0.5745504768241855,0.8342076988274874,0.051373999999999996,0.037235069501076544,1.3797208032205948,0.7067453218668746,0.028040999999999996
1978-08,0.9684666591672998,0.5895769286425547,0.20713935175855205,-3.433019955325586,4.955475795759494,1.3339323240417544,3.3087764045475456,0.319733049240693,-10.845107366412456,-10.903519031731118,1.4082018740087394,-7.520456505548479,4.591081275695042,0.4702950876128743,0.4556459130534159,0.028040999999999996,0.03967624423169781,0.7067453218668746,-0.2826249249141365,-0.011363
1978-09,0.8952889537883992,0.9785121581746965,0.19600330215995287,-3.441441309221408,5.033119457298972,0.741459626166138,3.656208698263933,0.4758082329436604,-10.79694905327086,-10.973998032446865,-0.6848577331464109,-7.459211977107768,4.645436720831284,0.4980513288132486,-0.18477408767031192,-0.011363,0.04020522961112564,-0.2826249249141365,-2.390622303876448,-0.09637
1978-10,0.8588290366378931,1.1655952278806578,0.4343917918405937,-3.514750946918951,5.176863200775235,0.8902976034099613,3.708152047211762,-0.04105012893605391,-10.444583073757418,-10.939715250080459,-1.290996903671853,-7.050844037539729,5.065938570030897,0.5629554402244313,-1.564844625014871,-0.09637,0.040311679450046906,-2.390622303876448,0.42001482461022555,0.019771
1978-11,0.9820009306434817,0.5779282339186156,0.6582565911058217,-3.5858327013515727,5.083263505820653,0.1285735544816588,3.9913195029672752,-0.45181887306381024,-10.495242915556446,-10.582302881336213,1.2199110238927091,-7.028691457588636,5.015381272550303,0.5530428644601358,0.3212809860339717,0.019771,0.047072148032745086,0.42001482461022555,0.18973603116780205,0.008826999999999998
1978-12,0.9579026550746065,0.57569654045651,0.34483590129672936,-3.6546609836088684,5.178722983345321,-0.0988444205103298,4.172159313871025,-0.024663992328909267,-10.539917628445636,-10.633685923118469,-0.8390684834255834,-7.002058303479837,4.969944565692605,0.5832937153182177,0.14355267660158907,0.008826999999999998,0.046522528934914965,0.18973603116780205,0.7511398145562561,0.034997
1979-01,1.0813135991625675,1.1465217552826141,0.2073439853426547,-3.722643018449404,5.08551690858214,-0.4836492514470571,4.271431102700869,-0.05759411108587334,-10.652911721609122,-10.659955458275943,1.2326776784938476,-7.040910351803547,4.761957644387324,0.5654565599420055,0.5695053636928479,0.034997,0.04659185856187753,0.7511398145562561,-0.8215167165392276,-0.035949
1979-02,1.008099668505959,1.5148613468878125,0.16867280378869265,-3.787775322016262,5.185127902891655,-0.2366881300735223,4.233825574947922,0.05763936708697408,-10.492668749130985,-10.774753804622582,-0.8711942351169966,-6.820470964867488,4.933266061385905,0.4808342550902926,-0.5852364235248596,-0.035949,0.043759304316339405,-0.8215167165392276,1.1052990227554715,0.049261
1979-03,1.094774410262363,1.3101794881735362,0.16597172584998066,-3.8501290349881487,5.1256207938372125,-0.45305084923435457,4.281437217742375,-0.18952674964753763,-10.658967577257407,-10.612372466978519,0.8328480535041669,-6.912700959357225,4.889705636783078,0.4591568422337782,0.8022764075825617,0.049261,0.0445680299953528,1.1052990227554715,-0.08232796843028667,-0.003817
1979-04,1.16928524104279,1.482014337445631,0.13412325666663358,-3.878284887050518,5.211649269560902,-0.23617784239578582,4.248124105879531,0.49472752121894153,-10.636700224245589,-10.778914795562851,-0.7231989893611984,-6.853775330991537,4.923773088545965,0.4554604552198605,-0.062211862411364505,-0.003817,0.0463633449576998,-0.08232796843028667,-0.631626308439172,-0.025018
1979-05,1.1946360432956804,1.6475986474435589,0.19171715223236285,-3.905357514331582,5.079919081796486,-0.5698547663456965,4.290158816175094,-0.2722911747005328,-10.512571580064689,-10.756545082255451,1.6836428159752788,-6.698247060611783,5.108356769961942,0.558654357948837,-0.40799327438611915,-0.025018,0.03960886312956568,-0.631626308439172,0.8018923511397267,0.032223999999999996
1979-06,1.343321384986807,1.445869527954382,0.11858934038537922,-3.931426711152617,4.913172717228724,-0.28466673750573385,4.025310977039733,-0.3467810453554577,-10.620888140341425,-10.630806903079508,2.0025427342518056,-6.763728403109479,4.980683815154232,0.4756126112253995,0.5258472389088048,0.032223999999999996,0.04018494496698982,0.8018923511397267,0.10675543180718904,0.004350999999999999
1979-07,1.3442161071944163,1.4296808374360142,0.14690932120973893,-3.9461301954349075,4.9916427564575585,-0.2844088130949909,4.0847026074830985,0.4461536914344685,-10.61794443308307,-10.73409484790471,-0.5475185538597599,-6.733245516797954,4.94658109239007,0.38158879952374986,0.07105706625814348,0.004350999999999999,0.040756708359892535,0.10675543180718904,1.4260139528807558,0.054165000000000005
1979-08,1.3821432601172399,1.2374175842554753,0.10517945675107751,-3.9601786829339636,5.035064530751756,-0.4407745638149942,4.185630555368002,0.3389876893232144,-10.770186202418424,-10.731413415121757,-0.2255953184745047,-6.850332966842967,4.712001550368535,0.4563772455459901,0.8848532824425664,0.054165000000000005,0.037983499313298315,1.4260139528807558,-0.17094422780732668,-0.006884
1979-09,1.3583679491491643,1.4006520441378605,0.25617319100658914,-3.9736372780488436,5.12034863677113,-0.967135960217442,4.480633589203183,-0.47154316705334054,-10.737007098139014,-10.886154257470904,-0.7864012397273235,-6.792778229487653,4.755095001247749,0.371128017525192,-0.11254190870571809,-0.006884,0.04027044427472006,-0.17094422780732668,-1.8479167327484172,-0.07425999999999999
1979-10,1.5693727061494818,1.0395490243949355,0.5381714567945577,-3.955510118525154,5.668874319588108,-1.3235455081570795,5.060196653977597,-0.40561185796310845,-10.454358274925877,-10.85938391822719,-5.297942754206719,-6.525643751877298,5.11108755117533,0.4031110963446819,-1.2133244002324386,-0.07425999999999999,0.04018579337693028,-1.8479167327484172,1.188959807108852,0.042877
1979-11,1.520985646894577,1.2033137929986768,0.3240379990175837,-3.937689678572653,5.494901242168159,-1.646206031281651,5.050094370346508,-0.736944561760182,-10.577869447731853,-10.572843230724741,1.955828284467127,-6.640690190887619,5.0599875386584765,0.42579231826722447,0.700913257718663,0.042877,0.03606261518987959,1.188959807108852,0.23449505559749953,0.008839999999999999
1979-12,1.6333836528266303,1.3624849379063935,0.09768930233465033,-3.9202077436945024,5.474760373088494,-1.8485467160615088,5.105908725948658,-1.3652018276636309,-10.611452037749482,-10.698268396464531,0.35873111345704956,-6.671472917551609,4.952945637889321,0.41555423069593356,0.14461973956096746,0.008839999999999999,0.037698023002981654,0.23449505559749953,1.4140699377264168,0.053308
1980-01,1.6468688090045578,1.8523746967569241,0.3967191964750523,-3.918587629645974,5.971757275526054,-0.8262397923840987,5.040073041683716,0.7945670235249558,-10.785309648721976,-10.730355704867623,-4.585195799985514,-6.8213276560472815,4.7377659551194515,0.446728224988784,0.8723834448948621,0.053308,0.037698276851645805,1.4140699377264168,-0.1594372871529516,-0.0062889999999999995
1980-02,1.4745166329143728,1.824806428680009,0.3950613338082367,-3.916943899003018,6.288393761107183,-0.9583598861175525,5.340148589532283,-1.6364906047855092,-10.742011335306136,-10.906919886076434,-2.8714595435504027,-6.76787722449407,4.801414331528458,0.42834298921293923,-0.10299506915348568,-0.0062889999999999995,0.03944497621793343,-0.1594372871529516,-2.8772140558620323,-0.109618
1980-03,1.8473807835039915,1.9609539028901715,0.9625609193577217,-3.915225102505983,6.489383452548013,-2.667325970797098,6.2047201542012695,2.085953473544258,-10.32677322880699,-10.863222180648654,-1.9318592273267885,-6.3654872548270065,5.078831723979102,0.4701426071114123,-1.7916092333746523,-0.109618,0.038098659978622176,-2.8772140558620323,0.6280248172449631,0.029794
1980-04,2.665188824845227,1.4484784058985614,0.5720409524944821,-3.8476077535096915,5.593770696883942,-2.2985750022866447,5.32724375580231,-1.2114599459005835,-10.446034733280166,-10.444269380482655,8.79446563686966,-6.517658689300511,4.877050977770675,0.6078585711835033,0.4872766036247176,0.029794,0.04744080039814534,0.6280248172449631,0.9846157390630208,0.047459999999999995
1980-05,2.7017275694630665,1.273335566889691,0.31468467939165945,-3.780566705673466,5.356619444712708,1.6870773859564134,3.4526362421465344,1.1617892442813094,-10.58482185077529,-10.565340191192334,2.411877225324592,-6.688875612867842,4.678675149754782,0.5965496659363236,0.7765302586104248,0.047459999999999995,0.048201545148124324,0.9846157390630208,0.476368625328361,0.023621999999999997
1980-06,2.6393857346407152,1.4183561947636465,0.28590664099317525,-3.713991723013714,5.16740272815079,2.8146212629046747,2.841501088160772,-0.14842298913889146,-10.655959173655521,-10.70623137929955,2.0623390913524906,-6.797932259653792,4.582996587717051,0.6069432360050105,0.3867712681427169,0.023621999999999997,0.04958764860661709,0.476368625328361,1.2789143282383648,0.0629
1980-07,1.9589507279187508,0.0,0.28430294838942116,-3.6546165882057218,5.478117460971176,2.5212721657110393,3.2321496660382727,0.387810604649048,-10.860951788006481,-10.78057613000548,-2.719195206648943,-7.026914005021258,4.251926735037755,0.7998582033390351,1.030002801538824,0.0629,0.049182340529909725,1.2789143282383648,0.1345873003939977,0.007054
1980-08,1.8732914353136536,0.9361662764612013,0.35649396847927894,-3.5956462184488047,5.765782239403074,2.135601994133468,3.6482743335677528,-0.10734684509473887,-10.859988231045428,-10.98863446050581,-2.456859520617948,-7.065252857974852,4.26348535179613,0.7923324535980216,0.11559924002878519,0.007054,0.05241207736056643,0.1345873003939977,0.40815464843895244,0.020435000000000002
1980-09,2.0851891435934937,1.0846305189391112,0.5548441875806114,-3.5370631369683005,5.937249611577078,1.48736218141695,4.082634944022579,0.2065896412284007,-10.92794457602218,-10.987823513611328,-1.488128143124349,-7.16809174279853,4.263382922601293,0.9458159484880623,0.3351263740114486,0.020435000000000002,0.050066806976612095,0.40815464843895244,0.16494635628046034,0.008308999999999999
1980-10,2.383552663211845,1.2294148426893978,0.45758673975376374,-3.5313054218410826,6.103976376727279,0.6498770160041007,4.5852521415296845,0.859633758567832,-10.971670678208278,-11.064903980281485,-1.4918904176862928,-7.204927098958058,4.298826035471944,0.9056905414920019,0.13636824730529426,0.008308999999999999,0.05037395300731653,0.16494635628046034,2.1974660518386284,0.10031
1980-11,2.07420440532093,1.0659069547029774,0.5055213743617804,-3.5256113258312904,6.037752804669574,-1.3420361353427455,5.355728155737108,-0.6862962623947312,-11.30961559482442,-11.109331093447965,0.5676133144809984,-7.515995093194653,4.001532825957611,0.8737336995168272,1.6446043825211238,0.10031,0.0456480317027288,2.1974660518386284,-0.8311013372826006,-0.043734
1980-12,2.3975849573997476,1.2083995879696314,0.6170563923485535,-3.5199798794941404,5.832503099490304,-3.243689016562091,5.950183301859574,-0.8600564339776362,-11.171645125167277,-11.452163555200027,1.9943311981121168,-7.386258614020748,4.123401964331813,1.0683021397868324,-0.7171990883681663,-0.043734,0.052621741823920404,-0.8311013372826006,-0.9947308064440239,-0.05377
1981-01,2.756992889801218,1.0478776545569608,0.3341052573793761,-3.470253580330178,5.837265942522874,-2.672201807395342,5.6911994022438845,-0.12413803744683738,-10.983300233157596,-11.306421755824015,-0.6517355404978562,-7.245971462608004,4.195791401926393,1.144031953611957,-0.8817913339038864,-0.05377,0.05405482533733691,-0.9947308064440239,0.19534895163584426,0.010567
1981-02,2.508754171326368,1.3364542013804028,0.3203249404678345,-3.4208389239600794,6.118247671629187,-1.79074864450215,5.533167023245561,1.3729977629049948,-11.011889571914312,-11.115546593085929,-2.4544904490310624,-7.306331392218481,4.0785145111613685,1.1973155784319434,0.17342229131607706,0.010567,0.05409294450526797,0.19534895163584426,0.4835779189866442,0.026185
1981-03,2.4965161694550493,0.8822350797347338,0.4345544275471562,-3.371716020198593,5.894607472396509,-0.8025771437552824,4.951417193635947,-0.6040524596005626,-11.120897027178835,-11.144684438981685,2.1616808131251175,-7.441703157192749,4.276964279615178,1.11557633982753,0.4300316736040461,0.026185,0.05414846082069185,0.4835779189866442,-0.6955427081429904,-0.031011
1981-04,2.0876404151370553,0.8766426718674187,0.17422846462141856,-3.3858854089184085,6.219608969198741,-0.337205971409272,5.024194735724388,-2.0714968703011016,-11.018174490381938,-11.257322016345215,-2.8978123546354344,-7.328439622797926,4.302110414446824,1.0929633696416388,-0.5095253073354277,-0.031011,0.04458532831548962,-0.6955427081429904,-0.11109759931204388,-0.004961
1981-05,2.0265628709212153,1.016210620119039,0.19308413212895414,-3.3997765985379993,5.850998703355391,-3.2854390248448024,5.89226649325154,-0.22298662221205529,-10.995394870641121,-11.153264365995025,3.453347837315824,-7.288806722465124,4.326874743812334,1.153479909279214,-0.08157077435050857,-0.004961,0.04465443025520163,-0.11109759931204388,-0.5115829536594159,-0.021755000000000004
1981-06,2.548770838955451,1.1525856305701747,0.20863756319819565,-3.4133292182323145,5.970219011989023,-1.5153288697904521,5.265274148866862,1.6662111027439448,-10.940812431257877,-11.130268101181885,-0.9935912091316342,-7.219733796037196,4.39098377720577,1.1162923035128383,-0.35791515596482765,-0.021755000000000004,0.042524872739374546,-0.5115829536594159,-0.2753418760592347,-0.011686
1981-07,2.2263343003830607,1.427879565468578,0.23124700199097112,-3.4075719892046146,6.200218578469673,-1.117948567592629,5.283557434633116,-0.15683591344432385,-10.912407699562891,-11.07121005698891,-1.9544333036691153,-7.190744057580169,4.501431780138777,1.0249000806851247,-0.19239053124388042,-0.011686,0.042441782438810624,-0.2753418760592347,-1.7746254309723173,-0.06834
1981-08,1.804585028555818,0.988965184117661,0.3827693717948363,-3.4018614696263194,6.453892476329552,-0.9460835413202491,5.415190923034211,0.3386672073459533,-10.659401370833118,-11.042538029530201,-2.1304928975608655,-6.954118688093087,4.856722535116683,1.0818556447820569,-1.124667292430492,-0.06834,0.03850953491777502,-1.7746254309723173,-1.4545325335204715,-0.06286599999999999
1981-09,1.7808214873992663,1.2620230909301233,0.5793879875116494,-3.3962611448150546,6.528583594456851,0.10711113831153493,5.080053266671744,-0.44630371975046357,-10.437365379612343,-10.786042689629397,-0.8003910269339587,-6.74530124006046,5.027611728239014,0.8617078002484206,-1.0343502210018538,-0.06286599999999999,0.04322075893884789,-1.4545325335204715,0.8604720946784815,0.040015
1981-10,2.130472341173939,0.27790896861895664,0.436274596088108,-3.380072937438748,6.03094432587295,0.2678468873853985,4.6420180660039945,-2.534828990167775,-10.594152191852606,-10.564651461024333,4.513351338159814,-6.893753507362486,5.003743948683635,0.5978919693415888,0.6587185049380991,0.040015,0.0465035417737187,0.8604720946784815,0.6922130217973125,0.033127
1981-11,2.7030441042418523,0.4162223033603852,0.31585663941688047,-3.364078221077348,5.278874676287084,1.197173338218373,3.7083043783268734,-1.176467633835856,-10.707821547147955,-10.723711633903527,7.375790113708021,-7.003018339378066,4.792817792633828,0.6294189822274407,0.5456582915642242,0.033127,0.04785665533131207,0.6922130217973125,-0.9102780608693027,-0.035759
1981-12,2.888444506626042,0.4151402545475304,0.190300166168414,-3.3482611325665057,5.718903637013879,2.224048798931706,3.6903008550056833,1.0941023099209406,-10.580149946308925,-10.839049523597721,-3.69149284597949,-6.8907233075828085,4.86262088480648,0.47853496916738886,-0.5892391355864253,-0.035759,0.03928360084373632,-0.9102780608693027,-0.6052791018110351,-0.023367
1982-01,2.390941691350773,0.41406499870337327,0.5300640244832503,-3.28119767746051,6.000640384627583,1.670969362774855,4.15277481967967,-1.4383446683059153,-10.502406910240436,-10.713307017545317,0.23833638120123998,-6.867289336414845,4.877409655332011,0.4301516159103789,-0.38526091153411934,-0.023367,0.03860533087972869,-0.6052791018110351,-1.6573732914201011,-0.059641
1982-02,2.3790249173852693,0.4129964700981375,0.4033480394599532,-3.2138836708628205,5.884721060907445,0.48274311699006467,4.524966141108063,1.0684337427817152,-10.261037757772922,-10.634468809851818,0.9432285474497054,-6.694638350952074,5.142804861981649,0.42253187157542954,-0.9831921217422578,-0.059641,0.035985254685079,-1.6573732914201011,-0.41747281941327885,-0.016605
1982-03,2.7891550125632207,-0.1372913433264056,0.37764248398748623,-3.14633283540983,5.7656228414846,1.064536495744231,4.230636892380688,0.6167086698456827,-10.208934219287263,-10.389643522414975,1.1970671146902963,-6.695766526462694,5.398632572808999,0.22319977080548478,-0.27391076667156905,-0.016605,0.03977504457257088,-0.41747281941327885,0.7688734109895538,0.03025
1982-04,2.887360211401062,0.5500659065526396,0.2623854056225594,-3.0703292797788944,5.555264181366306,0.6981704350876523,4.211971954592813,-0.28798807671041976,-10.337132953330961,-10.336751017354732,1.9297656950276247,-6.869346466822667,5.223333430187034,0.11762496176011734,0.49930615045375615,0.03025,0.03934327753780393,0.7688734109895538,-1.0206425610738403,-0.040105
1982-05,2.9602110559493977,1.232608662007993,0.17995873434752507,-2.993753221699644,5.548256534702754,1.3345090017918435,3.9893449282457065,1.7337487331645414,-10.177018066533769,-10.46673460200047,0.17603367225426642,-6.780972604002455,5.391337829628995,-0.038544426499899656,-0.6621763426404121,-0.040105,0.039293873810048306,-1.0206425610738403,-0.6199241562286765,-0.025379
1982-06,2.6242007921251504,1.6274470111560801,0.3138702915962039,-2.9166063410820997,5.714016764332043,1.4786261415177064,4.092185792968967,-2.0083627311069296,-10.086946050668987,-10.304299686633268,-1.1539962589303812,-6.757543938431,5.425417509542823,0.04879645374683109,-0.41926019372701695,-0.025379,0.04093887896608798,-0.6199241562286765,-0.7467097189509341,-0.030699000000000004
1982-07,2.7231159088966947,0.6700782506386533,0.2019647691594838,-2.851345792328561,5.42686652098627,1.9449004262932923,3.709677955658458,0.3199157907265268,-9.99509813500858,-10.22192662119362,2.5830882409685643,-6.723189817487395,5.431105281283361,-0.4642563475204684,-0.5073824041816032,-0.030699000000000004,0.041112361632482275,-0.7467097189509341,2.8577945828631677,0.11980199999999999
1982-08,3.241550803851337,0.2668153239982622,1.3519561490543452,-2.785351577910914,5.002311162507757,3.4487155364401745,2.8329750246589684,0.45964478363959205,-10.388596675599665,-10.128690915690271,3.9856680721482425,-7.1316185129506735,4.865289763502335,-0.11481644418970663,1.976369564284298,0.11980199999999999,0.04192113762073576,2.8577945828631677,0.10655983975193599,0.005396
1982-09,3.3362827956337595,0.2664272389324564,0.4492941933112593,-2.718650100612841,4.695659998781195,3.4820425247250752,2.5826840226791674,0.04106992221934429,-10.411419396385654,-10.527712209149113,3.135378745305767,-7.20409823102735,4.885308113149353,0.022126411671686275,0.0890831444053691,0.005396,0.050638214289375046,0.10655983975193599,2.2825053218716236,0.107963
1982-10,3.233337160751423,0.3990628644082043,1.2916144703153065,-2.6241251450958294,4.3967243469004185,3.030939273360342,2.512379981398071,1.0267668587420862,-10.791859881592458,-10.554427122621561,3.1969280179065764,-7.625705082986941,4.412731980054113,0.263560819391195,1.7800003580752533,0.107963,0.047300218301998,2.2825053218716236,0.7114650183046568,0.039454
1982-11,3.2419365814248673,-0.26532521370410744,1.1581778432378114,-2.527604410603704,4.430322507637689,2.8225570613575557,2.62718662799077,1.6654623816422622,-10.921260544829204,-10.940235612845719,-0.010092148869205755,-7.821664297518117,4.210045143249855,0.03850876950450754,0.6508189249554089,0.039454,0.05545458874986512,0.7114650183046568,0.18163549868486648,0.010134999999999998
1982-12,2.857144054006237,-0.531797400221277,0.5254100622462967,-2.4288819361838185,4.296864342963358,2.6688625130498456,2.58264893665895,-1.6712942149748662,-10.976471966403292,-11.071458789155516,1.573207025212561,-7.952565815481651,4.180289573146518,0.12018691850119452,0.1673053631789951,0.010134999999999998,0.05579856401079393,0.18163549868486648,0.5170505467288361,0.028392999999999998
1983-01,2.6589461088563517,0.26714628816591185,0.6925072396658326,-2.3986414316806224,4.351161690607564,2.894867294548047,2.5545865264438055,1.7588952037890317,-11.092061008019325,-11.123881210212563,-1.5558826377240127,-8.08188810499992,4.067088330703456,0.08822695339657723,0.46900058679374,0.028392999999999998,0.05491339324487849,0.5170505467288361,0.35443381143855085,0.019533
1983-02,2.3997405054869314,0.13337527615047853,0.4036692057312551,-2.3682533410624935,4.131411886790413,2.2039138176110455,2.6333246746513397,-0.5238382992378073,-11.157567090453094,-11.241102899111803,2.469420511597115,-8.166091668015298,3.9329001688624197,0.014305714671897281,0.32287433460598225,0.019533,0.05511043069147619,0.35443381143855085,0.5539850112349798,0.02917
1983-03,2.326189011206347,0.0,0.33204741380208863,-2.3377883449909262,4.207244013206991,2.194665194067023,2.70824538141765,1.3579806003842245,-11.273009387764812,-11.30754513327017,-0.472008506913917,-8.296036708985143,3.500772629555151,0.2409963001676194,0.48247329331592936,0.02917,0.05265485420800885,0.5539850112349798,1.292064252737026,0.068619
1983-04,2.2033303913042297,0.9335290566558596,0.30088900026668347,-2.3508629942574513,4.071290037438352,2.0354590931509446,2.6601662633083265,1.618016310266349,-11.534056188235468,-11.426387888891481,1.7554820077963416,-8.522857798228769,3.228338744184022,0.2665439984145394,1.1349176214464245,0.068619,0.05310803998689841,1.292064252737026,-0.2247467415563661,-0.012587000000000001
1983-05,2.0187149030942764,0.7948704659782614,0.22930637221106517,-2.3638285303231275,4.29226807380425,2.590744275194118,2.6510832371397806,0.5069418631716524,-11.487090857506171,-11.691074235216108,-1.931313195272423,-8.469975898560975,3.3010010368293665,0.419666016003105,-0.20831772385997438,-0.012587000000000001,0.05600526135700705,-0.2247467415563661,0.5512063268422553,0.030270000000000002
1983-06,2.019772891822704,0.3952653751542723,0.2959234825905433,-2.376749031220528,4.303739295315208,2.121961367669595,2.8413267856588917,-0.6952286755134858,-11.610976895828852,-11.643419215219701,0.19527420006938853,-8.572673300171509,3.2437514137385373,0.6372692089409169,0.5012834522811368,0.030270000000000002,0.05491591537675273,0.5512063268422553,-0.7009537298870828,-0.038638
1983-07,1.537505698957258,0.5257344475886251,0.48514339484028945,-2.440216833194068,4.5863680974664245,2.5619726139941443,2.930354655675234,0.2537299414725922,-11.481756816293244,-11.763715550913751,-2.423452691975259,-8.403103635682799,3.3073791050542365,1.0227085208974458,-0.6400646430183963,-0.038638,0.055122040660550056,-0.7009537298870828,0.1488028286613788,0.008264
1983-08,1.401988483584993,0.39295416228785335,0.2897950670524602,-2.5022924029917566,4.610519468121119,2.43690873582056,3.0088443517485173,0.2539057744378595,-11.515773358777201,-11.632690249083,0.09980262504849564,-8.382926551276938,3.2634346265577956,0.7852838837400532,0.13699784420736175,0.008264,0.05553657866817749,0.1488028286613788,0.14947272885384322,0.0065049999999999995
1983-09,1.4649537389557936,0.6533162265218033,0.2238905887364202,-2.5630748113429833,4.391275558244883,2.2685123763977395,2.894928294430722,-0.9255661129809118,-11.54554912529679,-11.667195413166084,2.5116643130590646,-8.359969088017786,3.220644118906153,0.9353132972896785,0.10791572901008382,0.0065049999999999995,0.04351964435171777,0.14947272885384322,-0.4756929934117676,-0.020708
1983-10,1.503159124043595,0.39027343724831287,0.23627743698311465,-2.6188348021619956,4.48964899397809,2.855837281798456,2.77570197637278,0.8766163824822788,-11.477804339320313,-11.692155166910743,-0.6566782365866132,-8.252161580464088,3.243610585543122,0.9992373131432436,-0.3437360592046534,-0.020708,0.04353227877391673,-0.4756929934117676,0.5438552117031034,0.016846
1983-11,1.4916864269331724,0.25956070195201686,0.17722875815744646,-2.6733452538388374,4.4262553530957875,2.6417763460700208,2.810570332676083,-0.3361067426041901,-11.52873009928996,-11.623523971293599,0.9106737359828578,-8.253232499030856,3.116500201072392,1.0764456381901228,0.27982573214891504,0.016846,0.03097515595602386,0.5438552117031034,-0.4466868627910349,-0.013049
1983-12,1.4677535758925535,0.12959592337779371,0.11195690363230051,-2.726583194647427,4.486016447566658,2.6130300926490775,2.883317338065146,0.21329003595904497,-11.484485674434428,-11.675230219118262,-0.29377454942621195,-8.168521746063368,3.161629706756504,1.094218406461001,-0.21689408562262244,-0.013049,0.02921285823913847,-0.4466868627910349,-0.3923019170704693,-0.011498
1984-01,1.8046993340051065,0.7771870358767119,0.1685136056720018,-2.824913747694311,4.404617605673185,2.54949893252826,2.847329301280531,0.21343910682709255,-11.439019682751612,-11.630428463654125,1.2148204641029847,-8.044667443806276,3.262332706180356,1.2438740361521956,-0.19123927047790598,-0.011498,0.02930905891529103,-0.3923019170704693,-1.4517159449804116,-0.041134000000000004
1984-02,1.880480040533686,0.6441911453866039,0.4284529300443056,-2.919902040970826,4.5226202899424655,2.704837739797907,2.9037111810412037,0.049290549820660196,-11.283000173191814,-11.584388532138927,-0.8861707324151407,-7.821919073325994,3.4507026665164613,1.0813958386355322,-0.6843404742852303,-0.041134000000000004,0.028334744233008365,-1.4517159449804116,0.3309560217763317,0.009995
1984-03,1.7694947179069653,0.2565669211998956,0.2875041183845432,-3.011692043417755,4.6338291560873754,2.640887688099571,3.0354888068916046,-0.6492332009715461,-11.320655222955246,-11.426239511341834,-0.776721088741927,-7.777364569076796,3.44834200362675,0.9769364017503525,0.16640420428866945,0.009995,0.030200387188467202,0.3309560217763317,-0.04525514553031024,-0.0013190000000000016
1984-04,1.8702878557797682,0.6405138236958765,0.21986941133443177,-3.068401365876981,4.723757710240413,2.760442071813076,3.0836509527567575,0.26315988812204427,-11.322569519613893,-11.457658462835385,-0.5229976529595441,-7.729115589872322,3.4331309934497063,0.9199252260359541,-0.021975158799289723,-0.0013190000000000016,0.029145856996892955,-0.04525514553031024,-2.84946712429463,-0.060931
1984-05,1.8215159220088375,0.3826683173396165,0.1981852106233012,-3.1234902672234353,5.04732985429129,3.4770337865703995,3.121782727459412,0.2715677568799803,-11.081148482975228,-11.459737662850335,-2.5585113653882434,-7.459714009873206,3.639667771931411,0.8731784400164139,-1.0149530387701913,-0.060931,0.02138329636460822,-2.84946712429463,0.5623969095659701,0.015437
1984-06,1.8725224704380303,0.38178107712637116,0.3560868727796239,-3.1769712221699677,4.989978619827092,3.3716019478413126,3.1280123950825556,0.4034880599785452,-11.126816966822114,-11.215043362232622,0.7440943843991261,-7.4520281597529285,3.553034504654224,0.05292861836591438,0.2573198962012805,0.015437,0.02744858610960986,0.5623969095659701,-0.8320271431778883,-0.021965
1984-07,2.135641108216378,0.5078592934796924,0.18401401845387108,-3.1929002962377484,4.672067092691422,2.446742285167297,3.200006550780168,-0.8811751251119417,-11.058538765320916,-11.271577833008607,3.4139263689249253,-7.371707157349573,3.60940183424237,-0.07556709381811993,-0.3663384276741855,-0.021965,0.02639937913095686,-0.8320271431778883,4.207040036049798,0.104138
1984-08,2.1989810555919695,0.5061972387425725,0.6649479481232976,-3.208593843881197,4.567516686314237,1.9420479475123809,3.30226838892047,0.33786632369658887,-11.420450053409764,-11.202364976799432,1.3100748709491066,-7.68343686288305,3.289889094833104,-0.125803509743167,1.7347956385724634,0.104138,0.0247532704960375,4.207040036049798,-0.222905445901428,-0.008664
1984-09,2.112510743924996,0.630666360879353,0.20066058636704678,-3.2240652407974113,4.423160992634913,1.724984420867341,3.262799288587741,-0.2308895483996263,-11.399984850941628,-11.56940387062747,1.682773916268511,-7.648458022598516,3.3401620249973143,-0.38484398947612775,-0.14442644904872154,-0.008664,0.03886849854638072,-0.222905445901428,-0.1714237671978993,-0.006669
1984-10,1.6385456058191803,0.37681703889901774,0.2749337725166063,-3.202716308093106,4.186940633854088,1.7343423175722896,3.0588402034449085,0.09077087192579344,-11.378967447540719,-11.535360340554234,2.749082908629959,-7.643596421445809,3.3404063864096663,-0.5478849445334992,-0.11124554521817014,-0.006669,0.03890359026062591,-0.1714237671978993,-0.4453393929632563,-0.017141
1984-11,1.4893807138146187,0.0,0.21722240144427366,-3.1815906764979927,4.158949669213801,2.6816329499741447,2.7011554541364955,0.7759348545849133,-11.302664187082144,-11.514231348140147,0.5785756063978007,-7.588161976456362,3.394290809023135,-0.8843192798780121,-0.2861004417484824,-0.017141,0.03848974573290052,-0.4453393929632563,0.49755071437920023,0.019156
1984-12,1.5905126793688638,0.0,0.2534748636494381,-3.160730678097696,4.1489456421370665,3.1624448058211496,2.526857169297,0.30562283879162827,-11.363282671580501,-11.437028509914983,0.4464792072790902,-7.6569972760245495,3.3329894854549185,-1.0966100603264366,0.3199488194211601,0.019156,0.03850059792176394,0.49755071437920023,1.817690451112288,0.070368
1985-01,1.4787182864241748,0.25089079886856164,0.34854662971723915,-3.1172887577982324,3.9854255665234555,3.0439487230182922,2.4315434711184354,-0.3223398318498694,-11.60753199437824,-11.501943794034757,1.7838434080172099,-7.912638648767293,3.1402570100250324,-1.2024362721036541,1.175188598230796,0.070368,0.0387128622241153,1.817690451112288,0.19191371648493113,0.008366
1985-02,1.3792918269477654,0.6263763301266158,0.15885883048713492,-3.0739815482210555,4.259922278040085,3.3044482774302666,2.5892644200186674,0.9918892717383772,-11.621619528784713,-11.749764495013723,-2.406499852028596,-7.960105787414772,3.1490605072318756,-0.9837821011662518,0.1398158468631328,0.008366,0.04359250684750764,0.19191371648493113,-0.16270939917852154,-0.006836
1985-03,1.4177704128459925,0.49902099209587764,0.17106846856398786,-3.0308554506143057,4.14768543751761,2.842184032651327,2.6650011025327482,-1.0578515688649657,-11.593494048558492,-11.76419089440802,1.4977266226590698,-7.969242985008717,3.2964101081382524,-0.9935738335293022,-0.11432245966005884,-0.006836,0.04201355320905387,-0.16270939917852154,-0.2598616473914668,-0.010904
1985-04,1.606981023001766,0.6217673423638594,0.09809209581675143,-2.9531667902424923,4.068629309274176,3.1637388442553664,2.4852035288642322,0.4465448898154153,-11.567368858375076,-11.743826451355462,1.1805808186270554,-8.009209211358074,3.321354321645124,-0.8956724135768548,-0.1824716057295756,-0.010904,0.04196078994132499,-0.2598616473914668,1.334221694035291,0.05614
1985-05,1.796387738684359,0.495368552566373,0.177927011190051,-2.8746716539285373,3.7110002637559614,2.7040648806345944,2.3374540524829657,-0.628711463453563,-11.75061527298251,-11.717371826003417,4.320648155160349,-8.240795832898247,3.1786111096540632,-1.0161295531375614,0.9396712787107173,0.05614,0.04207696535813865,1.334221694035291,0.254468968133083,0.010564999999999998
1985-06,1.8351670005887364,0.3703548131568271,0.1582808029326348,-2.795299874953625,3.6794164771434423,3.094219646210459,2.1716051642029774,-0.48832386886764023,-11.784854606649436,-11.903211400651683,0.6850954827998996,-8.338686330089907,3.132920446344225,-1.058652769726543,0.17696052209811522,0.010564999999999998,0.04151783251808794,0.254468968133083,-0.23002862205426777,-0.009521
1985-07,1.8362591634294583,0.24635445103205258,0.15344981267442354,-2.7459863100984516,3.7964528765864345,3.2838877908610873,2.2118731676878243,0.48859880978774334,-11.754050895922859,-11.934772840119496,-0.8683919935581835,-8.352568928360462,3.1070512255035903,-0.9783382007827199,-0.15957760113871183,-0.009521,0.04139050138618763,-0.23002862205426777,-0.29206586419574965,-0.011973000000000001
1985-08,1.8247723974616277,0.24603667288940487,0.13450696747063737,-2.6965706573536328,3.708956844389366,3.0298930505385457,2.230208739898626,0.008287125093413379,-11.697106010191003,-11.90358755261042,1.2493620482279708,-8.342671304098133,3.1403858253878547,-0.96013320437067,-0.2008016440035204,-0.011973000000000001,0.04099417791589436,-0.29206586419574965,-1.3974945160216523,-0.039248
1985-09,1.7755144945245154,0.3685832208027515,0.18501764747299868,-2.646997154653292,3.749636245044857,3.177154908085372,2.2173531933191377,0.7626745347241667,-11.55525056189125,-11.845906068821916,-0.10136546409705857,-8.255445811303389,3.1551409752751143,-1.2367853743001116,-0.6584265300833778,-0.039248,0.02808454670128516,-1.3974945160216523,1.2782820928475362,0.038579
1985-10,1.6884168011421747,0.490360139767207,0.19490236555242324,-2.5828720674782093,3.6355743238884837,2.857293278569173,2.235672682114258,-0.07466078914777248,-11.701920915951584,-11.708412544186777,1.6301923757833563,-8.44246338711797,3.0522154576278355,-1.0674352636323714,0.6475233672346196,0.038579,0.030180349248310572,1.2782820928475362,2.0486784492781562,0.06578700000000001
1985-11,1.8155047884858866,0.3666268031587279,0.2016690497119584,-2.5180971654424167,3.4920433142276406,2.446594031575299,2.2601528368078383,-0.2573277379677665,-11.926142626620418,-11.85713673220955,1.9311911555508157,-8.701428510746068,2.8510617899958137,-1.0904522342148477,1.104198442047411,0.06578700000000001,0.03211192074733827,2.0486784492781562,1.1265161962954975,0.041656
1985-12,1.7913710099444138,0.3658270769313692,0.2631451946362157,-2.452584109559013,3.298588606779782,2.097070747134469,2.2161039778975815,-0.5979084277623999,-12.079674239536988,-12.084468861025226,2.596528084495715,-8.89777886456274,2.7150546945032996,-0.7647735560162917,0.699490335690289,0.041656,0.03697771957206124,1.1265161962954975,-0.023227642008750084,-0.0008940000000000007
1986-01,1.7545961182701888,0.3650316191844635,0.410939542206657,-2.4248791995689367,3.3019870612637754,2.139569741440629,2.206431691310843,0.5815877121356308,-12.070728926291535,-12.230758438589762,-0.12006381117560562,-8.91528766676834,2.674330462514604,-0.7522383912491725,-0.015022380628535463,-0.0008940000000000007,0.03848862487476008,-0.023227642008750084,2.1786308397281355,0.071225
1986-02,1.818795855755509,-0.3641281952970893,0.23321091358171536,-2.397268465087623,2.8977572262743005,1.1514886284819057,2.2030175470266715,-3.2429090718777727,-12.304931509650034,-12.221756942973203,5.3974808221059805,-9.154299606939357,2.4590722877415234,-0.7020442749980761,1.196684229276227,0.071225,0.032692551074365556,2.1786308397281355,1.2928250755346335,0.049832
1986-03,1.8956658963077853,-0.6085611213520156,0.2942238912755043,-2.36974853365792,2.639407380985757,0.9388266751347204,2.047139061239526,-4.191413486685527,-12.472641603344895,-12.459283900945925,3.602596230063938,-9.333925985985175,2.382879280433374,-0.6427827836137102,0.8375254173299197,0.049832,0.03854504444802212,1.2928250755346335,-0.45134940744945545,-0.018548000000000002
1986-04,1.7703609415022366,-0.24463007994305325,0.5268694729940742,-2.3745319503996107,2.6944299105798457,1.5029127851905026,1.8915618227447604,0.7830706978360854,-12.405823445196718,-12.63543854431768,-0.37447591809516567,-9.273543065888312,2.4298516582797816,-0.9606571979761472,-0.3119128605554217,-0.018548000000000002,0.04109454824547899,-0.45134940744945545,1.2203130659506067,0.050426
1986-05,1.5183820278132052,0.3678301852239924,0.2936448226802798,-2.3793150826091107,2.920784335143737,1.9899080892683019,1.9200626724176737,2.7690710887777987,-12.569468465494401,-12.56757139412527,-2.3550360311385785,-9.423279660462754,2.3101911788110487,-0.8533309555365783,0.8482588695186245,0.050426,0.04132218314053603,1.2203130659506067,0.2590436927529734,0.010544000000000001
1986-06,1.5319745091662358,0.7339953799296711,0.3423501548198587,-2.384033709520671,2.7208189074609486,1.4441227097650997,1.9391711201928252,-3.1867083412590014,-12.6040554768853,-12.733340220570778,2.846535022563994,-9.456249767184053,2.290999897667685,-0.4792843413726764,0.17749158402140292,0.010544000000000001,0.04070355810614105,0.2590436927529734,-1.5414303414779804,-0.062741
1986-07,1.6216024268151559,0.0,0.5182513139925973,-2.3760522807263893,2.785817514935334,1.9315686294967276,1.8210732348882206,1.1212595258513776,-12.36060579617475,-12.760707977810407,-0.5016974893339489,-9.245808068884527,2.443265938197253,-0.4397455355303084,-1.05587998223416,-0.062741,0.04070310432571453,-1.5414303414779804,1.570121183591503,0.06981699999999999
1986-08,1.8507235087258673,0.24357982712454868,0.27052922037575167,-2.3681138885662065,2.627540507610068,1.7954040617769655,1.728033810202176,-1.8039578534874228,-12.588978787234495,-12.513886867076021,2.3123318411055234,-9.465229229439634,2.2852547958802174,-0.37686452038671764,1.174858756519572,0.06981699999999999,0.04446599455482808,1.570121183591503,-1.8017841835143842,-0.087743
1986-09,1.6616028646914855,0.6081641997520222,0.903246978638687,-2.3602812438494585,2.847250785164173,2.6140555277767814,1.6287852318166545,3.090730777065123,-12.241226296252744,-12.745448971374408,-2.3087132281813876,-9.159002900824062,2.455091003143698,-0.20008531179567948,-1.4749699366623354,-0.087743,0.048697841174772154,-1.8017841835143842,0.9670217476308527,0.051938
1986-10,1.7514516701080727,0.12114528175177054,0.21274096707954307,-2.319543295052022,2.76428251310907,2.4334899535197647,1.6201578307810105,-0.8008716297345505,-12.426718185030014,-12.404783766663186,1.3341196518903573,-9.365744254704278,2.311379368568137,-0.31233689812422566,0.8733350787531111,0.051938,0.053709236764576486,0.9670217476308527,0.38389968996231527,0.020975999999999998
1986-11,1.7652076639894818,0.12109966860298434,0.37186944260621885,-2.2785199879364777,2.6816265583908097,2.083464674743969,1.674045698500822,-0.2724653049268093,-12.49384922111314,-12.592667345561756,1.232461695435739,-9.465339447207468,2.267692603059572,-0.0826886801142508,0.35293826785999294,0.020975999999999998,0.054639273092559844,0.38389968996231527,-0.6282892518124946,-0.032413
1986-12,1.880583088923793,0.12105410093459779,0.27131459069750746,-2.237246962989424,2.7158992544059206,2.01537270599469,1.7310380984383478,1.0817787323734096,-12.379109349786692,-12.660501114969247,-0.08314036487084019,-9.398916920431054,2.2899072048108926,-0.4425195022482409,-0.5455872062396021,-0.032413,0.05158929570495544,-0.6282892518124946,2.5666152733683245,0.130983
1987-01,1.7291529749670742,0.846980686119312,0.5328620424100332,-2.285033473250011,2.678017799594747,2.007071761036767,1.700432505001294,0.4409769498378036,-12.816129515401311,-12.54249686166074,0.7439892301076625,-9.76309674361076,2.0113977807945607,-0.22714882666173694,2.199685065444237,0.130983,0.05103335952181998,2.5666152733683245,0.5900730804816604,0.037478000000000004
1987-02,1.6157125900404858,0.4812099609118707,0.3037758017964687,-2.332021446079019,2.6265344793235,1.7429570960415075,1.751188642343219,-1.1542276144388368,-12.930142277535047,-12.985265506356065,0.9337253722315123,-9.83526856941705,1.9511920534669132,-0.17521680822254437,0.6297087256132425,0.037478000000000004,0.06351416670187317,0.5900730804816604,0.3543387693358404,0.021636
1987-03,1.5912395613644106,0.5996761711987264,0.424156255329554,-2.378281241911979,2.7364789788370274,2.01658544870825,1.75184014561877,1.0900225210732575,-13.005214967491442,-13.100469601203466,-1.0304733192136162,-9.873617396416718,1.965041878557889,-0.08622630947114328,0.3637625565466042,0.021636,0.06106021094037699,0.3543387693358404,-0.22532531365346165,-0.013444999999999999
1987-04,1.5157728812059479,0.7167564149434005,0.9027938134928026,-2.289665017418456,2.955621715682385,2.519193640471168,1.768145094999153,-0.23257802579778375,-12.92662034926012,-13.158757698142136,-2.17894578805202,-9.88299951862726,1.980329252119525,0.17476832212219467,-0.22618463339990702,-0.013444999999999999,0.05966928341072985,-0.22532531365346165,0.08946326465993963,0.005328000000000001
1987-05,1.503936997460624,0.4755577223613442,0.5360589858617616,-2.2003403128813015,3.0263589429953246,2.6790259758411503,1.7750441918752444,0.4253019688218264,-12.912489050388288,-13.079155865788643,-0.4838856510655306,-9.950882985928967,1.9753540261604536,0.2700976999328077,0.08969362135789453,0.005328000000000001,0.05955517072009785,0.08946326465993963,0.7848466931054182,0.04534
1987-06,1.5303494845561074,0.47413889001798876,0.23060214789350253,-2.11020238023792,3.0145929118631827,2.6427027157550977,1.7788062594757768,0.45765616357250927,-13.044968546506034,-13.064906147628628,0.45190931975977844,-10.153173511451623,1.870917359843997,0.2025156292945655,0.763571643392842,0.04534,0.05776924385143592,0.7848466931054182,0.7648194311645851,0.045243
1987-07,1.5185077468051877,0.3545494471922095,0.1763203325761383,-2.220334432177995,3.1156890160110353,2.8776331976033864,1.785700031858856,0.4739746593024018,-13.181313447829819,-13.204893124505851,-0.820823205841806,-10.194753974084009,1.7582153132620917,0.07328300337464005,0.762239115384526,0.045243,0.059155139313221694,0.7648194311645851,0.5952022089139485,0.034407999999999994
1987-08,1.4427881288195101,0.7075809996025748,0.3829232380839811,-2.3264326729309683,3.212660552593301,2.823197225785049,1.8960147795653073,0.7232728654940198,-13.269033895284153,-13.342904840333311,-0.7609438017972162,-10.197293582780116,1.697057991756416,0.07778614879763791,0.5800030560648874,0.034407999999999994,0.05780892524371417,0.5952022089139485,-0.4799876366784558,-0.02644
1987-09,1.4436314363604006,0.7042203115268729,0.5467170694245674,-2.4287147934727704,3.40080142950097,2.988629950363461,2.0092940785262052,-0.4261529809561896,-13.145013258620661,-13.43156110758201,-1.6988822268704447,-10.009575380168387,1.7395990703065962,0.24739607461597285,-0.4458953858319603,-0.02644,0.0550847521468812,-0.4799876366784558,-4.480006351830246,-0.221795
1987-10,1.4061114646921817,0.35046858484153054,14.108279858538648,-2.5421930184513357,3.172170445483325,2.65526032301718,1.9249575999209783,-0.9327478403130957,-12.230339783009825,-13.304233800592101,2.8562105351613845,-9.083100864748335,2.2659193405061107,0.40840092832687036,-3.7059561936763976,-0.221795,0.04950774230696986,-4.480006351830246,-1.073429279837883,-0.085374
1987-11,1.5604444663989574,0.11657961428771138,1.3495146109282028,-2.6512301186296043,3.1868405749722517,3.0656448499494506,1.787409233951181,0.7078652087534418,-11.886711792222576,-12.37708900742454,0.1697449031372484,-8.680416657559425,2.464472153219539,0.386012634805823,-1.4252036572389164,-0.085374,0.07953388416318753,-1.073429279837883,0.8431878888868025,0.070022
1987-12,1.5101803080919158,0.0,1.3629226953572022,-2.7561205994309286,3.1469924917889256,2.9008432380277536,1.8131328064667553,0.37828974963785816,-12.12141801111293,-12.028867573420433,0.7573048615445575,-8.811747872000078,2.331164766872474,0.5179795178741322,1.1688254013951094,0.070022,0.08304436166943144,0.8431878888868025,0.4686228191267545,0.039812
1988-01,1.5238863780250882,0.34979786899594456,1.8208995972858137,-2.817621935370774,2.913476209353321,2.2913909339049456,1.8262803526184412,-1.1988304974886523,-12.244814046912769,-12.268263416757764,3.0418361568103296,-8.878115999916664,2.3085395017211408,0.3288032696162065,0.6648616791618003,0.039812,0.08495531667490466,0.4686228191267545,0.556861879471167,0.042845
1988-02,1.5632410203153377,0.3490847483352323,0.39134819092677675,-2.877496599770179,2.9193805398631785,2.434044097007394,1.7797628745083889,0.6922084195450553,-12.37173335342189,-12.393401763337659,0.23765963239001184,-8.950156890567301,2.182299663243753,0.3433874833974151,0.7158176504349769,0.042845,0.07694008438984629,0.556861879471167,-0.4567259771542033,-0.035247
1988-03,1.5128835644494971,0.5806117529923984,0.33018073938363235,-2.93574452928351,3.0782899488725577,2.794370530570623,1.7929600241360328,0.9579234352471853,-12.2281191015215,-12.522075086772492,-1.4017122328004126,-8.774468517155439,2.3263947883054286,0.23754831934354528,-0.5890783684782529,-0.035247,0.07717318865815166,-0.4567259771542033,0.07624685994205446,0.005915999999999999
1988-04,1.5779344427111452,0.6940893427879384,0.6887209401824479,-3.109532673156214,3.1716300202793883,2.84999174363091,1.859555095958251,0.08860673150999207,-12.223198460956773,-12.357668227891104,-0.7306254640900065,-8.629687071960127,2.276095842172408,0.1979056187121041,0.09893955012560256,0.005915999999999999,0.0775900804898195,0.07624685994205446,0.037568492088352515,0.0029119999999999997
1988-05,1.4633267471900293,0.4606085315809747,0.509002477619853,-3.2722091074340915,3.247327194878991,2.7460567050317017,1.9700460473114927,0.3626993893278034,-12.19636521322325,-12.353204735543747,-0.4659592677073964,-8.473227262550314,2.2778337351328277,0.05266694794974061,0.04873293082316169,0.0029119999999999997,0.0775117615354814,0.037568492088352515,0.5519408430914691,0.042776
1988-06,1.4641771770774463,0.5741056744182531,0.47046274906016694,-3.424744877766888,3.1259145493073834,2.2822861661358176,2.033230094546691,0.08871895696614696,-12.311060155483865,-12.326514977626612,1.6796722973446085,-8.45555239505591,2.1602916612809255,-0.2109724704873455,0.7161684272088512,0.042776,0.07750105928093284,0.5519408430914691,-0.1235210905413481,-0.009558
1988-07,1.4778821951981924,0.5719769207121786,0.3808196728056102,-3.4548165277692107,3.2255184005923656,2.3069904144421804,2.118260434930933,0.47611358934632575,-12.259599156932994,-12.449804416547005,-0.7759889551549025,-8.386386444533711,2.1735784927016106,-0.11033699604498268,-0.16012179509416816,-0.009558,0.07737949817404263,-0.1235210905413481,-0.5029926085549742,-0.038388000000000005
1988-08,1.4144281303157624,0.5698662678064902,0.27722115648296825,-3.4839893463113114,3.2330294644912803,2.0545712886313963,2.2218942548253056,-0.0323002840815277,-12.08676575280602,-12.397938367067855,0.2649240450778419,-8.204464848080702,2.2778272273786726,-0.2438178080012726,-0.6432857318673253,-0.038388000000000005,0.0763192129408884,-0.5029926085549742,0.4777762134927456,0.036539
1988-09,1.3894874652913813,0.9083142366638685,0.23791430188230628,-3.512290976481506,3.1187573723321447,1.625873561204924,2.2781347408010584,-0.15352460827025233,-12.197656659917323,-12.223033541662172,1.5748240268647313,-8.284880352637337,2.1903865429193523,-0.39063205316087996,0.6126059095525895,0.036539,0.07647722713712451,0.4777762134927456,0.2706352104813861,0.020791000000000004
1988-10,1.1584331291077485,0.45137159487266826,0.3255687370513251,-3.5290880555839963,3.022113088127754,1.2980933734278273,2.3122264971684987,-0.2829768019128929,-12.252210652933542,-12.328103500800673,1.4054451465491786,-8.32363591351411,2.154021570978532,-0.40844058276189554,0.34879652441297454,0.020791000000000004,0.07682296757697749,0.2706352104813861,-0.46774157069118233,-0.020055
1988-11,1.3264724266984955,0.11252496500615904,0.26909063334083816,-3.5453413734376644,3.135638098911293,1.2398306183087726,2.4401949491131045,0.21843670253243933,-12.145824151280735,-12.383907734524536,-0.8942911953569131,-8.2135993220903,2.1889623541901586,-0.30304354207939677,-0.3366277825271612,-0.020055,0.0428762403358006,-0.46774157069118233,0.3445750084817125,0.012253
1988-12,1.3916392967200941,0.22498365180915542,0.12542854076515553,-3.5610692489875073,3.1167154412292843,0.9367441342107693,2.5362322026749875,-0.5746445125442644,-12.161862471319628,-12.276542665448364,0.5021947672683744,-8.21664616894513,2.134417251359992,-0.8342872756518944,0.20580452643970581,0.012253,0.03555974663975173,0.3445750084817125,2.266897269214849,0.066803
1989-01,1.3279208728861926,0.6741682236847463,0.19268735604713244,-3.5906502502811746,3.0641605830149365,0.6416697651651215,2.597340872818676,-0.008098930644144018,-12.37607571678154,-12.29686001218334,0.9270429864217028,-8.392782311993354,1.975703066648209,-0.8702696328554638,1.12202439959012,0.066803,0.029468913702974088,2.266897269214849,-0.9351471392643896,-0.031131
1989-02,1.2511925712898575,0.5593199584618772,0.23502646890395876,-3.619269669763503,3.17049243480858,0.6926660996557402,2.676819955514307,0.40517856554756293,-12.236015913655237,-12.514380788543482,-0.8174515671812466,-8.241804646664008,2.048936863130687,-0.9645509355435153,-0.5230832812140379,-0.031131,0.033289948386612644,-0.9351471392643896,0.5075950612469539,0.016338
1989-03,1.1226856629984379,0.780186553035535,0.25718035135192363,-3.646959035630566,3.1480386702528618,0.39712705822653926,2.7651167142528683,-0.4702367345106503,-12.277176573801936,-12.372743144369874,0.5574593356932752,-8.258771834661895,2.1495048074978085,-0.8963670722160662,0.27469811971007196,0.016338,0.03218707439718622,0.5075950612469539,1.4566038125026457,0.045007000000000005
1989-04,1.0585724875179912,0.8868984851119751,0.19110432038406,-3.611284107975546,3.108895944848674,0.4479688783058274,2.709464304369688,0.4380495441534955,-12.408272607293483,-12.403295190933514,0.7268575062702489,-8.413515797639606,2.0380506080539442,-0.8834732223030691,0.7570143089907915,0.045007000000000005,0.030898587257348852,1.4566038125026457,0.9894402544121956,0.033122
1989-05,1.1494494336910055,0.7713498283737812,0.21467616084732047,-3.5763050778248475,2.9723037959128193,0.29588325604601423,2.6386100741906917,-0.17857654375503096,-12.486793681670644,-12.5368978603691,1.8310390071371854,-8.520484726512045,1.9872995654627184,-1.0717915750877347,0.5574038892362239,0.033122,0.0334754926861926,0.9894402544121956,-0.36521576897886326,-0.012711
1989-06,1.2016787200888408,0.32888841959517084,0.2861019331509286,-3.5419984827065814,2.779045612797129,0.05071803417080461,2.54949461334044,-1.2575890569344035,-12.412561245432128,-12.617182805874128,2.5040963154332303,-8.48527960929784,2.019702549087658,-0.9247730156512257,-0.21403666969154664,-0.012711,0.034804083174008967,-0.36521576897886326,2.5362725760932148,0.08305299999999999
1989-07,1.2151827321304656,0.32827192359822943,0.20397917442735516,-3.412533743081178,2.711291427743748,0.1098870057417922,2.4639576878159035,-0.4870403581514286,-12.670161778019304,-12.541542968709303,1.0837204933579916,-8.840139545626148,1.8515766940318947,-1.0998398857129656,1.3979071651229515,0.08305299999999999,0.032746086040930156,2.5362725760932148,0.3075508710154698,0.012452999999999999
1989-08,1.1898816563360328,0.2184360759613984,0.2764850748672961,-3.282449370119839,2.846140495905379,0.4312292913000386,2.4691193141023158,0.7794946901695607,-12.676856146397396,-12.803387461406802,-1.178690080675536,-8.964309675565381,1.7989659166345568,-0.9552236523476099,0.20973900138284998,0.012452999999999999,0.04049086240231657,0.3075508710154698,-0.2685724997117017,-0.010504
1989-09,1.1645395238017804,0.4364076671431739,0.11023311292744775,-3.151574853394009,2.8658231206544484,0.6090619148486951,2.4213512738888094,0.1706242182600147,-12.605460618979123,-12.810828827741854,0.08652378076030749,-9.016318230979815,1.8279518504105237,-0.989225742257358,-0.1770191239138686,-0.010504,0.039110482313995235,-0.2685724997117017,-0.8056237571668269,-0.030439
1989-10,1.152110442487176,0.6528453829530984,1.1294471453328119,-3.0655724876239043,2.7404914784023684,0.3892299212969108,2.38624113458191,-0.8369994617273109,-12.472794649867362,-12.74408544841696,1.7243529860374915,-8.972504686144564,1.8603226991940878,-0.9342036754044526,-0.5131782653145431,-0.030439,0.03778314595270402,-0.8056237571668269,0.35431790847234806,0.013579
1989-11,1.1914989897011616,0.32503930247905227,0.16936141607911112,-2.9796313394183724,2.733610031529079,0.33007232349562743,2.4010627469662533,-0.06505169691226345,-12.491884649534372,-12.610031846530557,0.35510481529143023,-9.06939053357207,1.8175419683821823,-1.035341154411519,0.22907914307684774,0.013579,0.038324340021497226,0.35431790847234806,0.43471760658750563,0.016557000000000002
1989-12,1.2439133060342324,0.21629066458191018,0.18518788141940068,-2.8936984060934186,2.7604720162667467,0.448705774914651,2.381613437817462,0.09764098686401179,-12.52809682028587,-12.629827628416258,-0.02733281117513084,-9.182482423823926,1.785775007870149,-0.47213502175076977,0.2794955779370196,0.016557000000000002,0.03808679416039983,0.43471760658750563,-1.9193292736893535,-0.073361
1990-01,1.2315515444635956,1.4036255613571622,0.5802147304518659,-2.7922716204498874,2.9253754120266784,0.8555538217615529,2.3840150500050696,1.2364345508155727,-12.239890035259869,-12.67324018225284,-1.5604616878511888,-9.005215391755351,1.897399520402078,-0.5316608002059814,-1.2377272846592258,-0.073361,0.03822220658312826,-1.9193292736893535,0.19588673130264303,0.007681000000000001
1990-02,1.1932131979638503,0.6415406563827395,0.20241855830170874,-2.6899680148143132,2.9615542129271057,0.8645043727935852,2.4143866899227873,0.10581620937593934,-12.24045166000276,-12.381285042837805,-0.11380401475117269,-9.096478965973798,1.8703233054553339,-0.4485346048912021,0.12967610613840855,0.007681000000000001,0.039211435858475446,0.19588673130264303,0.5280382981104791,0.020188
1990-03,1.0898925419213432,0.745305780969044,0.20724362549343786,-2.5867008890415817,3.004278823361568,0.8395362532894713,2.4632682418514644,0.2687757804040668,-12.296516009505511,-12.382105039859612,-0.20040669256316326,-9.240302203901953,2.1546145671717425,-0.393416480194801,0.34103814035267926,0.020188,0.038232075348019846,0.5280382981104791,-0.8181314946115896,-0.031404
1990-04,1.0903295279369352,0.21189739036025462,0.19416964612799292,-2.521822384100337,3.1207095213961846,1.2473129445114086,2.4218807310553743,0.08964993842388391,-12.160418292736475,-12.430511209929556,-0.9199284369549477,-9.172313923411998,2.1957889121614333,-0.38785198215496347,-0.5307133210302772,-0.031404,0.03838502759866144,-0.8181314946115896,2.4334004534340226,0.090619
1990-05,1.2207114328791235,0.3175234871707261,0.27353878075441723,-2.4572186606468813,2.981134449917116,0.9254049203380156,2.4117222158585734,-0.24464555620312226,-12.438116632337252,-12.29300353963697,1.8875874211515136,-9.490018731571888,2.0277768783183716,-0.08644265156830168,1.5304165052801113,0.090619,0.03723965772757138,2.4334004534340226,-0.2933900390805291,-0.013054
1990-06,1.2472927131842382,0.7395159342127297,0.2715067374263332,-2.392867509559082,2.9161907495106227,0.7729866313593381,2.4078187599514904,-0.11424010685952886,-12.36676703375184,-12.575029808928875,1.0462996490257594,-9.482479867081254,2.0247769498035217,-0.01939055893773288,-0.2205889406251087,-0.013054,0.04449367143107733,-0.2933900390805291,-0.252887814392887,-0.011254
1990-07,1.2479011580762218,0.5256565153099266,0.26107446172215903,-2.40397403449376,2.9019597354861983,0.8328974959573973,2.3729040355541056,-0.04082625223094467,-12.327378020455264,-12.521008857186034,0.4870416832513017,-9.44086415146967,2.0074925311440524,0.18680190294870658,-0.19028385772659678,-0.011254,0.044501946552931826,-0.252887814392887,-2.5882553338626484,-0.097401
1990-08,1.300560354054475,1.2569001933608912,1.1720358097529373,-2.414949755058969,3.102702757165297,1.488080454493232,2.3195068287147937,1.036990304936607,-11.952844717065053,-12.481050485426826,-1.9030950209475588,-9.085694959098547,2.2311783324916883,0.055048628041310714,-1.6446476333125908,-0.097401,0.037631913175521656,-2.5882553338626484,-1.1733797475168226,-0.054959
1990-09,1.4053722433758384,1.141915275384504,0.39932061288571646,-2.425796775763847,3.0808747800848293,1.514349558762888,2.2911248595200107,-0.21242542019460015,-11.74773120230228,-12.10135640523621,0.5317126618837819,-8.887276831608522,2.379162662130282,0.05252470154050851,-0.9279545550072233,-0.054959,0.04683820401392437,-1.1733797475168226,-0.2106395622042499,-0.010397
1990-10,1.5754469089121788,0.8239572491662615,0.9041979588982753,-2.3737169422865714,3.0256458592522657,1.5406253900145812,2.2318021793800322,-0.6783390582696868,-11.700226558132465,-11.885204590561488,0.9773053764241092,-8.888272044973261,2.389785336720069,-0.018011045201701666,-0.1756519313830206,-0.010397,0.04935919867663981,-0.2106395622042499,1.2095535191065996,0.058861
1990-11,1.7196629800414254,0.30729606147729555,0.49123774224221983,-2.3216881643426195,2.890209050751503,1.2945256828805183,2.1974849360793627,-0.9562194964375484,-11.886323122068925,-11.837252910963594,1.825319984587492,-9.10724307842391,2.280728472141754,0.03482562715165889,0.994564664324248,0.058861,0.04866341097785893,1.2095535191065996,0.42780151732376814,0.021987
1990-12,1.7988507962423126,0.0,0.1600364171028692,-2.2696990104481145,2.8425828678793605,1.4485896580781035,2.0980515370448027,-0.16355708921523388,-11.950481573227224,-12.02614349359722,0.849392878315726,-9.212832093878465,2.2169595800886235,-0.070659977720656,0.3717330989897982,0.021987,0.05139532963217573,0.42780151732376814,0.7718648451167738,0.039801
1991-01,1.838985684098149,0.8183476865905105,0.6434479463871048,-2.24274412253824,2.818636385463103,1.832585880244356,1.9366537779077408,0.1636603679886288,-12.09464420334038,-12.114164232924974,0.5908022848449791,-9.372285997433766,2.1338500290641993,0.02762711253326043,0.6732087281893548,0.039801,0.05156472697493898,0.7718648451167738,1.3794761053078082,0.066765
1991-02,1.6181981427122851,0.20347600147592,0.49006936249633726,-2.215627649072822,2.8316908441542625,2.1054069723955293,1.8500590194879074,0.7448935682750083,-12.324765283874958,-12.260134690737866,0.13642618166635184,-9.61278868164828,2.025767506102357,0.04775319931963922,1.129262237912715,0.066765,0.04839880860792616,1.3794761053078082,0.38337704850302845,0.019954
1991-03,1.5146547665145824,0.20327893616639542,0.27726377776669964,-2.188345845308063,2.841343480281824,2.1564899638594257,1.841312031721601,0.573257115006512,-12.398090256808045,-12.49317130933821,0.1729170850095646,-9.707620041116291,2.0917030653363735,0.12456139047675258,0.33770673162284864,0.019954,0.052047977514340885,0.38337704850302845,-0.05826236275078074,-0.003032
1991-04,1.4109593665900029,0.20308238905415726,0.41811366213235046,-2.08645729788665,2.8174243626930835,2.3178941655520817,1.7609822034759972,-0.01638921125608989,-12.392106120318596,-12.565910121502556,0.6373856355851466,-9.79070945382023,2.110598667925224,0.2196123153248542,-0.05134627947980801,-0.003032,0.0520404572840529,-0.05826236275078074,0.7459187726477529,0.03823
1991-05,1.3071030990673442,0.4057799982738504,0.3198768277867579,-1.9820232312198318,2.8439035081949418,2.54649903207385,1.7024816594941314,0.31977761067922666,-12.519865467563836,-12.559554386765711,0.0,-10.000192512729255,2.013089819406798,0.26771265811052797,0.6477121543614741,0.03823,0.05125222933362672,0.7459187726477529,-1.0907416983189524,-0.049557000000000004
1991-06,1.2423378985225286,0.4047983199069318,0.23818123881938635,-1.8748950837849516,2.8937419258031634,2.5789329276955977,1.7374755861237625,0.36918390580469307,-12.336144885587952,-12.688735163903948,-0.2871433291576982,-9.920252224015913,2.0967590143988093,0.546611966523641,-0.8396696438927892,-0.049557000000000004,0.04543422157269415,-1.0907416983189524,0.8766329688435456,0.041625999999999996
1991-07,1.1643789130082134,0.20190747371654164,0.2232106711597699,-1.7507063009729846,2.859591418478836,2.4841256721521554,1.7412874210444982,0.08209301480311061,-12.477095663195295,-12.493206425194876,0.7159051223628695,-10.156336386181506,2.014758978068151,0.569515973578854,0.7055818703815875,0.041625999999999996,0.047483954493421604,0.8766329688435456,0.394594558144899,0.019285
1991-08,1.177980486069649,0.40343611750360553,0.4116408944776906,-1.6232905108390707,2.7518283920254585,2.423651512187062,1.664013423796839,-0.5338322825996784,-12.529227425065983,-12.63593367045541,1.5495120195516237,-10.31101854380064,2.002144634852712,0.665741646860021,0.3270889312106216,0.019285,0.04887294971999679,0.394594558144899,-0.531731405592208,-0.021461
1991-09,1.1784990056510198,0.6036874553136482,0.09592904035738069,-1.492449929614909,2.6578163306577114,2.2786864933067394,1.6304273313380568,-0.2629614100074081,-12.442657409292984,-12.688598666613135,1.3805110455327048,-10.33775588931539,2.019815632945804,0.8951684586958312,-0.36417415504455736,-0.021461,0.04036060269206429,-0.531731405592208,0.2460588277688372,0.009257999999999999
1991-10,1.2314518564896442,0.2004515888124168,0.22756178122839626,-1.3595857452932374,2.6613565045171432,2.481593031350474,1.559364616056314,-0.09044936118232635,-12.487239926128229,-12.620257286596887,0.24618715792476908,-10.486651312396411,1.9851605874912,0.9811101937932928,0.15719951282562278,0.009257999999999999,0.037625148766040346,0.2460588277688372,-1.1732337961144184,-0.044114
1991-11,1.2713702067238206,0.40053156867215994,0.4143865561261194,-1.2214500274942899,2.6548246479147557,2.8270033049361554,1.4257685294094533,0.19746594600430423,-12.329453441901896,-12.664982530162098,0.3740681916735454,-10.450004970382885,2.1048569744018715,1.181047138506273,-0.7491717117093226,-0.044114,0.03760034883592616,-1.1732337961144184,3.0739916403145067,0.110289
1991-12,1.245745061971756,0.09989064129896637,0.41465429475600785,-1.0776583640180597,2.4569505203463926,2.739634837645135,1.273292807000082,-1.1926341535253717,-12.709255752399004,-12.50465520824477,2.6419624798913337,-10.915182198958652,1.9223957428344312,1.2249069784791982,1.8705185630072982,0.110289,0.035878106678493143,3.0739916403145067,-0.457412765383676,-0.021748
1992-01,1.22007922852591,0.19973813603187432,0.17656976742795966,-1.0828875666103528,2.6120886750729624,3.3512403132345288,1.1895122991643494,1.241632902457722,-12.618126841374831,-12.870111295380887,-1.4716825927552513,-10.81802051745946,1.8894234552672091,1.2305413269752201,-0.3690282415823969,-0.021748,0.04754567787752462,-0.457412765383676,0.21616457659152374,0.010065
1992-02,1.2337726016117805,0.4988821776273806,0.18488907524348627,-1.088080999312827,2.6157649456045333,3.3186425298613367,1.2027286581579826,0.37023101938935443,-12.633326636638031,-12.777509966937604,0.23179963738585194,-10.819809488903388,1.8633324948042527,1.293395299571534,0.17089413525894634,0.010065,0.04656174549366322,0.21616457659152374,-0.5383077619937455,-0.02287
1992-03,1.1817890992897682,0.6962477892096917,0.09513644669226795,-1.093239119193405,2.6832253183326618,3.3115169270893983,1.2660971570101045,0.1728814470295452,-12.536317333958328,-12.792675662778684,-0.42740656582879605,-10.717884299161005,1.837535315909638,1.615434330863465,-0.3884940226870842,-0.02287,0.042484990213211386,-0.5383077619937455,0.5964707858654161,0.025414
1992-04,1.1560158809477776,0.1980287397687244,0.33652620161627855,-1.1641543350913424,2.7034997241652916,3.595948215345092,1.1758922170115302,0.0,-12.628294912722708,-12.706269590650738,0.07279526945077144,-10.73746721578179,1.7691958852930465,1.4911128993491278,0.43195326546418555,0.025414,0.042607283713194714,0.5964707858654161,0.047425794314593456,0.0020499999999999997
1992-05,1.1170519146218383,0.19784505962008686,0.13984666113044744,-1.233919349290363,2.6297141185940998,3.502640441413426,1.1389184521622084,0.09067069070720025,-12.624867728542943,-12.799024509821026,1.1056854739734565,-10.670668515380314,1.7487977619314468,1.4343775853577276,0.034864936856785954,0.0020499999999999997,0.04322542257071257,0.047425794314593456,-0.43615523716307947,-0.01823
1992-06,1.0911852822968127,0.4941613103023023,0.15264468995388392,-1.3025770513060801,2.5762569821463948,3.336062001004458,1.1489913483201335,-0.36287362628262726,-12.55607079439762,-12.795085091067703,0.9103018754585596,-10.545401298033394,1.7894600708707307,1.6624056150607296,-0.31020263075347043,-0.01823,0.04179704482875156,-0.43615523716307947,0.9545827236978549,0.037824
1992-07,1.0126358931674222,0.2955931313972616,0.1820126142713642,-1.3716155925186206,2.4455990370792966,3.378407715522338,1.0082829979921193,-0.742422897516163,-12.679087965165166,-12.717276522079075,1.8096493436471437,-10.598356414060651,1.7490617125982666,1.6017904727075494,0.6439051789440909,0.037824,0.03962359579846333,0.9545827236978549,-0.5906423107759838,-0.023215
1992-08,0.9208127551754429,0.39348891144617376,0.07497098693360416,-1.4392918579663827,2.4429174020407554,3.4284217797167242,0.9836958071239685,0.18984641590068702,-12.577971577122772,-12.841586335792973,0.30482774934884227,-10.445999867573983,1.8217772918857194,1.6621682673319425,-0.3953891471425633,-0.023215,0.03930466811546266,-0.5906423107759838,0.2213704363859098,0.00874
1992-09,0.9210477218332609,0.39257742911730537,0.17701520631579085,-1.5056577650375857,2.393141165273982,3.477721473798289,0.9150399775019414,-0.71005603634729,-12.596093735119885,-12.738798853264727,0.8419914614870251,-10.405970309750188,1.8132482228073374,1.5887859106456663,0.1489493953339049,0.00874,0.039481333382583056,0.2213704363859098,0.06387915739654407,0.002496
1992-10,1.1188608822614166,0.48958623155972125,0.1916747440519103,-1.5842991235666157,2.4982216735356655,3.7637462038631444,0.8997902278261344,0.3469675237445002,-12.597384109087885,-12.765004968855875,-0.9010512974787561,-10.341258842238096,1.838265466479628,1.587625755979406,0.04256393838114045,0.002496,0.03907377776612683,0.06387915739654407,0.8077677254056503,0.031493999999999994
1992-11,1.1324839547666847,0.1952421076958952,0.10318409088506572,-1.661561003086151,2.522367421969284,3.587986639546122,0.9852759505193964,0.4876495347759494,-12.696234521225806,-12.76584596397052,0.04553545278660554,-10.36902455658727,1.793803212337418,1.4680699609262524,0.5373377089549335,0.031493999999999994,0.03898893086398583,0.8077677254056503,0.2787472545724334,0.010579999999999999
1992-12,1.0933958509463177,-0.09752236189266292,0.09579406195246959,-1.7374923774467679,2.4488640492631606,3.3250758289779747,1.0141685118261927,-0.14886390152412776,-12.723818528490032,-12.865489978198072,1.1202658297076855,-10.333028821600172,1.7954288270582464,1.5011539431631755,0.18062362158564468,0.010579999999999999,0.037955530777257405,0.2787472545724334,0.23850928041948588,0.004982
1993-01,1.0014998040709444,0.6834634622634307,0.07089009436120425,-1.780184271630715,2.446181098146651,3.4888566416921134,0.9453850835070394,-0.24824826577126977,-12.730327338376469,-12.88293909982236,1.274960382643021,-10.305485378488678,1.7900114306794868,1.6146624940557779,0.08510648005939939,0.004982,0.020888076100174163,0.23850928041948588,0.5670337499105148,0.011326
1993-02,0.896287747750266,0.4860426704039667,0.2331449289420827,-1.822265541936981,2.35590634287579,3.317553510286674,0.9238156530095627,-0.8110854095747786,-12.748606548402226,-12.889182702977314,1.6108993551290711,-10.289906908806467,1.7570834203436168,1.5754672270475965,0.1935992500408697,0.011326,0.019974119709430676,0.5670337499105148,0.9336850270814709,0.018702
1993-03,0.7513730490503548,0.48459440195323045,0.2043158182406389,-1.8637506830807293,2.3702141701639525,3.326727032558739,0.930615959841229,0.033126082657441505,-12.794868866827274,-12.907341282117091,0.09562059615254269,-10.30136283208123,1.5176362865931396,1.4359619801105192,0.3198698877295408,0.018702,0.020030309427215558,0.9336850270814709,-1.368769477135348,-0.026919
1993-04,0.8965846928567487,0.38652662137881755,0.20440000151345564,-1.8250502305405814,2.3676493801546785,3.376210456686858,0.9058525799377911,-0.16572891064207704,-12.68968011705491,-12.958561564540869,0.3280416781258023,-10.23782729308313,1.5198629206315926,1.541197834772652,-0.4606006936417367,-0.026919,0.019666569462330412,-1.368769477135348,1.2130954090889137,0.024059
1993-05,1.0287824353156443,0.19282266166736722,0.16631922208202263,-1.786021352370884,2.368461135582692,3.295940901488744,0.9347555337797079,-0.22386320092004416,-12.755119444673749,-12.851555178648896,0.21427089614487774,-10.332052170279443,1.475633365833674,1.558795937335799,0.4118966851263906,0.024059,0.019832735182856998,1.2130954090889137,0.04598834970768516,0.0009659999999999998
1993-06,0.9763158015742717,0.19265122574623972,0.11681507003826817,-1.7466570195356044,2.257898029811909,2.934152401499185,0.9700168050685412,-1.292819393596223,-12.743312695905244,-12.917379472023775,2.043903255844382,-10.354611951561242,1.4792228052358742,1.5940745085293764,0.01654831858481632,0.0009659999999999998,0.021005319959080216,0.04598834970768516,-0.34385051722538296,-0.006992999999999999
1993-07,1.0030220394037699,0.0,0.12400341666433295,-1.8219429804912408,2.218303082518108,2.8578320014068765,0.961053820106056,-0.754320765481994,-12.714738535804036,-12.90947633270551,0.8697490434048827,-10.268734154997855,1.4682639651556215,1.5888685624920897,-0.1198654047683625,-0.006992999999999999,0.020337325813636373,-0.34385051722538296,2.0219360246254148,0.034931
1993-08,0.9901299592950286,0.385137155068696,0.057353802170050476,-1.895941225658715,2.107737815819728,2.6044606972112985,0.9552418396219424,-1.2180926687031406,-12.823465458435171,-12.879992369460581,1.973657848562739,-10.312154703373238,1.4220637694316325,1.557790709534069,0.5990269064712525,0.034931,0.0172760164389827,2.0219360246254148,-0.540229000934619,-0.010182
1993-09,0.8979288345649001,0.28820239981613505,0.0959043821598647,-1.9686921198708964,2.1222912576225577,2.6915711943194673,0.9335933203168778,0.31505968613152247,-12.77692887392791,-12.98952713841869,0.02275157476833673,-10.213732920499114,1.4593432648813294,1.622074662945722,-0.17470833845084038,-0.010182,0.018847562760208558,-0.540229000934619,0.9352760236291527,0.017684
1993-10,0.8452692412117095,0.5755003605355554,0.06404666266132725,-2.0593661421826472,2.109777215626061,2.6007352813312368,0.9562565898565853,-0.3732888563699591,-12.827282741232892,-12.935984720058713,0.43708386286598233,-10.191589074178598,1.408345062100995,1.5654351462152882,0.3036118697774496,0.017684,0.0189077871700172,0.9352760236291527,-0.5699599677011157,-0.011155
1993-11,0.9644140252152904,0.09556673576319433,0.1175121957331261,-2.1478449945173033,2.205575101063261,2.760254512018824,0.9821176190300377,0.5892168079703312,-12.764438782325056,-12.986495953897698,-1.178566809433127,-10.067157924726859,1.405822674285057,1.7003276950289659,-0.1916239355666391,-0.011155,0.019571549989717225,-0.5699599677011157,0.5868952152443146,0.010346
1993-12,1.0043677398217232,0.0,0.055002366992561696,-2.2342157315988027,2.216708187249434,2.8140719800827405,0.9699647372327477,0.39025391231113327,-12.782758074468035,-12.922382946987783,0.09106427682766646,-10.020521007883346,1.3782833497529192,1.773791016067513,0.17783538643478378,0.010346,0.01762835976724249,0.5868952152443146,1.7556554794247041,0.030929
1994-01,0.9650007905230772,0.3823685296079204,0.08639904594590454,-2.2710718490679933,2.1600909785177063,2.738912766979958,0.9451055604957671,-0.45689295907128297,-12.870193971468549,-12.93375992329499,1.1702148175888565,-10.079100362467722,1.2992050469094942,1.6943696635021037,0.5319018972178825,0.030929,0.01761678208650302,1.7556554794247041,-1.4855030284561626,-0.029261000000000002
1994-02,0.8991172421557805,0.4768965795686162,0.2094110604801182,-2.307365149382365,2.3135733443622386,2.881072486444477,1.0313007188172156,1.3617338988462684,-12.738964329010358,-13.021954614303992,-2.043961855838913,-9.935123591527962,1.3475241653799648,1.7477584011716807,-0.5034069765827317,-0.029261000000000002,0.019697704709770978,-1.4855030284561626,-2.1790609601102204,-0.046156
1994-03,0.8596242592955617,0.47551388529944294,0.18213114685741444,-2.343107152571707,2.4601347470463013,3.0220450744692675,1.1112516557699443,0.09969976661505019,-12.553205461976482,-12.888747515366642,-1.7909157239614848,-9.740128975885579,1.3842636644045927,1.6264906464478508,-0.7941544053153271,-0.046156,0.02118160108639887,-2.1790609601102204,0.4140458081356166,0.010117000000000001
1994-04,0.8465609809540805,0.1896528626951012,0.2805493779218837,-2.4750426550773947,2.5285712708556507,3.0337865796072094,1.1690575044669091,0.44056541923956444,-12.573073299128703,-12.700575348531789,-0.6801942260716104,-9.658742139700426,1.3658311333748898,1.5470691127179446,0.17417781958887227,0.010117000000000001,0.02443449444774062,0.4140458081356166,0.5657138579616009,0.013209
1994-05,0.8334831153825951,0.09474206672676085,0.15332964775858707,-2.6019368100340987,2.5765631335077654,2.7737128290444417,1.3159169520620198,0.16635082084900998,-12.595607430127744,-12.720446386433599,-0.37199454614221555,-9.584879645938466,1.3366932710542563,1.5396459091739425,0.2275477609464456,0.013209,0.023349260079283035,0.5657138579616009,-1.2319500319452754,-0.027861999999999998
1994-06,0.8998463886945063,0.47363027056733914,0.16291142424515528,-2.7240815335407573,2.627844815159021,2.8910003493647234,1.3166438102032254,0.1581281597997685,-12.480592893434453,-12.743006067783352,-0.45381371673002385,-9.38686489590259,1.384703297673001,1.32102436376642,-0.48016050049619285,-0.027861999999999998,0.0226161770181582,-1.2319500319452754,1.2463034872723477,0.029914
1994-07,0.9133066706498923,0.37781749822110333,0.066908095457917,-2.8272855019429866,2.533348202861729,2.512355826817366,1.3778153383072398,-0.44962621401228225,-12.572642662131143,-12.629957743048742,1.6462210675010904,-9.397700323213915,1.3321240198146882,1.213487474913809,0.5157866848444639,0.029914,0.0240021794895797,1.2463034872723477,1.4802779856681771,0.037641
1994-08,0.8870354319563475,0.5654792418954258,0.11460027641541153,-2.927313732076673,2.5847512979012532,2.5111577103285225,1.4263014294197813,0.4581812661093508,-12.683704209180641,-12.722833868098771,-0.3901708114232025,-9.430329491944,1.2801135567916,1.116750880048922,0.6492995598140917,0.037641,0.02542833195145395,1.4802779856681771,-1.0734573595812706,-0.027639999999999998
1994-09,0.8474810012221352,0.37565994595542246,0.16404408067418064,-3.0242937267732737,2.717353903023194,2.7095626362658964,1.4716340402247639,0.5500631160857526,-12.570661294421216,-12.834908137407416,-1.50001061024732,-9.256171521682239,1.3022350630347677,1.1289441734362737,-0.47697289769732626,-0.027639999999999998,0.02574857748497964,-1.0734573595812706,0.7023120203170292,0.018819
1994-10,0.834390656829166,0.09370707876687824,0.23706487812628643,-3.156108030093412,2.7479774480608277,2.515958378633154,1.5775053937365922,-0.2084760890991376,-12.610848469620809,-12.70580370831061,-0.1133563154360015,-9.197111160316517,1.2793062136492597,1.0126708452959328,0.32494047947028765,0.018819,0.026795782295602675,0.7023120203170292,-1.487260174972682,-0.039948000000000004
1994-11,0.8477993414872319,0.18738028821493385,0.17122189747528574,-3.2817554606417594,2.7446470471148445,2.2353039622411885,1.6865777351320534,-0.40047052986507276,-12.439827708734109,-12.746500376865319,0.2994397592237788,-8.944384683772476,1.33589406640624,0.893128014796708,-0.6899151984531089,-0.039948000000000004,0.02686012889488806,-1.487260174972682,0.36330002326732364,0.010554999999999998
1994-12,0.84796412546623,0.0,0.1443550064756834,-3.401612479198394,2.7142316147927423,1.9152792011513062,1.7860685649492165,-0.03339264438621543,-12.453073317296022,-12.573378139577857,0.7307638650937022,-8.868183200262402,1.301487024661953,0.6470900861851567,0.18239812557931345,0.010554999999999998,0.029053122279140104,0.36330002326732364,0.7501878971038302,0.0218
1995-01,0.8216057794170687,0.5619094831538785,0.05927709721823972,-3.4848734191795963,2.650014038694712,1.6755471482398407,1.8217777584548203,-0.14200182763569552,-12.52831230131675,-12.608630037296209,1.2390460111418047,-8.880386163786897,1.297068142527691,0.5888936489575555,0.376931811193323,0.0218,0.02905938643393331,0.7501878971038302,1.2421375156324364,0.035227999999999995
1995-02,0.7819559277210429,0.5599430356561934,0.09680210447296356,-3.566011910339748,2.5757663759300504,1.4518076679000393,1.8415286365263632,0.01671617919067947,-12.641656658338833,-12.684333840352737,1.3024022471767134,-8.931397325951984,1.2417090693519712,0.5673092338376465,0.6093853395406528,0.035227999999999995,0.028360789008182886,1.2421375156324364,0.8552379281769118,0.024734
1995-03,0.7687966856166012,0.4649987514329383,0.09927052733737314,-3.6450727468844764,2.566090474677252,1.4605642609086702,1.8293825237486456,0.03345251652675695,-12.723652201124146,-12.798554523877746,0.41319364371353345,-8.955957874736923,1.3972337662668584,0.562017579267644,0.42808930121028554,0.024734,0.028920606985619567,0.8552379281769118,0.9381440501817804,0.024995
1995-04,0.7556250225780017,0.46369714518808225,0.05267824898778456,-3.6999503098247475,2.532688219220503,1.4452487981437168,1.80448413653376,0.05020898688253821,-12.789464670449807,-12.864205458770856,0.7676690192111991,-8.986070800542633,1.3432169627066581,0.5085328268215177,0.43284077521769015,0.024995,0.02664302992185136,0.9381440501817804,1.2536140023187312,0.034408999999999995
1995-05,0.729173824374435,0.2774411637832155,0.20745524097145732,-3.753172768159839,2.302423520271396,0.8836594265972747,1.811509065586035,-1.3298490413005577,-12.881559333476568,-12.930616619099467,3.566048076124019,-9.043713132161058,1.2987582734233594,0.42007706743810586,0.5961394269590855,0.034408999999999995,0.027447842746137027,1.2536140023187312,0.6722587144850861,0.019455
1995-06,0.7955814853322898,0.2770326126467343,0.14295951088341527,-3.8047851091996825,2.2795449137278943,0.98862232318412,1.7482964822311065,-0.502045011279581,-12.921581369690916,-13.02359144736281,0.6277506941802449,-9.054563103251276,1.271624343038228,0.32368354229155333,0.33725241446962445,0.019455,0.028939751290396405,0.6722587144850861,1.0191727919375684,0.028904999999999997
1995-07,0.8355162302326417,0.0,0.1587011202435772,-3.8093721578981556,2.351851360206297,1.1982599072673243,1.7330110234428806,0.5608596397202874,-12.993489851389759,-13.061851228960244,-0.7587605679044378,-9.135178280979595,1.2292220875768956,0.2763127613364735,0.5013242209328799,0.028904999999999997,0.028361235924526756,1.0191727919375684,-0.04261879541100241,-0.0012049999999999995
1995-08,0.8223979649904147,0.36899401727780756,0.04244297337504267,-3.8138331389524134,2.2949067740611295,1.0782202324000325,1.727315097929877,-0.18426802161450964,-12.955945091806127,-13.13438942877028,1.066033170889507,-9.112428294536349,1.2541203707330386,0.35709693240485946,-0.020911639164194157,-0.0012049999999999995,0.028273910334146102,-0.04261879541100241,1.448081906799167,0.037802
1995-09,0.8092657955061219,0.27615894964746707,0.07833935610737568,-3.8181705257705,2.258399156617249,1.0868620050140114,1.689649064601449,-0.18437311705658518,-13.053827553825009,-13.096136456920787,0.7907970265292907,-9.21943556394425,1.206114948395764,0.24983876205935915,0.6562964242346938,0.037802,0.026104876956550994,1.448081906799167,-0.29993821967547984,-0.008142
1995-10,0.8359560069844796,0.45959433840559516,0.10021519725626406,-3.747875927229463,2.184452911611026,0.9102129320167007,1.690367611231632,-0.9135425321180155,-12.998915939325292,-13.195005237931882,1.3283181966598863,-9.242547433018037,1.2134025958424588,0.47887434179533267,-0.1414355693374409,-0.008142,0.027145590211241806,-0.29993821967547984,1.4973360790562058,0.039979
1995-11,0.8759580315021414,-0.09165511316147124,0.1122375194552622,-3.677548136662423,2.1241285235389746,0.7010870227423046,1.7166848243033268,-0.05870261865358476,-13.098238720823737,-13.139139200728271,1.125100006961477,-9.413621796061443,1.1358106387471167,0.6614495090761691,0.6947559246071758,0.039979,0.02670008460972862,1.4973360790562058,0.4771953043451868,0.012742999999999999
1995-12,0.8894377193841286,-0.091750062194538,0.16867858167905286,-3.6071446894763683,2.0569693692412128,0.7175202050127801,1.64695979750167,-0.36917266649929165,-13.117326436674654,-13.239336306270332,1.228982224141486,-9.509322306801268,1.1250384902327493,0.6090816701380278,0.22157878931210598,0.012742999999999999,0.026703950948314754,0.4771953043451868,1.1410437928242818,0.030561000000000005
1996-01,0.876357738202394,0.8266263294463072,0.2846034069563027,-3.5778948056162583,2.078464582361557,0.8792043443168516,1.602848818439959,0.2098781815663514,-13.177164309575085,-13.249847845539172,-0.049729238682523554,-9.611261195716445,1.0656778518552967,0.6330318013518688,0.5316654834182385,0.030561000000000005,0.0267833716744177,1.1410437928242818,0.225118388625386,0.006187999999999999
1996-02,0.849972013501327,0.45678843282332454,0.26077449948563397,-3.549014108542243,2.2500646310160906,1.420359073911045,1.5491072689393621,0.9235767051098511,-13.150509227696519,-13.310339724721414,-2.177517847738142,-9.63041184297244,1.046775870552244,0.6598472676333038,0.10771583109592808,0.006187999999999999,0.027487758942239492,0.225118388625386,0.22207197769592568,0.005684999999999999
1996-03,0.9033165511944758,0.728827226029289,0.358434355097252,-3.5204927790224723,2.336304819596584,1.5179280133204736,1.5915513743924687,0.6719283742537906,-13.127582133701317,-13.283286156907048,-0.9465741296032446,-9.652596014440753,1.0516193197285002,0.6637855011896784,0.09901879864019725,0.005684999999999999,0.02559980803964489,0.22207197769592568,0.42749925810420175,0.010533
1996-04,0.9168350379648983,0.5440784654282241,0.20212537878063036,-3.5367084569009015,2.4122438289122035,1.704292088480928,1.58909255018558,0.042020452055910394,-13.134864748790081,-13.271731069656168,-0.7437888938234721,-9.66730585201595,1.053707267050655,0.8305077901693485,0.18356755130481212,0.010533,0.024638639249831427,0.42749925810420175,0.8864668309334633,0.021057000000000003
1996-05,0.9037693636424332,0.27112856915353756,0.23173820103617732,-3.5526271731897037,2.4505718622945323,1.7372394412183065,1.6123097387973118,0.49607247200694277,-13.172491088283085,-13.278574235755602,-0.24353844452220935,-9.712243670221188,1.0385491511888512,1.0393986152487382,0.3671824096201282,0.021057000000000003,0.023753849851129404,0.8864668309334633,0.005709904975471308,0.00012799999999999964
1996-06,0.9172949895480621,0.09024398432387944,0.08132966582685536,-3.5682532596107017,2.40353059012975,1.5682729093508938,1.6355312492144167,-0.2607892297330671,-13.14084852051511,-13.316095744034389,0.9157846317820497,-9.690861076309242,1.035133892250381,1.0713727892278417,0.002233309849177994,0.00012799999999999964,0.02241718567119136,0.005709904975471308,-2.255105800306524,-0.048941
1996-07,0.9308371964586097,0.2706923205430928,0.4853425599883042,-3.5713976166810566,2.417997250595867,1.5528255567482285,1.6555434064221752,-0.06733985264349696,-12.928879397835148,-13.26615183088726,0.08124998740483172,-9.503288700563196,1.0573900497581008,1.2263555024824384,-0.853937342283143,-0.048941,0.021702307711393285,-2.255105800306524,0.7272392355805228,0.017828
1996-08,0.9577069722864888,0.27030787539513224,0.2312003573972029,-3.574430822391221,2.483676959428321,1.7879665606653696,1.6241389425390875,0.5810466362382747,-12.94002104842558,-13.051838807670283,-0.6275504606035286,-9.530554322610534,1.0396715245087282,1.2171221871352638,0.31124523796109177,0.017828,0.024514628925058887,0.7272392355805228,2.061556726508304,0.051635
1996-09,0.9180380513984829,0.4498775799076893,0.141514595781124,-3.5773561504754388,2.4092183780095415,1.5783322101355288,1.6377416859702048,-0.2611905796666667,-13.064118748365079,-13.06327724328434,1.3090915098287281,-9.669034810685615,0.9913564604270271,1.1663200273660832,0.9016610580262742,0.051635,0.025046606448445943,2.061556726508304,0.8361427088149199,0.022598
1996-10,0.9049560977559694,0.4486749923517661,0.1251405317414535,-3.653302302481116,2.2972081508761106,1.392888916216599,1.6063117940726077,-0.3624766798991549,-13.107108030967566,-13.200781939730339,1.8219331151328002,-9.67050857347784,0.9658409053648411,1.0121595695222652,0.39482586871313474,0.022598,0.027026486940283857,0.8361427088149199,2.6112950177534837,0.07234099999999999
1996-11,0.9185002761336892,0.26848612710643627,0.14521619815221376,-3.7265334608163205,2.202334154924961,1.1343612922178683,1.6199307317190257,-0.7419872901932644,-13.296990769600683,-13.243885480670524,1.5820635662648852,-9.820278090672645,0.891593989412181,0.871108491695609,1.2636919296089506,0.07234099999999999,0.02770311263498503,2.6112950177534837,-0.7458311271590535,-0.024401
1996-12,0.9187364998143339,0.0,0.35279941315656366,-3.7971482698894965,2.3060025044824752,1.475395519254759,1.5820337312258217,0.5904563168307272,-13.176344389261471,-13.43550730455441,-1.1533088931778201,-9.669853602261874,0.900429736906066,0.9529258925749619,-0.4264257057332587,-0.024401,0.032716521356444164,-0.7458311271590535,1.7520439029004966,0.058279
1997-01,0.8923174319197146,0.4470392046595551,0.28085610595730165,-3.8310860147663774,2.361688929091456,1.5085463178097844,1.621440586174792,0.43040245514873054,-13.330806073646903,-13.318547884172398,-0.35604904255802955,-9.820031102209995,0.8508913836197769,0.9646040682792152,1.0185847762065094,0.058279,0.03326343586682932,1.7520439029004966,0.10635927050373463,0.003852
1997-02,0.8392065181887381,0.4458549759029398,0.3046527865086027,-3.8642018479028217,2.3796720318562996,1.5660360355784784,1.6157367297702807,0.19421401103877206,-13.304624868230032,-13.47405719168428,0.022547569585881024,-9.795326815943152,0.8415808385774631,0.906017113064234,0.06736361006136879,0.003852,0.036216871192857075,0.10635927050373463,-1.2697749179545978,-0.045953
1997-03,0.8393686445713193,0.3557425847441545,0.41360162848636906,-3.896510411403071,2.4798255082475835,1.6965297197719478,1.6583936646313755,0.26191213378766903,-13.11715838859742,-13.446814570469904,-1.135882421883263,-9.610640868864886,0.9285667895090419,0.8368188916472195,-0.8036928225623792,-0.045953,0.036189878497539435,-1.2697749179545978,1.4535087117759957,0.055974
1997-04,0.8128606361589733,0.17751029586904324,0.6212265085823867,-3.894191488047138,2.4188872378045247,1.5349036882339102,1.6655757787804026,-0.6000733746306505,-13.265550766674398,-13.260751814498382,1.1494653372739645,-9.785906375227306,0.8709162922368547,0.6708821114628735,0.9791051887711315,0.055974,0.0385095731085142,1.4535087117759957,1.3565235778965332,0.056500999999999996
1997-05,0.8263370854220612,-0.08867789335012671,0.41514521429509216,-3.8918790634665266,2.405980134923927,1.592461883380783,1.6308087203816697,0.26214903483810054,-13.40902723099928,-13.409954378120537,0.43748835675049935,-9.960032495449454,0.8313799359852209,0.5254256397847178,0.9884670580083165,0.056500999999999996,0.04165132174673452,1.3565235778965332,0.9117011065414674,0.040403
1997-06,0.8131484674688562,0.17755011519240443,0.408472712028257,-3.8895731403575526,2.3622282143027378,1.5850488105366896,1.5928035548415052,-0.06769046325891746,-13.500337202673732,-13.55406258414531,0.8797610231100597,-10.085642458552813,0.7930783349019783,0.4298577098066385,0.7071093074488947,0.040403,0.04431605896944508,0.9117011065414674,1.66039792731456,0.076088
1997-07,0.8132882631706819,0.1774119916755021,0.41602225568770973,-3.8741457882204613,2.1881142808156726,1.0735270989059094,1.6323124259297879,-0.8293321813971773,-13.687270956406785,-13.640321005189396,2.814609288090737,-10.32107995775146,0.7387879563917078,0.4596434692254402,1.331290284417165,0.076088,0.0458251595887383,1.66039792731456,-1.2101073380141185,-0.05907
1997-08,0.8000841926819108,0.2659153047038582,0.5102732376028204,-3.858871018207277,2.3092577628892776,1.2856622120368333,1.6621334058656236,0.651852351959062,-13.436524920154444,-13.828327111596272,-1.4239328966397273,-10.11956094214158,0.7957148091662013,0.5108377046248578,-1.0333275538946685,-0.05907,0.048813851585214355,-1.2101073380141185,0.9618315191511679,0.049486
1997-09,0.7334837753875705,0.35406640702415354,0.5439660333886546,-3.8437461128784394,2.2311926469209467,1.2537829239319072,1.601437494549913,-0.7620686144993258,-13.547625039290123,-13.573889557029778,1.419035795891963,-10.27858447884062,0.7621471888523959,0.5808491441831896,0.8658979314590546,0.049486,0.051449759146666565,0.9618315191511679,-0.7178176290267876,-0.036805000000000004
1997-10,0.7602514129719882,0.35336144803087066,1.9385381560664645,-3.7968482098593577,2.142816497472163,1.0263595463159552,1.6086513531991924,-1.2696024851505958,-13.378121378212967,-13.68581814276642,1.5306142474530473,-10.182206537319132,0.8124605975605637,0.6458475272401099,-0.644161801934081,-0.036805000000000004,0.051273469070270646,-0.7178176290267876,0.8164988539852889,0.042421
1997-11,0.7336502193318564,-0.0881548765978312,0.5513244989728465,-3.7500550118270017,2.1128768139562664,0.8149491634198935,1.6644050614649033,-0.3979973173071209,-13.463101591382426,-13.513549821543403,0.6646162205495442,-10.340711776558031,0.7716766579107246,0.622535267988898,0.7427187418697725,0.042421,0.05195475755164295,0.8164988539852889,0.2513440837276815,0.012347
1997-12,0.7470748750040362,-0.17647722277430342,0.46601868874515995,-3.703349455884153,2.0726037383393296,0.7011451674965505,1.6716083730872273,-0.17792724083852965,-13.455538141999236,-13.598505355611767,0.8265715694375364,-10.406955146616344,0.7621707759338879,0.6185925871492955,0.2162990108774102,0.012347,0.049123893496444276,0.2513440837276815,0.15783623282525688,0.0076939999999999995
1998-01,0.7738642143729573,0.26517198707737594,0.5116762400130481,-3.6828250415775696,2.0288676186660264,0.6932748509583637,1.6334716354201142,-0.5339926414006764,-13.43120646028616,-13.591257625674816,0.8987153877319353,-10.434573936026585,0.7611502396411881,0.5465267286434877,0.13486420904803068,0.0076939999999999995,0.048746728569720454,0.15783623282525688,1.4857618484599981,0.068056
1998-02,0.7739727570736569,0.2648073216162184,0.21838430314137844,-3.662439797240142,2.0643341499487535,0.7343697142310153,1.6504101649878982,0.5511768968702276,-13.58808356068742,-13.565640539779137,-0.3236729128448836,-10.647303933013246,0.7030415270962541,0.47980698366003,1.1928212387111166,0.068056,0.04580545668913258,1.4857618484599981,0.9519868011986607,0.047436
1998-03,0.800793169824086,0.2644439296372429,0.23576399555112557,-3.6421904389722957,2.075692490282079,0.8081778514374047,1.6316934782674393,0.11029867168854957,-13.677109921424764,-13.723053384619348,0.11245084923951087,-10.794157103233289,0.7684892601816801,0.6565710822904481,0.8316542323639564,0.047436,0.049828421927985374,0.9519868011986607,0.13965614029218532,0.006975
1998-04,0.8543587281915401,0.2640818041877644,0.3350145841109863,-3.595496919940525,2.083606846835189,0.890246118078924,1.6064848249031098,0.2292088538552418,-13.627262007690424,-13.800810483527233,0.11701589597897391,-10.821964371880606,0.7449875190021513,0.6536085268959454,0.12235720648802165,0.006975,0.04994409830750777,0.13965614029218532,-0.4582152485791084,-0.021674
1998-05,0.8144546746531602,0.2637209383663405,0.19899351140461172,-3.549106890551553,2.043230112652351,0.7517266921626374,1.6234514608504684,-0.12740984017587556,-13.491612208883765,-13.749751374737633,0.8194038990152306,-10.759923172235023,0.7575240817756348,0.7604153134564128,-0.38037384747870767,-0.021674,0.04730091385480835,-0.4582152485791084,0.8222840167681931,0.03687
1998-06,0.8012357642380543,0.17557155906867128,0.4354407930924963,-3.503004226782978,1.9890217227731808,0.6375723686713399,1.6176981120183593,-0.9598323074861053,-13.537405941334987,-13.612050356453112,1.0266965609829162,-10.882070538003205,0.7519866395679902,0.9577143169440822,0.6473315138890263,0.03687,0.044838522029054445,0.8222840167681931,-0.31645805968571833,-0.014109
1998-07,0.801368959377143,0.175437569808804,0.46277334741158543,-3.456171099672637,2.0176639569671186,0.7196132290825636,1.6119426173369402,-0.1359815048114985,-13.433324188163487,-13.665130095196686,-0.18021053349213223,-10.850471265953283,0.7566834781383945,1.0118616355546861,-0.24783618829206483,-0.014109,0.04458410701883203,-0.31645805968571833,-3.779006277015706,-0.147424
1998-08,0.8282381080210235,0.17530386349792848,1.9378097338100622,-3.4093698031538975,1.8908180694027212,0.4662342522164736,1.5931870513619812,-3.1784860291168697,-12.885399583646546,-13.558979888294795,2.0918599592516536,-10.357049878841984,0.8905332162076102,1.1388144395232214,-2.5802141888046797,-0.147424,0.03901131387281559,-3.779006277015706,1.061992126365364,0.058575999999999996
1998-09,0.9219915679334763,0.17517043917322345,2.068961710226547,-3.3625851451941013,1.7880511586883563,0.45817097011111,1.4996405789072444,0.1522474801652702,-13.021793727074026,-13.004749156660383,1.7754637890858926,-10.563284560513997,0.8549897981643334,0.9622279631600755,1.0253058763100935,0.058575999999999996,0.05515671778139692,1.061992126365364,1.3760194449140868,0.07691100000000001
1998-10,1.0827362901259656,0.3500825437922676,1.0733430413769505,-3.344318000501265,1.8685715503976528,1.1787777785924807,1.2888755350208647,0.23695909816353974,-13.212085026921347,-13.15075220913608,-0.9796476985071628,-10.804526826416252,0.7793214249695588,0.8291458585572948,1.34585818093908,0.07691100000000001,0.05589383223054818,1.3760194449140868,0.9977684268263817,0.059064
1998-11,1.243695532478436,0.0,0.4021008377456857,-3.3260788898117037,1.8522362256593734,0.7698182724641591,1.4360714661072915,1.4631758544090792,-13.334078222667792,-13.341740434053424,0.43613465118697176,-10.978104539472573,0.733406889806489,0.8801675824011623,1.0336585027023597,0.059064,0.059196100429701734,0.9977684268263817,0.9254595081289256,0.055873
1998-12,1.351331077199347,-0.08737549713259943,0.6826799592230536,-3.3078657764133226,1.8774476286209976,0.8439194156358808,1.4302895815446193,0.35540318668946674,-13.441915937916123,-13.463617619494627,-0.14395168589644777,-11.139135024473362,0.7271513597949602,0.8027650377748613,0.9779673454039831,0.055873,0.06037325189187676,0.9254595081289256,0.6299197444662191,0.0393
1999-01,1.4055451255201004,0.349884597173131,0.6930422947152739,-3.309670445763259,1.8576309441437169,0.8361146913817701,1.41472566199902,0.01693362825115226,-13.487468543049738,-13.558532168290826,0.5445926395329169,-11.220997978872578,0.7123055738011502,0.6242203039756558,0.6881527527608071,0.0393,0.06238890008647372,0.6299197444662191,-0.5591489541292206,-0.035434999999999994
1999-02,1.3258550523356747,0.17459686644008973,0.7237395293086656,-3.311440537336907,2.0353969604163726,1.1728180483975543,1.4480568345420202,1.007574271174719,-13.312438564170211,-13.603624814644988,-2.3331225655148984,-11.072989088191138,0.715251485014225,0.7391273770181305,-0.6206318942479452,-0.035434999999999994,0.06337309537703416,-0.5591489541292206,0.5674555784686919,0.034679
1999-03,1.219242766236137,0.43617230353696684,0.668157990386089,-3.3131766551508677,2.0537482048840467,1.2144643629467693,1.4487902722383976,0.08471821440554467,-13.353216460476004,-13.426061226191358,-0.03591348700861916,-11.148795023105434,0.7209751521626637,0.8286138036415592,0.6076569624369723,0.034679,0.06111315372664601,0.5674555784686919,0.5606284582908999,0.033859
1999-04,1.1258915843056416,1.0439345866914445,0.5671167704546196,-3.400703706328593,2.061700050660384,1.354655037617669,1.4005653158168525,-0.3814125380038079,-13.403515387240482,-13.48177439478993,0.09432594488267639,-11.16750144803907,0.652930270193621,1.010125214159196,0.593553025400683,0.033859,0.06039472220732537,0.5606284582908999,-0.4343439134280367,-0.026559
1999-05,1.0592453731433138,0.0,0.6420201947330023,-3.4859188799106744,2.1355940587224227,1.3553460759201938,1.4698608300250862,0.07632578709511097,-13.266637249073892,-13.530942782887823,-0.8309350314792026,-10.993363431511916,0.6660872393848034,1.0394381288774839,-0.46575464687376167,-0.026559,0.06114739767016528,-0.4343439134280367,0.8225878049519637,0.050431000000000004
1999-06,1.0596165077650155,0.0,0.5014663196988866,-3.5688804946662835,2.178258429615911,1.397117213878304,1.4934646634868505,-0.6956009518995036,-13.362544965046206,-13.39125486826868,-0.35047863162466875,-11.066482593682148,0.6401232501350858,0.757751208668575,0.8846028466195855,0.050431000000000004,0.061307740883594794,0.8225878049519637,-0.5477631316882405,-0.03402
1999-07,1.0197099122592477,0.4323922305784074,0.33547324610178786,-3.6436554368659193,2.2209253359080448,1.5128819556154594,1.4876668430679167,-0.3055398516690124,-13.192651793756909,-13.47492029695529,-0.3461229518459375,-10.867626043926219,0.6580869181864235,0.7783471882120341,-0.5969008021407597,-0.03402,0.06210713724954109,-0.5477631316882405,-0.1416647094426129,-0.008889000000000001
1999-08,1.006611758725199,0.3450420552999489,0.5686045552115252,-3.7159743563203858,2.2566414916504973,1.4560336674432186,1.543992042664951,0.22927946326770549,-13.10444626579149,-13.302470806128653,-0.238349536588375,-10.75562599524133,0.6465159364426094,0.7590979149813226,-0.15604401452267225,-0.008889000000000001,0.0627467492431547,-0.1416647094426129,-0.6924869497719857,-0.031979
1999-09,1.08753798487441,0.6887354954564762,0.5636211861629206,-3.785916898396661,2.247175371603803,1.4649670552166623,1.53164865161554,0.07646964834614892,-12.952884356418913,-13.212518374235055,0.37796861422731265,-10.577370358466927,0.6763246518677903,0.8198300890919354,-0.5615501502791383,-0.031979,0.046179931637021734,-0.6924869497719857,1.3727802073295383,0.060338
1999-10,1.1148141199148482,0.25716644132409433,1.0162645208031686,-3.9008865529718686,2.2655236392452633,1.358664407938568,1.5912979691349058,0.5015208899425351,-13.071868691504433,-13.066984282679291,-0.05402407581212998,-10.650994128698418,0.6505873574081182,0.8229361746631905,1.0596108737624554,0.060338,0.04395313953234741,1.3727802073295383,0.4125901496026698,0.017222
1999-11,1.0614592219723282,0.08560639455525194,0.28235779208378325,-4.011348480978692,2.3047348202610225,1.2769825591510227,1.6607854364191157,0.31467617031598255,-13.065049998817063,-13.18574804088933,-0.27474256653459195,-10.597499238046142,0.6407780124470939,0.7362129360221933,0.3026054723230122,0.017222,0.04174118072519432,0.4125901496026698,1.5141698294676191,0.058178999999999995
1999-12,0.8600977325849734,0.0,0.23959465956865303,-4.117478476205463,2.375237319204078,1.3353342893364883,1.7040838006805177,0.45096131191370026,-13.16312745637169,-13.177566066719967,-0.6981931260748652,-10.662172977446698,0.6053175603082187,0.7208377600429566,1.0223708611116349,0.058178999999999995,0.03842303476648698,1.5141698294676191,-1.3881141813960192,-0.05373
2000-01,0.739226445165069,0.4281558147861044,1.0861135543955136,-4.180716145117582,2.320433177196865,1.1051073577691382,1.7441061233138748,-2.1143776369065472,-12.9474209022387,-13.274039343869577,1.027201471155557,-10.425224593341134,0.6351700901110364,1.0224196536392607,-0.9441098937176718,-0.05373,0.03870719046034385,-1.3881141813960192,-0.5422386893256644,-0.021758
2000-02,0.8200161267894008,0.8540989718184406,0.6261664741604603,-4.242027127049116,2.251714153591947,0.7507987118773642,1.8201622593531461,-1.4595422022045585,-12.82906499859969,-13.055253133788483,1.1894054489813115,-10.291245518655684,0.6851691628859161,1.106077461310009,-0.3824772995001576,-0.021758,0.04012624039619628,-0.5422386893256644,2.3861236721120687,0.09378800000000001
2000-03,0.9278027720412547,1.1889096233519632,1.3938004742567196,-4.301452369127095,2.1551159771546278,0.40435681248155275,1.8666940737941622,-1.6783768707322666,-13.030366663139128,-12.93475068868336,1.6524253332887608,-10.505196090114726,0.6141839522954309,0.7382865243671317,1.6474554300928925,0.09378800000000001,0.039305590525818765,2.3861236721120687,-0.7754021156081851,-0.036185
2000-04,1.0222604302804936,0.08426397662426316,1.6572872141518487,-4.323907146442665,2.197949848320294,0.5282940308555523,1.8574780590654634,-0.33075187797351974,-12.883659587030907,-13.143691226286277,-0.3423268877804027,-10.374282801099058,0.6240269672718012,0.48235624757150164,-0.6357650280825397,-0.036185,0.046666109456792455,-0.7754021156081851,-0.5832773268997855,-0.027304000000000002
2000-05,1.2245482221900428,0.16850581570034004,1.0823572565986677,-4.345983117652335,2.2338105818424294,0.5036688808877258,1.90072974646421,-0.9075168156561814,-12.766835202751931,-12.994288615977394,-0.2433417229649837,-10.27346816458811,0.6356659539517849,0.37079719313115483,-0.47989713958886054,-0.027304000000000002,0.04681135154888539,-0.5832773268997855,0.4742880777600359,0.022219
2000-06,1.090379871710224,0.757706840459025,0.492731872071414,-4.367681587599146,2.1719793240282406,0.4377129661025522,1.8685199636576912,0.6956929226189777,-12.780275925638088,-12.875115084131124,1.0996635077291017,-10.314063178008306,0.6392949998473718,0.28791011847318737,0.39072643567889237,0.022219,0.046847055707020344,0.4742880777600359,-0.3911114122772682,-0.017595
2000-07,0.9425598601126524,0.33515971837030895,0.43143007716287285,-4.431562389816902,2.1345703645519616,0.12387260130720523,1.9577157864685848,0.0509328305140308,-12.697607230175567,-12.903991037913707,0.7799704566339957,-10.216009877157488,0.6339023385009316,0.1904900227382302,-0.30955247568845706,-0.017595,0.0449871812677419,-0.3911114122772682,1.3031789518221826,0.057594
2000-08,0.956293982559792,0.0,0.2171522248529952,-4.494456570165135,2.0761859023444327,-0.1238267379922013,2.0008982232403407,-0.891407428547673,-12.824034560667982,-12.818833076426177,1.082177869232421,-10.349269842743613,0.5938495227000751,0.1890245823583649,1.0133849272278486,0.057594,0.04419500477618107,1.3031789518221826,-1.2129185247747916,-0.057188
2000-09,0.9835262743698101,0.7529786833934168,0.33443658834034007,-4.556355011509553,2.1401013847063703,0.0990522651477205,1.97184542204736,1.7215687535147048,-12.632775157999053,-12.944307361628264,-0.7079915918618372,-10.134404544588229,0.6244315097383066,0.18075715411299303,-1.0060814325596614,-0.057188,0.04714908613554103,-1.2129185247747916,-0.1979820691296848,-0.009720000000000001
2000-10,1.064735605276515,0.2498085237593931,1.1641241302998404,-4.465539270048815,2.0991433912351356,-0.0907687250220723,2.0084690156892195,-1.2039115255719124,-12.568367942987944,-12.733936359651453,0.843554313194713,-10.17909083413909,0.6053431814343073,0.1514859893181849,-0.171086317514693,-0.009720000000000001,0.049095355163871326,-0.1979820691296848,-1.8128458366653524,-0.083368
2000-11,1.1190694494349704,0.08316149633305564,0.6843896784428064,-4.373561169149386,2.016177158419806,-0.3380916293064156,2.0286395874416145,-0.4749814122208332,-12.291904986784916,-12.667745673199134,1.4385846873907189,-9.986330029901143,0.636838944261574,0.046835869677368955,-1.4661454826668188,-0.083368,0.04598736324614985,-1.8128458366653524,0.013935844145473605,0.0007200000000000002
2000-12,1.0925012185038887,-0.08314401921862444,1.108534082950773,-4.280273469049943,1.9541558956338347,-0.15661335577475918,1.897719636192951,0.2291308624838035,-12.261424907527838,-12.38808078708698,1.0959762259181878,-10.063637493989269,0.6140057476313994,-0.09152288601278193,0.012669189814719416,0.0007200000000000002,0.05166533096122906,0.013935844145473605,0.552089483548937,0.026975
2001-01,1.0523967677509949,0.9154281383864475,1.0338655408750794,-4.180486861567841,1.9691520108363663,0.3874868585372854,1.6945232245063229,2.991082463607016,-12.324361040066686,-12.36873527790433,0.022563067575451644,-10.25016751401182,0.6074967951617709,-0.12918770875994967,0.47488625424808784,0.026975,0.04885983305930685,0.552089483548937,-2.0167557340296165,-0.094752
2001-02,1.0392501928922158,0.5791510019051997,0.5292381519681714,-4.077943676053302,1.924574845686514,0.5030495087532596,1.606419351594285,-0.5409650778364564,-12.031855757652394,-12.430661397547942,0.8621820782060926,-10.040680216975057,0.6293553154091265,-0.2773608986921902,-1.6660359752892568,-0.094752,0.04698238780294875,-2.0167557340296165,-1.2575065137585493,-0.067906
2001-03,1.1611823800720988,0.3297809508518769,1.494449611574916,-3.972357047615041,1.960614693289631,0.9653388305618306,1.4557179690769577,0.3805502943441039,-11.829880186940006,-12.13478736650512,-0.33417026942737127,-9.929517594349441,0.5359767490585142,-0.21089609255905553,-1.1935155498787973,-0.067906,0.05400051550988503,-1.2575065137585493,1.4589899145216128,0.073925
2001-04,1.1751584930446406,0.5760704010230289,1.5544018113678466,-3.7433701324928657,2.0808671265363876,1.7002909038671241,1.2752307232936726,1.563299626257509,-12.009497206486195,-11.929630450064028,-1.4121832437309747,-10.342337944301919,0.49245107117417997,-0.10287303782327466,1.2990274486672493,0.073925,0.05066861618727449,1.4589899145216128,0.06799089467404655,0.00367
2001-05,1.0539487768031481,0.6560505831153046,0.5310539222596006,-3.4983252911356946,2.0853778936587752,1.9153403065536585,1.1934587223789617,0.8029519651922449,-11.998461819436764,-12.109271949426146,0.16702767855719233,-10.553659268366264,0.4836980090796978,-0.010045059164427236,0.06452568048242732,0.00367,0.05397781596483257,0.06799089467404655,-0.5112549739196889,-0.027306
2001-06,1.0678321879496533,0.24502420551326248,0.31593885010228423,-3.234342444180867,2.0723358847984756,1.9899928949506978,1.1511795239794862,-0.25369296048183737,-11.90616059060237,-12.09692660445229,0.3839175849832068,-10.685017015014509,0.5017906215468513,0.2039989703340458,-0.4802613147920912,-0.027306,0.0534097493285012,-0.5112549739196889,-0.22976935313898905,-0.012317000000000002
2001-07,1.135851926738066,-0.40775215152842764,0.6075648105042808,-2.927006986182267,1.9714592201709167,1.734634174427143,1.158360352086669,-0.12691489261929453,-11.835530318297943,-11.98358883773444,1.6971206728512007,-10.869596652400103,0.500056084041384,0.3203952793961617,-0.21673887858583435,-0.012317000000000002,0.05360593060706997,-0.22976935313898905,-1.244038376416756,-0.06653500000000001
2001-08,1.1227523973971392,0.0,0.46564834005409655,-2.5937565520380557,1.9197120618971855,1.7352495946158515,1.1094082265442227,-0.42323591053953313,-11.619462972786744,-11.911817246852376,0.9300500525170236,-10.90508088437817,0.5280905114139256,0.4017206144392739,-1.1703671995392384,-0.06653500000000001,0.05348307677745676,-1.244038376416756,-1.530359362381881,-0.083161
2001-09,1.1637945422549958,0.6547882387021269,1.502392041715116,-2.2292259761397184,1.906607690137024,2.296857176770625,0.8720491726007193,-1.9690415666056227,-11.35840262095122,-11.693725066589062,0.365895763965762,-10.907453389891897,0.593100425622099,0.35060138275976555,-1.4616138063013406,-0.083161,0.054340831339487874,-1.530359362381881,0.30385069802209697,0.017339999999999998
2001-10,1.1913454501997003,-0.4889361042988816,0.6814178188436188,-2.0642061694051668,1.7808602105405857,2.395429731869895,0.7137423559770039,-0.22828984189311646,-11.379275765218571,-11.433046609496188,2.093046671797472,-11.061628892812342,0.5774593004632996,0.4357461872918909,0.3049247854314876,0.017339999999999998,0.057067500956469674,0.30385069802209697,1.347254313309612,0.07708699999999999
2001-11,1.1376283741597553,-0.24536087967311282,0.4592317926459102,-1.8915544558657036,1.9472492673557034,3.019543946623126,0.6180931987095752,2.3867807845738422,-11.54295727455229,-11.453497027307188,-2.119458134316021,-11.37661749941247,0.5311997720839672,0.4526734052125062,1.3551851092529492,0.07708699999999999,0.05721785355478365,1.347254313309612,0.1336952802425539,0.007551
2001-12,1.7343909247155826,-0.5734918373656901,0.37726534015347035,-1.7105069957054448,2.025709073876215,3.343294296186681,0.5587346183183736,0.7845317061642003,-11.530885732930717,-11.617621492587459,-0.8234571672296771,-11.497257800141607,0.5214533868889256,0.5463454082740021,0.13281905895185553,0.007551,0.05647918151112556,0.1336952802425539,-0.2781982343478998,-0.015724000000000002
2002-01,1.7894661487309067,0.32916139937867306,0.4584061381884093,-1.7123414266274952,2.005559116875341,3.320783372294621,0.5456387052503463,0.31228284526116157,-11.458481307843241,-11.605629437937722,0.62124946886634,-11.406430659156168,0.5260554697554122,0.4543015239961339,-0.2767067673808563,-0.015724000000000002,0.05652084757783333,-0.2781982343478998,-0.3699952910742314,-0.020780999999999997
2002-02,1.8716897161567727,0.5749922668248413,0.5391937031698985,-1.7141769245286496,1.9853932115825852,3.208859632925074,0.5689308094274228,0.12666985702484462,-11.373702783561201,-11.53214002464588,0.5179639892449536,-11.302444383175288,0.5156431030548315,0.5076303178539977,-0.3658517883336342,-0.020780999999999997,0.056165579674447116,-0.3699952910742314,0.7339446024576366,0.036272
2002-03,1.7640543951184655,0.81849907783234,0.42322002019163424,-1.7160134878941908,2.1309727877754026,3.480313886105814,0.5922444204033468,1.190467408266564,-11.439575393340926,-11.446232911284952,-1.9597938925315983,-11.365741271034775,0.9379289132323751,0.5590984547997907,0.6388278194107266,0.036272,0.04942062367996449,0.7339446024576366,-1.3423959034633268,-0.062501
2002-04,1.724201318263552,0.814236413664581,0.48745056647512713,-1.7950320005305336,2.0296483208902605,3.302486670590412,0.5659172181696068,-1.324953951733956,-11.226758486379449,-11.494233124387302,1.8412298807103384,-11.062195598368714,0.9805253069149286,0.6141646008181797,-1.1004836078903064,-0.062501,0.046559289877710415,-1.3423959034633268,-0.20379684978295165,-0.0092
2002-05,1.8201144995850658,0.0,0.862132409800102,-1.8715372080360522,2.0412293775908816,3.304788140554094,0.5726824401583953,0.8272042150745722,-11.160047432244877,-11.280064380118457,0.0673981744299431,-10.924908263986428,0.9820362581974363,0.9061790246420844,-0.16207014293030994,-0.0092,0.04514299416206979,-0.20379684978295165,-1.6069716992756187,-0.07264899999999999
2002-06,1.793821987182046,0.08103655906335792,0.7796439233473575,-1.9456594888297087,1.999833986736229,3.2261595007297514,0.5628914023370533,-0.9622687638122152,-10.922879608367689,-11.212928773518026,0.8405040011454467,-10.602714562931439,1.0540068273593304,1.1201312851748493,-1.2791444228217135,-0.07264899999999999,0.045208636861961096,-1.6069716992756187,-1.5340132446896684,-0.075487
2002-07,1.8626513458429157,0.1620543159828951,3.218764528355144,-2.118797505802396,1.9230594551799256,3.059324564835355,0.5564048243644463,-1.7620452025647566,-10.701743025229092,-11.004136165740146,1.3616370747160933,-10.225140464773117,1.1147164505827365,1.158092672403915,-1.3283272394277374,-0.075487,0.049208831971506904,-1.5340132446896684,0.10541837232880477,0.005660999999999999
2002-08,1.6459360515117323,0.48584761120447095,1.97318261345653,-2.2861233171593045,1.8037631106078003,2.8290671081647787,0.5366563257455397,-0.10122427296978764,-10.711220589624725,-10.781085438675722,2.0822887402576855,-10.110100496109304,1.1237179344957315,1.008250311704489,0.0996695341480202,0.005660999999999999,0.053700316889195354,0.10541837232880477,-2.1996209955476695,-0.110365
2002-09,1.7011910668924282,0.2422271035331597,1.5446823212222902,-2.4480246954570286,1.6984789432786578,2.5758414820960094,0.5400943437898245,-0.7340455880926433,-10.40499876213542,-10.79007706458992,1.8695774008926775,-9.650985814858506,1.282124460858676,1.1942813032879838,-1.939721977491553,-0.110365,0.050174552899519366,-2.1996209955476695,1.6037767835872552,0.087199
2002-10,1.9198229170976864,0.24193528327284197,2.4280668532447462,-2.3216112954925094,1.7984464199453423,2.841495905769409,0.5236421540994273,0.45581594221690824,-10.593569216796608,-10.453139630061216,-1.3171666815953151,-9.960477483014515,1.1588398243009677,1.0469441105548338,1.5317239476974527,0.087199,0.05437103273496529,1.6037767835872552,0.9683971376207238,0.057819
2002-11,1.784533582126013,0.0,0.9323686007771275,-2.192333882217275,1.845386140964822,3.226042733634905,0.4076967674808177,2.123210706120207,-10.707548271167617,-10.64287828570288,-0.5467071373221054,-10.187778003375477,1.0934032200410841,0.9347582213669503,1.0157428559403945,0.057819,0.059705876601470316,0.9683971376207238,-1.0357835706657763,-0.059933999999999994
2002-12,1.6900140388020448,-0.3222441289433396,0.5533491242585372,-2.0599830933873315,1.715161083030308,2.955390813612392,0.39448359699028435,-1.2297293357518009,-10.514922385586797,-10.757550716937342,2.267972704116243,-10.075742237962194,1.1657409147956432,1.0507325554011164,-1.0526919021223586,-0.059933999999999994,0.05786343952286856,-1.0357835706657763,-0.45694386001658116,-0.027579
2003-01,1.6090367096153741,0.6461945322212301,1.0835829639718808,-2.1725265612989157,1.7549994193724394,3.0568132250065707,0.3878960741952469,1.069644187906788,-10.42124146197549,-10.570489710593966,-0.47430871732517893,-9.887672895294891,1.207115480370768,1.155550770685522,-0.48457126452986626,-0.027579,0.06035533555259773,-0.45694386001658116,-0.2659585847764062,-0.016146
2003-02,1.5143239033230225,1.1261076804336945,0.5378572980081622,-2.2812382861992475,1.674248888978337,2.8681896134553484,0.3879387615818336,-0.5476543700729941,-10.356513223595805,-10.476101943430793,1.4716738356791563,-9.735891117639309,1.2317558343269788,1.1410109155933061,-0.2838193765163629,-0.016146,0.06070870024208502,-0.2659585847764062,0.15361988274614183,0.009308
2003-03,1.4468003067067885,0.8783471099711017,1.2873149557861578,-2.3863307373637346,1.7247422013765596,3.0101141604082695,0.3747129229074326,0.46360233597944556,-10.358499105837998,-10.410853317639301,-0.6039887007598823,-9.661942159836482,1.1282903412494727,0.9854199136899525,0.1637070882465379,0.009308,0.06059111511874768,0.15361988274614183,1.3688321077257104,0.081774
2003-04,1.5157834144504112,-0.317562781132197,0.6431990720710539,-2.564926423918143,1.707817429593817,2.9665500643081235,0.37475018596314696,1.070448425578899,-10.550710030805853,-10.423859522735805,0.4565783046283528,-9.745242025419051,1.062924319627495,0.8169132011130606,1.4376379586382892,0.081774,0.059739977999103196,1.3688321077257104,0.8491802629414685,0.052351
2003-05,1.5848425031783455,-0.23875576149188127,0.46781274570335735,-2.7358451462534306,1.5487230078595662,2.650655701275442,0.3548810707766424,-1.019823524262018,-10.666466905928058,-10.6168433876721,2.642906031777643,-9.752041387041155,1.0179831766088046,0.26390209737773224,0.920537156371296,0.052351,0.06164886571746475,0.8491802629414685,0.18631766943589056,0.011816
2003-06,1.6676399766256067,0.15950008846069383,0.4195430232834691,-2.8996342134889472,1.6062895862260549,2.897636423963412,0.3051424158082788,0.09276094783330859,-10.6813811884493,-10.732873830667339,-0.6875839922022426,-9.65429437848956,1.0021738108637692,0.0516536764361353,0.20788285791137487,0.011816,0.06341856913396896,0.18631766943589056,0.2874505651933194,0.017232
2003-07,1.5453720432792486,0.15939568090510542,0.42983987794561057,-3.0121313610697924,1.9270746322822039,3.6291353615508264,0.2985180210139557,0.8518605072778781,-10.682872920856868,-10.722043962075805,-4.337856800760617,-9.581634040222276,0.974703392766128,0.011118268616806183,0.3033257241444423,0.017232,0.05994769914058421,0.2874505651933194,0.3370374963575286,0.018897
2003-08,1.5461263629162205,0.5575284930054443,0.2030195422389235,-3.1193184179240703,1.89245215475702,3.501086332990096,0.3151172723472384,0.4472138579737281,-10.688467806505273,-10.723788445263645,0.7335668798300279,-9.518538344909736,0.9553339491041387,0.11944666312777304,0.33280418441351933,0.018897,0.056067945567558175,0.3370374963575286,-0.2048873662294695,-0.011537
2003-09,1.4647284721493787,0.4762872973498591,0.3929302950536123,-3.2215372805958022,1.743889428216492,3.1679987947654147,0.3118142802385212,-0.36299899269424446,-10.618115554579106,-10.729651384056073,2.4078184220842402,-9.375106273813577,0.9693217953478009,0.2999873749738807,-0.203281677707569,-0.011537,0.05630898679755006,-0.2048873662294695,1.1785570859139354,0.05486
2003-10,1.4106273511039251,-0.15829820694797245,0.29601507522720377,-3.4803824493242788,1.8444457446832465,3.401387185606128,0.3051919907015485,0.6755571549063727,-10.6967920083852,-10.639860370832553,-1.2472653734690364,-9.281260807784085,0.9167451043080008,0.29550520651300943,0.9667750421100003,0.05486,0.046548445260466725,1.1785570859139354,0.2026447082822226,0.008559
2003-11,1.3838693053216193,-0.39624024522773055,0.19346205323435414,-3.714151104971906,1.848913500404812,3.3948433580439907,0.30852271358452976,0.6673242043417726,-10.656408740783585,-10.720050611052365,-0.11905413956162386,-9.074556677207955,0.9179502672257136,0.4099780874094591,0.1509124232237568,0.008559,0.04223648410339889,0.2026447082822226,1.3113074647206637,0.05098
2003-12,1.3433626110698176,-0.15897590277636567,0.18805919056814477,-3.9262499105416975,1.8213038596157503,3.348884715632567,0.29858076843235104,0.0,-10.724759650071856,-10.680430595455196,0.6131815780450548,-9.006813077206528,0.8584075173964251,0.28486008254772777,0.8990669236132612,0.05098,0.038877228545983925,1.3113074647206637,0.4862179434020743,0.018378000000000002
2004-01,1.2342019936431803,0.7164631701931168,0.2060303676576508,-3.9600711822023977,1.7793956546781826,3.2639732588732597,0.2919542004584678,0.0,-10.717734118367193,-10.757885920759998,0.8251991735472068,-8.98984152057762,0.8550336240101942,0.282504708207656,0.3242743750301976,0.018378000000000002,0.03779786461891731,0.4862179434020743,0.36976788508601327,0.013803
2004-02,1.0562647213101988,0.7925084167662828,0.12859777414540852,-3.992407566707062,1.7231617551418286,3.0931707375799,0.3085566933690853,-0.43990436083260837,-10.698363408984466,-10.75140537689087,1.0151379188650724,-8.960100742889995,0.8467105449435157,0.3841849466504927,0.24367785557810764,0.013803,0.03732882317995038,0.36976788508601327,-0.42635765377986495,-0.015882
2004-03,1.0703315736431522,0.946206329100135,0.41731015578609815,-4.023326537808361,1.6918486805065596,3.0104042454321176,0.3118900694697776,-0.1946717336168219,-10.607327672407122,-10.732485810021801,0.6225982337320609,-8.85011398142821,1.1037530547450924,0.5042829175689186,-0.2805063514418374,-0.015882,0.037250416074857476,-0.42635765377986495,-0.437663069981559,-0.016384
2004-04,1.0020062361986655,0.47028762032146726,0.2593567756988052,-4.078124539243067,1.8962258314855014,3.454881458155597,0.31190587738355335,0.45725411484481615,-10.519929574933277,-10.644278082430198,-2.5869490626363945,-8.724957895136198,1.1176839299244552,0.5654976726884777,-0.2895013320804022,-0.016384,0.037435189587027164,-0.437663069981559,0.4426120798926765,0.013029
2004-05,0.9748147072720723,0.8597521965815674,0.20604713343578,-4.1303807184403585,1.9257336320028418,3.4478723869045913,0.3384767591805403,-0.1694400037927894,-10.507120793780375,-10.556767424888417,-0.2244758626064176,-8.685282045543003,1.1214320221303975,0.6711597982797616,0.23034027486320294,0.013029,0.029436611859213698,0.4426120798926765,0.7317244054683768,0.018688
2004-06,1.0575299019530233,0.4664397432578798,0.16250104435986412,-4.1802161414096615,1.901651886754706,3.1906548417499594,0.42149932717450694,-0.23733326468981422,-10.509252210602213,-10.544286054045967,0.5328323968256261,-8.664313670842866,1.094534811039071,0.5958856389880676,0.3305536963083374,0.018688,0.025539670209630102,0.7317244054683768,-1.3120087458254075,-0.033954
2004-07,1.0991070870404895,-0.2325457295635364,0.1638843462024822,-4.173403503651489,1.8703923239433875,3.0686486317592623,0.44148557185699755,0.2459338340790382,-10.379888575318292,-10.547585047672888,0.6828331910687463,-8.536603196564185,1.126149327721999,0.6056122297796368,-0.6007336445653625,-0.033954,0.025879400657987953,-1.3120087458254075,0.0994393612980729,0.002707
2004-08,1.1132333550456122,0.07766971468107986,0.30438983632307354,-4.166669213320237,1.7639484854060132,2.7128145214499377,0.49137752775806437,0.0,-10.346145589869751,-10.417788127870226,1.7388717876373274,-8.516220946518096,1.122048522028753,0.5877169693462322,0.047919090951063587,0.002707,0.027222620546462226,0.0994393612980729,0.36417949185996146,0.009717
2004-09,1.1136207352093408,0.3106551385446718,0.1489185933987229,-4.160011568113419,1.7468897888671966,2.5388069833896183,0.5479539904553461,0.04244735200268375,-10.330708012798887,-10.384184330808697,0.42282531550833735,-8.51634096271643,1.1321730776217658,0.37603693852375325,0.17210043395238317,0.009717,0.026681897847604483,0.36417949185996146,0.5211216593678957,0.013873
2004-10,1.0176804014651795,0.7753050442998123,0.25974720583154437,-4.153639441098223,1.7118968161210038,2.373287690154647,0.5846422529881892,0.0849395131978799,-10.339302327843237,-10.381256879658205,0.6785612232026272,-8.543655225231511,1.1378441388541733,0.3060055668634424,0.24583642994072885,0.013873,0.026621422753426747,0.5211216593678957,1.7941587879286445,0.039058999999999996
2004-11,0.935389880286962,0.0771557465026246,0.18105513904090564,-4.1473226407463395,1.7987148338938175,2.3179790736788433,0.6878480087409398,0.28893674315408097,-10.40742767732046,-10.389846642173335,-1.030772335747433,-8.639430262817312,1.0938021516735945,0.5018142042014238,0.6923899130890856,0.039058999999999996,0.0217700909544877,1.7941587879286445,1.3174032663004094,0.032134
2004-12,0.9356141580695684,-0.5398358588177367,0.1537402296992622,-4.141060431108313,1.7350386025415898,2.0824708732243846,0.7279811152543213,0.05951837954854548,-10.45937660306761,-10.458316340840858,1.101367188712422,-8.717737377660525,1.057421462983587,0.5360478089062222,0.5698715729952873,0.032134,0.024391923735121848,1.3174032663004094,-1.1797261858279477,-0.025424000000000002
2005-01,0.9082963970016027,0.30975163640605086,0.17355456807627612,-4.121677508264688,1.6676929720672313,1.8236872506372752,0.7748108423509863,-0.19565842823667814,-10.34574259922513,-10.489048370846344,1.3214706753013241,-8.616620167463473,1.0866262550512735,0.5587431128121517,-0.4510358795776906,-0.025424000000000002,0.02155076347835502,-1.1797261858279477,0.8831301259548809,0.019552
2005-02,0.8534016953130816,0.8503375715072583,0.17636363068721578,-4.102762857259917,1.7187082822173405,1.7692459663394193,0.8449877042667763,0.13618114795673686,-10.34463419968259,-10.37540444351007,-0.5639483057966692,-8.64318606944621,1.0583765239866172,0.48524475201039907,0.3470366298038145,0.019552,0.022139432712545593,0.8831301259548809,-0.8596537905877212,-0.01934
2005-03,0.9086606326664582,1.1531278639299491,0.18179878692032742,-4.0842997394172045,1.7518302382452624,1.6833799012410733,0.9119156575789938,-0.45128302159904654,-10.24940483190547,-10.374949703605573,-0.3173422649846103,-8.561047689206056,1.2488533614420438,0.37557179493317167,-0.34341611689728263,-0.01934,0.022497428862353744,-0.8596537905877212,-0.9253633184282888,-0.021026
2005-04,0.9915403947727703,0.9919147649989877,0.38616180457653915,-4.099136026569694,1.6556575017096147,1.44018917316538,0.9256314283704693,-0.39184940291668763,-10.156901217299097,-10.283150251506205,1.6430880692062282,-8.455228583203233,1.2868980662456853,0.3277337651117942,-0.37350318182721315,-0.021026,0.022721886183809666,-0.9253633184282888,1.2845659284739772,0.029594000000000002
2005-05,1.1847904442969952,-0.151630350952887,0.18181547258076963,-4.113315108888901,1.580922356043128,1.2283016815587438,0.9460266619842006,-0.01704586772916846,-10.18962027257892,-10.190560062313997,1.30815811112338,-8.493372988226493,1.2529594022082242,0.19732669725166685,0.5259342379003723,0.029594000000000002,0.02303813244926768,1.2845659284739772,-0.024010012068637128,-0.000583
2005-06,1.2403968750758445,0.0759238086583405,0.11472231533192799,-4.126863122894829,1.5420472167338835,1.039826397911916,0.9897792700054523,-0.22170541190945037,-10.148573823277763,-10.223947256173272,0.7358425166074198,-8.447173134523547,1.2763330466335785,0.22172715641485902,-0.010366223738395727,-0.000583,0.024281537149310254,-0.024010012068637128,1.4768158973793064,0.034964
2005-07,1.2271021478876498,0.6832466962403949,0.13757331782297083,-4.15206857380748,1.6398351400549442,1.0560852821381088,1.0735997571937212,0.37536676705477906,-10.20210137620334,-10.189152162368726,-1.2682126512488254,-8.501020334362419,1.2322849283140143,0.1851823541321814,0.621932152423766,0.034964,0.02367525976802227,1.4768158973793064,-0.5109371427039126,-0.012159
2005-08,1.1999893927724823,0.7559643674759611,0.1475272772142892,-4.176310470847098,1.5541856418342892,0.693799393019313,1.1475033451551933,-0.8532067845366674,-10.139681966150054,-10.243235558195623,1.465922769729579,-8.421866692677673,1.2508844967816959,0.22347838394192432,-0.21638235450001264,-0.012159,0.023797447834099088,-0.5109371427039126,0.21491366595216557,0.005167
2005-09,1.2418677436360628,1.8042927810275806,0.13977172369026758,-4.199621671439127,1.6700701936286249,0.9622996157361722,1.1413795536327918,0.2390173208970447,-10.123256089268091,-10.18065436913564,-1.4864769366013835,-8.395997403877672,1.240434521349762,0.2777969762862677,0.09200036587234431,0.005167,0.024042212379132955,0.21491366595216557,-0.7679138840534246,-0.018372
2005-10,1.3114195290201067,0.29721725223805806,0.38519333787206433,-4.213479008440151,1.7428717378877763,0.8917020247709408,1.2387650385429698,-0.06832604625709204,-10.038434851510358,-10.156752947037644,-0.8619175147530151,-8.297666297740832,1.2555975050713826,0.2378707181695753,-0.3272575275839787,-0.018372,0.02392455766397087,-0.7679138840534246,1.4555410493591034,0.035189
2005-11,1.3396104516833083,-1.1856690598515158,0.11442640826847005,-4.22667707652298,1.732876160199969,0.7341571694045393,1.2961563494005381,0.1965370414778965,-10.084369207272179,-10.071882397078232,0.3343845834255443,-8.350998812617943,1.2129221936644503,0.23871691486400032,0.6270585546285813,0.035189,0.024175889794035173,1.4555410493591034,-0.13769516337570648,-0.0032600000000000003
2005-12,1.312548296989713,-0.5976352771187299,0.09179565138099338,-4.23924254249585,1.661572735654776,0.5685450015484569,1.3001266023988667,-0.35905309680747693,-10.042400178384767,-10.118561765776558,1.1747835952947208,-8.302978080931823,1.2227664254882151,0.12662599531388247,-0.0581216994846949,-0.0032600000000000003,0.023675486633506267,-0.13769516337570648,1.0522471631334622,0.022942
2006-01,1.3131067537287633,1.125361621690317,0.2068549552081831,-4.251876104479254,1.7092156499738287,0.3948898813682502,1.4177746559817126,0.21382958880431382,-10.071854887786232,-10.083287654854923,-0.5193209243329571,-8.337771718354793,1.2060070388617243,-0.01845381155352547,0.40922212989619894,0.022942,0.021802862296802544,1.0522471631334622,-0.04519699650996806,-0.0009750000000000002
2006-02,1.2721628796969264,0.2979584959856656,0.13757339604664134,-4.263992040992509,1.6486514369219818,0.11055912680721354,1.4819895633747424,-0.9408816775313886,-10.040323489064704,-10.113136191655546,1.0476033285225546,-8.302098646587902,1.1917148306645917,0.08440370936340187,-0.01740020545682687,-0.0009750000000000002,0.02157222991100674,-0.04519699650996806,0.4422583600030087,0.009209
2006-03,1.217325207153726,0.8180393303154133,0.11569694817779298,-4.275606906256287,1.8298988055108476,0.4423278015519861,1.5094377734410431,1.154554740214376,-10.035279977881233,-10.081616048268955,-2.365582001480601,-8.297422020500163,1.2321265473828995,0.08912839713277826,0.1644324746782267,0.009209,0.02082267025983941,0.4422583600030087,0.41827193183434846,0.008464
2006-04,1.1624161401953996,1.257434043446986,0.1273104832668593,-4.2652924775393295,1.921047963561921,0.5688728644004112,1.5402466167763205,0.19680118963216103,-10.02992071799602,-10.073702860872249,-1.0836731586664636,-8.309550446885268,1.2040093585991765,-0.1438168966483774,0.1512084765004845,0.008464,0.020235639438871227,0.41827193183434846,-1.676388253570767,-0.032619
2006-05,1.107436555660713,0.7337189010571612,0.28773036549694825,-4.255134350817323,1.9328027606549107,0.49788602800551895,1.5811133718838415,-0.25681970497616324,-9.91839451676777,-10.068603078144788,0.043895610941864324,-8.196939293790514,1.22530101946154,-0.11003238039027018,-0.582888953915337,-0.032619,0.019457902983106904,-1.676388253570767,-0.12152003099394465,-0.002413
2006-06,1.232508815280536,0.2921670757857538,0.4466255912869674,-4.245128649533585,1.9192668384831535,0.4110289080530287,1.6052464471435646,-0.45389572993405386,-9.885612806206552,-9.956672633974815,0.4040405006338118,-8.175316639369282,1.2271497517594794,-0.09093234741378262,-0.04314116129298929,-0.002413,0.019856808628696286,-0.12152003099394465,0.07907064096770343,0.0015710000000000003
2006-07,1.2607154292360934,0.4375816373439742,0.3084259605347042,-4.271333746586068,1.8731700976891685,0.18179846588904305,1.6595418203243262,0.3255881947042322,-9.865402917414917,-9.923759700195811,0.8742057994782401,-8.139578024767573,1.2231173877410424,-0.09787810545383027,0.02810177836021891,0.0015710000000000003,0.019868309915960825,0.07907064096770343,1.165328453742917,0.019950000000000002
2006-08,1.2612250357206025,0.2909890259308751,0.09972726385121823,-4.296434232615537,1.7944568613943426,0.0,1.6635688828991524,0.5314278393668332,-9.884602366238095,-9.903703950190554,1.3133478304523607,-8.150800686153001,1.2019448943584214,-0.35089285509187645,0.35703625924020027,0.019950000000000002,0.0171196369023022,1.165328453742917,1.2635148881159042,0.022387
2006-09,1.2756060852687112,-0.725956273343747,0.10914007698497058,-4.32047123702255,1.751854060520667,0.023703679708665264,1.6139422015519185,0.11148561193457047,-9.911481193844228,-9.923294186837516,0.7469919535643565,-8.172150332795667,1.171084976530756,-0.39298563586175106,0.400840702220216,0.022387,0.017718034200121278,1.2635148881159042,1.5120130247316974,0.028427
2006-10,1.2622500438209616,-0.802326349751695,0.09581528498785932,-4.319794368794802,1.7417985638610227,-0.08688678888240602,1.6515283143135906,0.42897659684514167,-9.950196572099482,-9.946271025792093,0.3385150204811849,-8.227440929864374,1.1319070696500344,-0.3697527045804405,0.5092099955542874,0.028427,0.01880076397162273,1.5120130247316974,0.7158279116364609,0.014185
2006-11,1.2072267983854326,-0.2200690633397086,0.12596383836253858,-4.318981343578696,1.6918651267888258,-0.21316787540253754,1.6589170495072831,0.33475812535675875,-9.952794729618592,-9.985628902265487,0.9102701955301375,-8.240768603819825,1.1185762645987798,-0.6249498059586582,0.25422315126095313,0.014185,0.019816215279411974,0.7158279116364609,0.5581610127006542,0.009768
2006-12,1.2493521327421109,0.22049143529053883,0.07607016521487732,-4.318037979381848,1.7796416077473063,0.04736368684327424,1.6293742206766153,0.034351859514040524,-9.946310523975786,-9.988633343229683,-1.0375047892338387,-8.243570275198575,1.0966516756098552,-0.6214864084147045,0.17515173667045097,0.009768,0.017500326568381533,0.5581610127006542,0.6165173181057784,0.010912999999999999
2007-01,1.3054232622341524,0.4522695388880271,0.09587435212506555,-4.30648100092856,1.8203657938080178,0.03157065677519989,1.6737198082302651,0.4381738495354899,-9.949274757452475,-9.98825828239035,-0.4485455705903811,-8.266036172767182,1.0825896377084872,-0.577759724747391,0.19578307808389306,0.010912999999999999,0.017701043716873515,0.6165173181057784,-1.3812770053206025,-0.023088
2007-02,1.2364701774683795,0.7930207509047116,0.31441522103692066,-4.295093380442582,1.7305008535687751,-0.20511705074453584,1.6911911936391268,-0.41256975259182993,-9.864905808673425,-9.991419416515829,1.472703319050852,-8.184817914929077,1.1134921158544022,-0.6250503637830732,-0.41435935671662905,-0.023088,0.016714967317247954,-1.3812770053206025,0.3664848078854918,0.006593999999999999
2007-03,1.348192124469949,1.3496895415275625,0.3380882544277764,-4.283871275199501,1.7893792036136331,-0.007887515454327646,1.661605564616789,-0.7393437162184107,-9.859367683387426,-9.906701384895394,-0.6375339143607596,-8.196122243890008,1.0466382735459923,-0.5152221013991009,0.11840303576673634,0.006593999999999999,0.017992560286592546,0.3664848078854918,2.212207224999605,0.039591
2007-04,1.2792178025723737,0.9631848560468187,0.12401287570558413,-4.271605582196909,1.7756827103875357,0.015772276105398726,1.6387389062001794,0.4730306537968319,-9.930365165209677,-9.89921622577315,0.373913077176788,-8.29944822815048,0.989496885247559,-0.36763430656140444,0.7111399429752931,0.039591,0.017896605504489783,2.212207224999605,1.4392530213028942,0.030358999999999997
2007-05,1.2797377305713464,0.9063348030248846,0.1484327612140168,-4.259534351346275,1.8528094851042078,0.2918156919031294,1.5923124292226143,0.1893067466124541,-9.975348059880819,-9.970884160083422,-0.8797167399242142,-8.37279432457525,0.9480898627581271,-0.4240592477843377,0.5455421072637114,0.030358999999999997,0.02109358087191458,1.4392530213028942,-0.990844380414961,-0.02062
2007-06,1.2663353261168937,0.2875635753682616,0.31386388594110115,-4.247652838138224,1.8936640831601488,0.4733267246320311,1.5525987540513662,-0.490660243980168,-9.899121857575812,-10.016365836379126,-0.40040143527743083,-8.302097060893932,0.96318999360603,-0.45609209111033044,-0.3706793861708617,-0.02062,0.020810533326499202,-0.990844380414961,-1.6269382439405282,-0.035197
2007-07,1.2807706525250875,-0.03775879856918971,0.5173569987839458,-4.1151611304171105,1.8218203659293228,0.14988213100911466,1.624004382391812,-2.711098480935653,-9.785072528101129,-9.935836363289141,1.2495441603195778,-8.282208631940424,0.9771539183503254,-0.6287512171188729,-0.6328664121860798,-0.035197,0.02163388815223315,-1.6269382439405282,0.45587768377662685,0.010894000000000001
2007-08,1.1976886702249332,-0.2722827839306638,1.094973802069575,-3.9817181911205157,1.7717263461416166,0.5286761138976113,1.4157682412807426,-0.4034013698960478,-9.78190682052693,-9.821416675482665,0.8758066708656261,-8.394653847415304,0.9661144608422454,-0.5022929129365115,0.19598117679555835,0.010894000000000001,0.023896760880574044,0.45587768377662685,1.4641526886044003,0.034268
2007-09,1.1841961179600045,0.409354928501069,0.3986431234135066,-3.8470927550367753,1.7798222987816683,0.7893864307387485,1.311893994797346,1.0556761804272214,-9.832813747820373,-9.818564540611083,0.05283880620921538,-8.573004574475233,0.9283111752207704,-0.5357020937722778,0.6167121946971944,0.034268,0.02340466282424652,1.4641526886044003,0.5762235688000233,0.01416
2007-10,1.1427976239202722,0.317888527812287,0.3591642316538051,-3.6169338074060238,1.747860765150338,0.7107105500241613,1.315890558984336,-0.5752307630239982,-9.835553853542127,-9.87171338592161,0.6827699225603427,-8.771084949954455,0.9256155015045257,-0.738448692486374,0.2549613945799017,0.01416,0.024573795253616547,0.5762235688000233,-1.9039129344364742,-0.044782
2007-11,1.338474894144094,0.882939621201265,1.203244284916744,-3.377015718446018,1.6211040750441725,0.9322353252854025,1.1038313940312843,-3.322379989981601,-9.694855164303757,-9.874732397868808,2.058965876146045,-8.805202287653714,0.9638916494657241,-1.0333811293172974,-0.8063924869230749,-0.044782,0.023521033546239713,-1.9039129344364742,-0.33236226737989155,-0.008816000000000001
2007-12,1.618081236600815,-0.09975825619297105,0.500806296889374,-3.1257410746916943,1.6400258806641639,1.185606930622342,1.013135704585112,0.4870209968685059,-9.643514856813045,-9.733410017504784,-0.12764317546025225,-8.95341704960137,0.9712992713100561,-1.6646275588355741,-0.15882490582317133,-0.008816000000000001,0.026525273369624937,-0.33236226737989155,-2.3876243805346156,-0.063266
2008-01,1.6886159794350912,0.7394196818783333,1.0320046239115017,-2.994675154697602,1.5896642973390664,1.273149476826882,0.9290938372063217,-1.6730756805841296,-9.46745650048367,-9.687303540847148,0.9377393494792015,-8.855230379920998,1.0181628748832336,-1.7635121501468254,-1.139434123400431,-0.063266,0.026497467740647734,-2.3876243805346156,-1.021601042484827,-0.032719000000000005
2008-02,1.8010849495432344,0.4322032762821659,0.6891804231812969,-2.8607864729565367,1.5976241518212095,1.7876910871561298,0.7164785902006865,-0.759864439825852,-9.360051872265501,-9.51024985058365,0.07928517452528783,-8.839869763422765,1.0497523482716897,-2.018674660552164,-0.5894262992970742,-0.032719000000000005,0.0320271795342123,-1.021601042484827,-0.1558729502807641,-0.0051
2008-03,1.927577126207682,1.2901657233024961,1.3542250659286312,-2.7238087297096576,1.5763864251249653,2.4198981784682254,0.4258865440632915,-1.4079973464701072,-9.324489730949626,-9.402283303870734,0.46712257635123655,-8.911689214479457,0.9838578506017392,-2.1009628154410467,-0.09192009534688203,-0.0051,0.032718954705185814,-0.1558729502807641,1.4322241119761936,0.046828999999999996
2008-04,1.9842769833309766,0.9029716077568686,0.6206726671549572,-2.5234202664293095,1.6719922965508494,2.6005504437569784,0.43608667072396873,3.2189409407650573,-9.419758927001332,-9.371138851155983,-1.2684058371569495,-9.18921512513915,0.9407185243843296,-1.9729966134751218,0.8442260486039443,0.046828999999999996,0.03269669851835198,1.4322241119761936,0.33406680032546376,0.011186
2008-05,1.9012692943869676,1.2539220224450573,0.35080513201421415,-2.3133050827991566,1.7348330014340814,2.3866329349598896,0.5849730263228752,-0.9597561433074727,-9.428044075704504,-9.46700748621809,-0.7223374384820203,-9.369325918188812,0.9538903579646998,-1.8307390424729646,0.2017608946947185,0.011186,0.033484321067229865,0.33406680032546376,-2.6030534503702643,-0.084542
2008-06,1.9440421224177482,1.5003992418084162,0.7326226333126953,-2.092234082426788,1.680784963470998,2.165398868989775,0.6291024997853917,-2.3808969284322496,-9.195163677959384,-9.475345010976634,0.9691937039783017,-9.269289096196774,1.0619056566450655,-1.9016439001450551,-1.5235730457926289,-0.084542,0.03247801153986084,-2.6030534503702643,-0.21912513255790214,-0.008806
2008-07,2.0846978548582453,0.782135218937562,0.9554585290326276,-1.9581357868296425,1.699805043359445,2.386189205332966,0.5514332656333375,-0.711895809386538,-9.16385706821405,-9.24852034506658,-0.11018575206198408,-9.338340621191373,1.05903271595906,-1.8778257834745693,-0.1587714587545392,-0.008806,0.04018708350432181,-0.21912513255790214,0.3504476840690301,0.013655
2008-08,2.1134633420582984,-0.5945397844886701,0.737896778066725,-1.8191775579366816,1.6420187560433885,2.188656807071353,0.582022247963136,-1.0254250119164725,-9.185677009775103,-9.216925170832107,1.0667379000208281,-9.47311418320582,1.0435749830151382,-1.8482039403097223,0.24632070471179174,0.013655,0.03896444639454453,0.3504476840690301,-2.2278175330589605,-0.086967
2008-09,2.3240183866292354,-0.20605549648188923,5.054447337360125,-1.6749656355233968,1.6207585800512274,2.6061884994166435,0.3824113081725211,-7.995328661487232,-8.949731804437322,-9.23878487055303,0.49392540038502997,-9.304812070971815,1.11001292445488,-1.9450306919662863,-1.5673385933935435,-0.086967,0.039036859486686865,-2.2278175330589605,-3.6999683399359995,-0.16777999999999998
2008-10,3.6351314241209742,-1.5032589123538243,11.809341306637364,-0.7750205053283832,1.7495958483945893,3.2409881590041243,0.2267288978575032,-0.5496137532203285,-8.51450446768674,-9.018342305389698,-1.6868486117419812,-9.498037780577839,1.2916295888651732,-2.2154913141616,-3.01041030938722,-0.16777999999999998,0.04534633396427986,-3.6999683399359995,-1.1146053345835514,-0.07381199999999999
2008-11,4.308131897639548,-2.8384765259716307,7.259120807375783,0.4424881965723368,1.3620389702899307,2.7816172414893936,0.06428228393657606,-2.2023495711047887,-8.340862408794925,-8.580380350697686,6.240962915778725,-10.244119208042695,1.364287470845827,-2.082140078709148,-1.3236774858815115,-0.07381199999999999,0.06622254327140671,-1.1146053345835514,0.17548248747206585,0.011995
2008-12,4.694423898192447,-1.5309455918544956,4.006978733892433,2.30998974007637,1.109571978296577,2.3635646910878267,0.010147011630551359,4.801000018132309,-8.374274994177368,-8.405656765865121,4.151536929341567,-11.723866727601509,1.3725839106855073,-0.9654600819897358,0.21521439615661833,0.011995,0.06835439919273667,0.17548248747206585,-1.2079149644338192,-0.082615
2009-01,4.2799057509092036,0.6445300602056788,2.3855933667921354,2.9502738661224104,1.4433206780871382,2.998536594932256,0.04395997666437276,1.4161248015276047,-8.191769288751926,-8.458387888500551,-4.767693766809631,-11.964992160483124,1.5059135522841198,-0.9863869074230732,-1.4811434730830781,-0.082615,0.06839471521799034,-1.2079149644338192,-1.479287375490671,-0.103688
2009-02,3.8849020762767474,0.7367027861004672,1.9842661788306828,3.7452786708805066,1.469499769957487,2.9171304328168888,0.10142880155223813,-2.0359582044724016,-7.9449243269840135,-8.2750953286992,-0.2376325145462991,-12.254174780860433,1.7064338018222707,-0.9802947925033672,-1.8562850732497405,-0.103688,0.0700932095534225,-1.479287375490671,1.1560874056630706,0.087434
2009-03,4.028290454298659,0.36040140989791025,4.0408356333597215,4.791870594461634,1.3012932224477407,2.6249113055357327,0.07098578111807549,-5.252556353639914,-8.178546108293382,-8.027142293949003,2.7128024774914716,-13.276584079132615,1.1469817380834961,-1.4688788749294752,1.5644096787765374,0.087434,0.07562922973791283,1.1560874056630706,1.1808140262044267,0.09412999999999999
2009-04,4.128803057133759,0.3701387711003423,1.4983332170725254,4.557328824060118,1.5034704575967024,3.0926729128994253,0.054072516223775124,4.877216852458385,-8.446783057320838,-8.27855696329701,-2.7361396629408645,-13.298703248923038,1.0682213160792104,-1.2145613345223119,1.6829645845103234,0.09412999999999999,0.07971619400776314,1.1808140262044267,0.6572980480430777,0.05464
2009-05,3.4645226307911496,0.42850499708012707,1.266371265221433,4.333594608542329,1.5847886700269718,3.2447857506319657,0.06081878055231287,5.714570604822942,-8.623174974010869,-8.54923528452878,-1.0452635818275293,-13.217903519111333,1.0261978632380957,-0.9532487252428696,0.977036535393865,0.05464,0.08312819452708771,0.6572980480430777,0.028101791337066022,0.002376
2009-06,2.5985155627758427,1.2743121332350498,0.6893645269708499,4.119312265579593,1.574417072108312,3.216618103314768,0.06080608877805378,2.066943365664117,-8.675587096064747,-8.727468523170481,0.34999700070510364,-13.00716630851894,1.0324098504545725,-0.8643981613637296,0.042507214374749636,0.002376,0.08454977020863708,0.028101791337066022,0.9188200925260185,0.074382
2009-07,2.3103954525193777,-0.23528277729108363,0.7488642487996884,3.342090676941064,1.5787240515434007,3.2197712105857845,0.06079350473880889,4.1919574608350665,-8.901625117587164,-8.78201749521601,0.0801592393447811,-12.546497280920123,0.9505059132205302,-0.5389187261230332,1.330385029447754,0.074382,0.08095382393685922,0.9188200925260185,0.4139187714235622,0.034650999999999994
2009-08,1.816124277893107,0.33295617911400777,0.43260120651116507,2.69191940617877,1.5242375514722695,3.106506921811741,0.0574040873459374,0.030725629816645516,-9.034631697988385,-9.010175778848103,0.9747615737096395,-12.096044194252043,0.9176476351642003,-0.30973849389860625,0.6199912167402489,0.034650999999999994,0.08371449277554435,0.4139187714235622,0.43261644796903637,0.036433999999999994
2009-09,1.6242509600953525,0.09289033340389288,0.38006554844370627,2.129725597816245,1.480705663900371,3.0484045254609815,0.04051136387764235,0.7452724749404819,-9.172832365979156,-9.144715301704906,0.742936608380356,-11.732023945510882,0.8968650992562097,-0.0005605299160583259,0.6521230369275848,0.036433999999999994,0.08421778730569135,0.43261644796903637,-0.22521416771720587,-0.018259
2009-10,1.569907320976816,0.14308808216727925,0.7748197221767076,-0.2638766259465091,1.5437694902275947,3.215304510062029,0.023625870765949495,1.4360448309909806,-9.172238394652041,-9.277662015265761,-0.7218844069543828,-9.797097738660975,0.8964520217211378,0.1250960198961746,-0.32694484229963494,-0.018259,0.0810739403523105,-0.22521416771720587,0.9237653877345852,0.060257
2009-11,1.5568435041047946,0.10519240200748121,0.39794432229552357,-1.6855385109006151,1.4928633869631522,3.117964256365401,0.016871411184600067,-1.2590189473895985,-9.354309434829613,-9.277579302894704,0.8783174108853382,-8.858019664820533,0.8412685428893047,0.29477972759177434,1.0789927930327436,0.060257,0.06522976591250347,0.9237653877345852,0.2947778311789995,0.018883
2009-12,1.529978857302898,-0.26182786569143923,0.18566086358275652,-2.7139322593393014,1.684792469978432,3.51511086172734,0.01686723358194715,2.3668633005357793,-9.444167030866176,-9.461151499966876,-2.458606869841985,-8.140127761866944,0.8341475094776206,0.41482430118605196,0.3382880698568285,0.018883,0.06405841282051354,0.2947778311789995,-0.5568985996903932,-0.035751
2010-01,1.3651476899513613,0.5082734040705161,0.39628147022171867,-2.946540820052934,1.6214150578180593,3.3664288676372256,0.020235784769347023,-1.2872166682065007,-9.365988771762861,-9.515812352521051,1.1099890604255065,-7.874856623587176,0.8636499413340315,0.5253033890824844,-0.6406157402231281,-0.035751,0.0641966060246438,-0.5568985996903932,0.502965665895051,0.030424
2010-02,1.3657194109890751,0.037077911012471855,0.47235288999735264,-3.1663402713379303,1.6225382947816387,3.323198844106139,0.037090742531762214,0.0556022950924064,-9.446046906732919,-9.43698715568195,0.13286664475566293,-7.79334320384863,0.8416782307915751,0.546029093744058,0.5453815628016363,0.030424,0.060489218376087485,0.502965665895051,1.1430012458889676,0.060913999999999996
2010-03,1.3800967747591342,0.61119727873912,0.12610487187954855,-3.3745563228604523,1.6860886469323524,3.41797876029742,0.05056796085549001,1.7132036773428534,-9.594512567872508,-9.517267159455553,-0.7530185792830523,-7.797159569396768,1.4711620439008082,1.034764268544617,1.0919675183651498,0.060913999999999996,0.05329303027366713,1.1430012458889676,0.3167618486226128,0.015877000000000002
2010-04,1.3254312019940537,0.25863430226319106,0.35724947331203516,-3.4752192714811323,1.6115403633337617,3.247794415769107,0.05392843966791112,0.40916656946360763,-9.616859720607229,-9.643082689525146,1.2803656194069546,-7.749288520216912,1.4510899940760718,1.0454773357909144,0.28475382061490095,0.015877000000000002,0.05012282908765227,0.3167618486226128,-1.8932579437973964,-0.080211
2010-05,1.5055875562469814,0.11547779478405794,1.6145873575387153,-3.571881792208788,1.4995341114023013,3.0091410383034307,0.05391781276420171,-3.7116178481486166,-9.400146659156022,-9.66542753734914,1.8385092791481932,-7.440558556020746,1.5763123806556325,1.0094096785414928,-1.4375868242391259,-0.080211,0.04236665176173355,-1.8932579437973964,-1.1751593448352284,-0.053625000000000006
2010-06,1.8655329819490831,-0.14547407999180584,1.113770251885866,-3.6647355625345384,1.3866807425312937,2.8012365059805524,0.04042985544577036,0.5617387831159968,-9.257562454449754,-9.447411910301874,1.8739053974098963,-7.214219980695794,1.6352613069462931,0.7372575669627892,-0.9610272761471074,-0.053625000000000006,0.04563210958214256,-1.1751593448352284,1.46012512870416,0.070351
2010-07,1.7834204519283252,0.03145927775558576,0.6672299255790026,-3.722601858069616,1.388975558016124,2.7724214629738513,0.05389603059452541,1.1065984542514935,-9.400452088113337,-9.29733694361699,0.10257092289066846,-7.3301394293466675,1.5274853944256799,0.6111533170470504,1.260577231400552,0.070351,0.0481814870636707,1.46012512870416,-0.9551060873759941,-0.045534000000000005
2010-08,1.618255918257611,0.20589438758160364,0.5390581546775889,-3.7784249620012886,1.206663167321217,2.3913671807212276,0.053885677217847365,-1.740374065127744,-9.267602549958017,-9.441034866266433,2.9443312906679053,-7.143507286077448,1.5967275499895333,0.44089020326369716,-0.8159533231077379,-0.045534000000000005,0.047674285193907213,-0.9551060873759941,1.864158518054755,0.090283
2010-09,1.563634960542501,0.08678605743950782,0.465981773091416,-3.8322782474067743,1.2569682623413745,2.5024238976819166,0.05050801385188707,0.07113591377269604,-9.451705547916871,-9.307473696672938,-0.6429504976019409,-7.3082837066044375,1.4825448895635203,0.13121400383661166,1.6168286193265782,0.090283,0.04843096717665947,1.864158518054755,0.7155183279849999,0.038625999999999994
2010-10,1.4397191773851046,0.1858401326501262,0.21540705849262204,-3.8921156239432295,1.3552649988800627,2.7200029580118272,0.04376486114660901,0.8720477248537611,-9.518088769549692,-9.490476250990652,-1.330251671337995,-7.339455015184962,1.4387178670588054,0.28442164279370485,0.6919576068428633,0.038625999999999994,0.053983243320651526,0.7155183279849999,-0.00275194924706734,-0.000151
2010-11,1.4541937963875107,0.06280327086691875,0.3467255420575139,-3.949596440265146,1.404074070868413,2.810859256723238,0.047122218478857704,0.6086558983972338,-9.492318650325998,-9.557275807442599,-0.5754218377263022,-7.270583276830943,1.453649508501714,0.5822885520715062,-0.0027063708103680245,-0.000151,0.054870197973642,-0.00275194924706734,1.2865864278061354,0.066954
2010-12,1.4964017085295298,0.2566734415229762,0.16606167852681425,-4.004814278229496,1.528445176575362,3.0646624723117544,0.04711312645805986,2.670136045650755,-9.622345971817905,-9.531412063916463,-1.6252660043059466,-7.3764847459415,1.3820470401717717,0.49649493148231527,1.1999080977254442,0.066954,0.05204003287534191,1.2865864278061354,0.42083371554460475,0.023249000000000002
2011-01,1.4554656106267685,0.7117291390771004,0.17231743351632547,-4.021467812098336,1.5963793872165866,3.19229341480514,0.050468876620674896,-0.015180728889549184,-9.642663373760373,-9.65089008517737,-0.8206934620256826,-7.392876905836481,1.3456147312765174,0.6052859426457217,0.4168397341958691,0.023249000000000002,0.05524509833988291,0.42083371554460475,0.5926202651000138,0.032408
2011-02,1.2896283413756606,0.7371299002627492,0.21276534075043047,-4.0374014865086165,1.5748270574653915,3.1575645335917977,0.04373123417699751,0.3341239275286155,-9.684316780145759,-9.67167178988855,0.47336909778103164,-7.433943195498165,1.3088751587855256,0.6272626987403112,0.5812772779402322,0.032408,0.054685946310881986,0.5926202651000138,0.009583641922854939,0.000525
2011-03,1.2484941585335336,1.457496288201164,0.4688556546990128,-4.052643028242365,1.5865467964624849,3.1990393780416766,0.0336325887183639,-0.5013636910210688,-9.648768621274549,-9.713899383653914,-0.02514633959123118,-7.389779899588886,1.3675794723710968,0.49185153280753646,0.009421079653219037,0.000525,0.054780844717078496,0.009583641922854939,0.5674594718205415,0.029441
2011-04,1.1934248282064912,0.9627836557396434,0.12718003350167106,-4.039436970338451,1.5390547218631105,3.1264415389592206,0.02017519521276959,0.3039937024051076,-9.675757072947702,-9.671536979047271,0.8342628304174037,-7.438382369714727,1.3152576130820235,0.3699581830702352,0.5285302456285426,0.029441,0.051882119273727954,0.5674594718205415,-0.2160063735958909,-0.011313
2011-05,1.138287939771399,0.7036122370172313,0.18671103946602588,-4.026509308630471,1.4470595519574827,2.9482840763167393,0.013447148214883445,-0.7449338309003178,-9.604365257629274,-9.699247121519756,1.4877758439243,-7.376977698151967,1.3405541334021864,0.35972099218449066,-0.2031822988254095,-0.011313,0.05237345459613423,-0.2160063735958909,-0.3513464535159795,-0.016545
2011-06,1.0552975854394882,-0.16023260699795863,0.45878189768545474,-4.0138506875585165,1.514236490978683,3.081836624100377,0.013444190274358017,-0.2357496874145665,-9.522806345713985,-9.628008569358196,-0.7502108541932259,-7.303111531638922,1.35746668041647,0.46317667269386337,-0.29726993281135405,-0.016545,0.04709027182267409,-0.3513464535159795,-0.4432934903873569,-0.019828
2011-07,1.1528792405684087,0.13261772235450253,0.3661325692516685,-4.011471115183323,1.3999136842121551,2.8437391795106364,0.013441256169291387,0.38801017100707724,-9.437045057541779,-9.548772097355847,1.7673928626964057,-7.215133097316423,1.3879363566904834,0.48854571628570076,-0.35639214814843134,-0.019828,0.044728831868643,-0.4432934903873569,-1.351736393593807,-0.054423000000000006
2011-08,1.3756883137997533,0.4129131807695195,3.8315259040598177,-4.009039102107338,1.1668078389183891,2.3795022609089482,0.006719122860903208,-4.683234738594244,-9.265815957764783,-9.46296556074776,3.5916473083890796,-7.030112622768709,1.4514845743590132,0.50283675523938,-0.9781184938634306,-0.054423000000000006,0.04026154822635779,-1.351736393593807,-1.706014620207511,-0.070238
2011-09,1.6404465957903869,0.22746326168597314,1.3786348934100645,-4.006557358052199,0.9816387164535267,2.007315072807168,0.003358802302588165,-0.9712922618885568,-9.058725511798782,-9.29119196899901,2.924152593112068,-6.802817423169814,1.5449628368859163,0.5158274300967267,-1.261809242979332,-0.070238,0.04117080778091843,-1.706014620207511,2.8859296540476946,0.109014
2011-10,1.933197568325372,-0.3090513640514682,1.4753484185338828,-3.948677626828937,1.0780779446679503,2.1974150042353076,0.006716123399334957,3.0001782234391285,-9.258460830097341,-9.070802630835637,-1.2702857268965877,-7.076492649935855,1.4105437587255982,0.3121069729564557,1.9561215219714025,0.109014,0.037774309518286815,2.8859296540476946,-0.056949781377297726,-0.002727
2011-11,1.7670883023424806,-0.126429175084239,1.5308949766361017,-3.892065767089691,1.0114588226030348,2.068394467676547,0.0033573145673016524,-4.509439842612215,-9.203717726963472,-9.272520569450373,1.0421159245242897,-7.0654365744324625,1.4001061698459465,-0.17164821506150324,-0.04895579681504773,-0.002727,0.04788429268820832,-0.056949781377297726,0.1968438855625212,0.009427
2011-12,1.837459390557447,-0.3697338618406078,0.5511904730856271,-3.836666400192257,0.944777479284919,1.9319299786204134,0.0033565733917097808,1.7959400642840377,-9.182052009135456,-9.218287581945733,1.1210872405442582,-7.09037904913734,1.3805655485358783,-0.25694972216113043,0.1693177673099958,0.009427,0.04789074333226273,0.1968438855625212,1.0296868081950454,0.045205
2012-01,1.9217867099522112,0.6598534283916215,0.12928134329112453,-3.8148551061115485,0.9225378111119489,1.8715553014446258,0.010067588706873831,1.424201991031651,-9.250864166262453,-9.206611229469488,0.008308222131827848,-7.1895578031000476,1.3352772139358564,-0.5164124529161369,0.8121254376917425,0.045205,0.04390169869150851,1.0296868081950454,0.9566344331067295,0.043341
2012-02,1.7972445378057806,0.6605299197610265,0.12444231851377104,-3.7934975991327273,1.0078168912146763,2.0012261801748013,0.030197083292830135,1.8744614578800625,-9.312487281315727,-9.276254862324866,-0.8141917623225833,-7.281194157101315,1.3024380617864502,-0.5717161089748979,0.7788482086471504,0.043341,0.045305707697816625,0.9566344331067295,0.7135312010082819,0.032866
2012-03,1.728354517865278,1.1395464987917199,0.23057227043676964,-3.7725798373187995,1.1005985336227175,2.199084991722681,0.026836746576265554,-0.007412521098013905,-9.35271308654697,-9.338661086896751,-1.2538398321619577,-7.349168948404467,1.3381352896600986,-0.5442168672894736,0.5908308161075557,0.032866,0.04606105514875519,0.7135312010082819,-0.12830713413056755,-0.006034
2012-04,1.7151813111422871,0.4534887743222359,0.3249332184284263,-3.7240582353391485,0.9931852596479948,1.9787808734437184,0.026831684522333376,-1.1709419351453576,-9.301529770853273,-9.37842873417007,1.697066520823669,-7.337391481588614,1.3380820934799096,-0.49031776788275594,-0.10852282170685525,-0.006034,0.04702778252267483,-0.12830713413056755,-1.2939052465465901,-0.059890000000000006
2012-05,1.7717429663122415,-0.17620108462301673,0.29878229181572336,-3.676247248043027,0.8189206030430434,1.614077522705133,0.030180106979493495,-2.2116415999074857,-9.116836751932057,-9.327397370066613,2.6614975742326843,-7.1738058034080545,1.4268497293377358,-0.6029075754296106,-1.0769176262576714,-0.059890000000000006,0.04628623321517966,-1.2939052465465901,0.841047184066108,0.041465
2012-06,1.9260056052906958,-0.2202401821599036,0.6866620553866726,-3.6291198918139207,0.8633338369705763,1.7060216829483852,0.030174616353684458,1.47854864174614,-9.177298752115044,-9.142068049428632,-0.5630412177372074,-7.285192233143185,1.3730906149230488,-0.751387545616101,0.7458226665212789,0.041465,0.04930163347023438,0.841047184066108,0.2843674245672082,0.014363
2012-07,2.0523990049287133,-0.24483968651621527,0.31031140633085713,-3.5617178292393277,0.8002462002911783,1.5695476392046408,0.03352142280686372,2.6903592826578,-9.167513583632985,-9.194980930758524,1.0227449977724856,-7.334835147074146,1.359652684424953,-0.801260352668461,0.25846633904606114,0.014363,0.05050859823996967,0.2843674245672082,0.4496941977576193,0.022644
2012-08,1.9973488790369116,0.8363271747014723,0.14534650786273484,-3.4952628797436702,0.826101624228731,1.6234896011337077,0.03351554567244356,-0.18435619591312472,-9.174856907188593,-9.185836173271007,-0.28166896903140715,-7.403252574138179,1.3512447876124827,-0.7795546395795772,0.40766465767093446,0.022644,0.05035421874000894,0.4496941977576193,0.5181718525305067,0.02502
2012-09,1.886411478868566,0.6708377511774251,0.20887562843789712,-3.4297063321018313,0.8705109243673352,1.7079125888690734,0.03686082230518479,0.1475547713251791,-9.192863505712488,-9.193899706472543,-0.6048604721623697,-7.483300356103531,1.3165066677643595,-0.6862891794057961,0.4506325083199682,0.02502,0.04828513914411625,0.5181718525305067,-0.4038690483153723,-0.017936999999999998
2012-10,1.5517283739609888,-0.05848931724926232,0.185115104472334,-3.368943242063851,0.8815886590197004,1.7389778352162586,0.03350406324451467,1.6218836070837157,-9.098088484198536,-9.202555241905884,-0.05802629028391886,-7.431931323435794,1.3508783723402389,-0.6186174356945218,-0.3231869094914462,-0.017936999999999998,0.04441291075614538,-0.4038690483153723,0.16452354707949055,0.005226
2012-11,1.4125162525201758,-0.71247591390603,0.380669245381464,-3.309506003634321,0.8444847424862497,1.670928729488745,0.030148398186878207,-1.7380866847814358,-9.058464868459833,-9.108269179133526,0.5970840979773503,-7.4412950490228305,1.358364987714904,-0.4760222046619134,0.09420669535415063,0.005226,0.03176445009099534,0.16452354707949055,0.2644814474752813,0.008408
2012-12,1.3711113926923801,-0.40502127911606084,0.20727871878517667,-3.251333951486091,0.9111445877064326,1.8240412535852353,0.023444533470611078,1.0310583573344154,-9.02977816931904,-9.069413618753696,-0.8375427392435705,-7.461816774592891,1.35034819125165,-0.4544865758659272,0.15163975440532784,0.008408,0.03179050961896229,0.2644814474752813,1.6482993682908218,0.052361
2013-01,1.3016518767157805,0.4449466044547381,0.18153318670520568,-3.2353362409537105,1.0779541999954645,2.1675741618497155,0.02344034896661061,0.13999547182609975,-9.120370705286911,-9.061182952101126,-1.3755726702346163,-7.58230091449085,1.2766943502541768,-0.31546284739769537,0.9444808653815138,0.052361,0.03176668086349806,1.6482993682908218,0.39832116866965006,0.013013
2013-02,1.330161977343944,1.2324036840790067,0.24886100540378073,-3.2195976755445304,1.0558449718377116,2.0990940836038297,0.03348064021946225,-0.1548036219541965,-9.120863831046805,-9.152565451530988,0.47254473560789567,-7.601105139362757,1.259101870057208,-0.34878416758086545,0.2348375751327373,0.013013,0.03266961694117845,0.39832116866965006,1.2358354557868034,0.037584
2013-03,1.2886402208015382,0.39358493268794414,0.09705200477565128,-3.2041119180068027,1.0633783251026558,2.122168498517606,0.030127499718926556,0.32449136835028114,-9.17851106075896,-9.153311680220481,-0.2570951086247262,-7.684656037164745,1.3393016807949167,-0.3505802595830058,0.6784769258880807,0.037584,0.03041181560539698,1.2358354557868034,0.6357275972467916,0.019621
2013-04,1.205011438909921,-0.15655099550271054,0.33716983170550163,-3.204104972219311,0.9782079033074135,1.969880080088808,0.02008143331385678,-0.2139658465925213,-9.188050769959784,-9.204548430807627,1.5668038567606992,-7.701112585019425,1.315811647714029,-0.31492887371758205,0.3543634682595062,0.019621,0.030863848108804156,0.6357275972467916,0.7379297608564934,0.02312
2013-05,1.177376965659074,0.26820692278096686,0.20354545016397366,-3.2040714522589044,1.1451496310421758,2.328497947459746,0.013385170279276366,0.6863492992364716,-9.203934099899342,-9.214593263876186,-2.598670759749253,-7.724907223186346,1.2918676662737625,-0.18510704982997792,0.4177381311335754,0.02312,0.03133089519680748,0.7379297608564934,-0.504340037325132,-0.013601
2013-06,1.2899910435562572,0.3616505045909787,0.45064193012981146,-3.2040124321138155,1.2232529266224683,2.480538114575631,0.016728482936669387,-0.6348607918606566,-9.136654836631061,-9.231008856005902,-1.1769572202619059,-7.65422553883611,1.3097975675877884,0.004671699382050145,-0.2458482185865358,-0.013601,0.02696791647186215,-0.504340037325132,2.0697017586560267,0.050672
2013-07,1.3746706022229163,0.05939959573109657,0.10068755118303661,-3.206412990345758,1.2754771882245919,2.5940036140881704,0.01338037561126833,1.5050880671601077,-9.2187028001529,-9.164146046597082,-0.7144911146585792,-7.751003370958622,1.259971310430656,0.32915879262258146,0.9160917274078884,0.050672,0.024482754478067494,2.0697017586560267,-1.035094443760643,-0.029207
2013-08,1.2348342209420928,0.1814272041557013,0.19066003260985773,-3.2087227354086316,1.3017859198412647,2.6461990849956916,0.013377985338610173,0.03690697220080555,-9.113362553147017,-9.247086606132301,-0.3263833504349163,-7.635005261657541,1.3187019272785128,0.40695291773300485,-0.5281759512761872,-0.029207,0.02821674889287095,-1.035094443760643,1.1025650739861284,0.03166
2013-09,1.1650498593281144,0.17547440069679565,0.12485543350322464,-3.210944884258542,1.294715366102034,2.644996641088403,0.0066877605458990665,-0.3470679766296932,-9.151865797583639,-9.141509402058567,0.2521370189944697,-7.682248010119877,1.2909302600195283,0.39871773203367067,0.5727514010637943,0.03166,0.02871485842149787,1.1025650739861284,1.581494494951799,0.046268
2013-10,1.095182864599004,-0.38862023537210993,0.28871266852421046,-3.2563926183965486,1.2690684977784927,2.5678520579867485,0.016716523062639,0.6130970859661982,-9.235912791480692,-9.19301296933189,0.5292980155103687,-7.745567826593731,1.256404023162381,0.379337728719378,0.8372118843415733,0.046268,0.02925587167561412,1.581494494951799,0.9708905418522946,0.030817
2013-11,1.0533413774821279,-0.30827341156995264,0.12938104780162824,-3.3004775723221913,1.3399629915860993,2.695992063895772,0.023399300370851313,1.1079144343749745,-9.281942590213477,-9.277611228232805,-0.9757199837986389,-7.767333298027659,1.2141560280526167,0.4071843054653258,0.5578420566685297,0.030817,0.03174096221105047,0.9708905418522946,0.7880466783133401,0.02595
2013-12,1.067678813880824,-0.01295640969170972,0.14972536822358493,-3.343246067707333,1.4035154635490035,2.8235107725082456,0.023395502305448627,1.5427390571107593,-9.317334727899592,-9.323960330219283,-0.8557796437187704,-7.778448164898934,1.1781894052485602,0.4791430578770896,0.4699360160376427,0.02595,0.032929521453654124,0.7880466783133401,-1.0291681846393044,-0.034666
2014-01,0.9836105875975956,0.561934474350649,0.26188485790832106,-3.3114026485182366,1.2701690938350532,2.5714393004560727,0.013366568161968125,-1.6005443459246704,-9.19976733120043,-9.345297491635087,2.2620278427526483,-7.677501250637766,1.244083177639177,0.5433619878610385,-0.6279084781954778,-0.034666,0.03368351307143205,-1.0291681846393044,1.442462363780138,0.045757
2014-02,0.9135180184916422,0.5587849358759284,0.25191129979299487,-3.2800993144567188,1.2593382412265182,2.5401924464818846,0.016705430046081746,0.6935046422426301,-9.266041165163733,-9.227457737565345,0.3055991920844583,-7.7856366454073385,1.1965707546469038,0.6546312306257561,0.8289949032638522,0.045757,0.03172145156015616,1.442462363780138,0.23586083024916657,0.008056
2014-03,0.9558798454270988,0.9734138944404624,0.17468732368943513,-3.2493195494750435,1.252212360438247,2.524220862174802,0.016702674162665028,-0.007381194469984402,-9.249887156230708,-9.294548689309181,0.26029483097570133,-7.799518086927291,1.3571541948028367,0.6486288464861856,0.14602222466140147,0.008056,0.034155734936952155,0.23586083024916657,0.2018778432010832,0.006555
2014-04,0.9279426539521536,0.49850844083117885,0.274003141587989,-3.2382842197028037,1.2116031999411943,2.4552452768715685,0.010019896020347283,-0.15507595590358975,-9.23423007037676,-9.280464890545126,0.7480772844292651,-7.797257432607528,1.3472063401539032,0.6571149702586485,0.11887139116778932,0.006555,0.03247013092700224,0.2018778432010832,0.7277640182831979,0.023309
2014-05,0.8436959254456154,0.5283380197857203,0.11166787594063711,-3.2274630461799103,1.14862516768752,2.325814695977633,0.010018202249463535,-0.6721592055412294,-9.252903545340477,-9.265057527779673,1.1531611849822168,-7.834102798072826,1.3363421731612537,0.5530906669230031,0.42287723306256547,0.023309,0.03202823911930429,0.7277640182831979,0.6440456788218669,0.020635
2014-06,0.7734493061819302,0.2818040299013454,0.056732978591845624,-3.216850041174602,1.1637122731725693,2.3483579817168376,0.01335541026939017,0.33252825620025134,-9.267111961037475,-9.284178610694669,-0.10337415197005824,-7.865837022799071,1.3277644661305614,0.5493956894252954,0.3745299437189908,0.020635,0.03203965289814067,0.6440456788218669,-0.4319453934000167,-0.013974
2014-07,0.8016562472201513,-0.05906895145843835,0.19100047475667645,-3.213304042955313,1.1527662745204519,2.3329385748609575,0.010014893005434792,-0.24396069223376887,-9.203227480889934,-9.299604043895597,0.23580395470706894,-7.802032829192089,1.3490095176305077,0.33396187094200386,-0.2537341649645231,-0.013974,0.03235131156279964,-0.4319453934000167,1.3652161787018235,0.039777
2014-08,0.8580360686363727,-0.2529479464625804,0.1099469053959641,-3.2098156978902033,1.06736674883979,2.1582939461747555,0.01001324275668091,-0.09615031225617124,-9.260996702180222,-9.2356301338211,1.525973013185124,-7.877539342282326,1.306878203217567,0.26684364389596865,0.7224707527862726,0.039777,0.029136044987266213,1.3652161787018235,-0.4617918026295317,-0.013928
2014-09,0.9707776098124509,0.11399632653179495,0.145177840380241,-3.2063834978633494,1.11588772794786,2.264625062828633,0.006674381601455848,-0.7471566432784739,-9.1966070565358,-9.294035371202515,-0.7030843763767114,-7.812952723838569,1.3112336622438254,0.3165616136762575,-0.2530771083604603,-0.013928,0.030160777910502694,-0.4617918026295317,0.8259782987971073,0.023972
2014-10,1.0836374150891215,-0.3806115640504366,0.5929625558251045,-3.142946540180678,1.0490466891019326,2.128023894583629,0.006673277654114931,-0.5549929250586454,-9.225585126675726,-9.232844648252417,1.2406875885703814,-7.905964780139198,1.285090139772255,0.3183051448078874,0.4357646169708103,0.023972,0.029022554266753764,0.8259782987971073,1.0356589826101776,0.027631
2014-11,1.2247934403990746,-0.817854033986618,0.030270744051799775,-3.079491526148823,0.9821402084718853,1.9915968877927277,0.006672183272563734,-0.836292582072682,-9.25738290583681,-9.262180785727734,1.1828077843082934,-8.002463476478086,1.2535708692102496,0.2732032958695851,0.5024794071338017,0.027631,0.026679631484836278,1.0356589826101776,-0.09371965075188593,-0.002473
2014-12,1.3379326406222607,-0.8586512144524826,0.4016125717912891,-3.0159881163786553,0.915175404852471,1.847676038003359,0.010006681837708467,-0.7920133241415424,-9.223274102378783,-9.294348349586327,1.199352343743604,-8.023261637854892,1.2539681150134783,0.22307223234917264,-0.04499288581048115,-0.002473,0.02638720887412436,-0.09371965075188593,-1.1627075839189152,-0.02943
2015-01,1.3948238315046653,-0.7125692332067984,0.4488711724691786,-2.94757848990075,0.743925137238315,1.498522646212292,0.010005102794863588,-0.8143348322261283,-9.118471222429747,-9.252137253163815,2.9233949563831514,-7.966415326170431,1.302134714477325,0.007572941523020587,-0.5355821641955554,-0.02943,0.025311609218894016,-1.1627075839189152,2.3017828590092844,0.056976
2015-02,1.2684797503245133,0.6578770707810814,0.16404960087912404,-2.8794174478493266,0.8852486595051606,1.7957265823704727,0.00666900240919528,1.5019779866172362,-9.211162035224557,-9.147103632580453,-2.1518793489737034,-8.136229489015498,1.232650984204525,-0.1494250482053469,1.0369554024465766,0.056976,0.02475298648479951,2.3017828590092844,-0.563170398686744,-0.014993
2015-03,1.2689376968546968,0.9018310102026604,0.3470204162493124,-2.811471251282423,0.8554486293204382,1.7278211054454653,0.010001952458212983,-0.58468655557328,-9.139395267256441,-9.240750816753877,0.5639142873951947,-8.116669810863755,1.1908887136362811,-0.27330648508792005,-0.2729784395509999,-0.014993,0.02662249300560212,-0.563170398686744,0.33868506213806115,0.009101
2015-04,1.354058224058885,0.30815459274298324,0.11588322475379546,-2.740900571804935,0.9261274323452368,1.8805367352180435,0.006666920768831873,0.1999199562908491,-9.13663413641174,-9.176975158513498,-1.0287948162699685,-8.178316510111678,1.186554211721774,-0.2806556933482095,0.16577969680808688,0.009101,0.026871571903841686,0.33868506213806115,0.4649261869011329,0.012522
2015-05,1.2840033794625925,0.7729383162106406,0.17901713413062142,-2.6699316833811313,0.974531201202145,1.9799044708222686,0.006665882468407616,-0.3333359145859598,-9.138506854703245,-9.1743471625019,-0.6543961982920755,-8.245412906509317,1.1752975791126026,-0.32045498286240026,0.22820030234310573,0.012522,0.02693330759332517,0.4649261869011329,-0.7346769971102164,-0.019343
2015-06,1.326835610759234,0.5313836651499847,0.21241278667251276,-2.598524926711777,1.0602085255033036,2.1552046102661824,0.00666485335059899,-0.16303764765751036,-9.06747694653888,-9.176377480409526,-1.2258898257703859,-8.228550833720776,1.2013725245837388,-0.34609410121360085,-0.35263353692837573,-0.019343,0.026328577151705973,-0.7346769971102164,0.8114160473721382,0.021297
2015-07,1.4827191937507853,0.010174539594902804,0.23420888991035696,-2.5318400502929084,0.9784237438133815,1.9804397661049875,0.009995783752760602,-0.6671360369786008,-9.09423887687834,-9.108133562880543,1.3532046847587504,-8.319936192285661,1.196572982046642,-0.3451329047989342,0.38842387286823615,0.021297,0.026246707923725097,0.8114160473721382,-2.2543305550512103,-0.060086
2015-08,1.6246294221040154,-0.21497736640369194,1.1809558270805658,-2.4646090334126525,0.9822035496639301,1.958005828003322,0.0233203472299553,-0.585769794838827,-8.926903472186641,-9.135129116918483,0.04937946963482376,-8.187727402031742,1.2807560981361958,-0.4033330791158807,-1.0956313028468294,-0.060086,0.026653588962526866,-2.2543305550512103,-0.8277503290491864,-0.024547
2015-09,1.794919732797568,-0.23635845125724997,0.8189530195162963,-2.39679560591348,0.9413045647546447,1.9127541472333673,0.0066619541697493356,-0.30413367778037326,-8.848168971294362,-8.966857610769795,0.7162462140512009,-8.157380977075784,1.299986173265859,-0.5410769954449601,-0.4477408438190683,-0.024547,0.029655077308391346,-0.8277503290491864,2.7610470484928302,0.083449
2015-10,1.9652969204042294,-0.06829608651375638,0.3271790192425251,-2.3270919829056,0.9636730948417508,1.9588951790182152,0.006660960961660279,0.541689294783577,-9.01357871769092,-8.885754037161384,-0.21825064772304253,-8.409670659457042,1.1984901653437567,-0.6674282467390489,1.5214378559498039,0.083449,0.030223679109543683,2.7610470484928302,0.08870500227462337,0.003373
2015-11,1.9802125170473976,-0.3206245100455108,0.22616599454601838,-2.2568110248838855,0.9860619457934521,1.9288538637492725,0.039961179496028336,0.6309176375889417,-8.995295960152133,-9.052277916322758,-0.26776308055559217,-8.450657286226553,1.194656541320666,-0.730683463183124,0.06152480845138956,0.003373,0.03802491306586601,0.08870500227462337,-0.41264629783473894,-0.015347
2015-12,2.10825493799084,-0.5191109459061983,0.5740047423811725,-2.1859156153607784,0.9972992970551493,1.8683603990599948,0.07658625284003193,0.1633705054538686,-8.935402098422342,-9.033994543735083,-0.09066601429876658,-8.44374802718951,1.214876224829122,-0.8811278644809245,-0.28004423373178033,-0.015347,0.037191658038687486,-0.41264629783473894,-1.313829040496152,-0.0492
2016-01,2.05241993001909,0.25123196595754144,0.8700620871384923,-2.173461795357099,0.878197793035827,1.6020598112487916,0.08656987355527168,-3.0255455879500244,-8.80378483762725,-8.980739080529014,1.959772883147017,-8.304672724108471,1.2856909166077644,-0.8288531574490132,-0.8977625890467301,-0.0492,0.037447794563454165,-1.313829040496152,-0.049617721613884266,-0.0019420000000000001
2016-02,1.9541158782318258,0.12513486430160928,0.526403160068866,-2.16105300882818,0.8074247821187233,1.4195649038469669,0.10321259422110464,-0.45880432131325627,-8.783513535336239,-8.848315520624801,1.2104365898039793,-8.29364972631384,1.2818596304070111,-0.9771981927320696,-0.03545209003323504,-0.0019420000000000001,0.03913924172319473,-0.049617721613884266,1.8902011483483434,0.06713999999999999
2016-03,1.8557671468188073,0.6549014618296353,0.2578928649706831,-2.1486885916348584,0.8110783501796647,1.4430629048979138,0.09654822934022968,3.1396578006969498,-8.919988222723171,-8.827912781540297,-0.012356845940260089,-8.463214322713613,1.2705078821257327,-0.9364789122349684,1.2255436121539913,0.06713999999999999,0.0355200292088844,1.8902011483483434,0.09064994998920399,0.003647
2016-04,1.6581508809893157,0.7213316846204235,0.165563956013905,-2.1410275351130994,0.8296274017694923,1.527661012244731,0.07656703479360576,1.4659095022614272,-8.912957785674315,-8.963513472267056,-0.2183874340051863,-8.463500613022786,1.2642364935378696,-0.9554649661596796,0.06660138147064543,0.003647,0.040231682427120385,0.09064994998920399,0.4578480675353041,0.018387
2016-05,1.4603326700369956,0.6157850819725768,0.20162019007777066,-2.133417685168658,0.8146830831462804,1.4671594432421688,0.08987755491455061,-0.4863476820555273,-8.934776102017778,-8.956447713149485,0.33803545542947583,-8.49694831028852,1.2633308325442367,-1.0663662043909226,0.3359304530339262,0.018387,0.04015961036808832,0.4578480675353041,0.06134246132935572,0.0024749999999999998
2016-06,1.4609254377073821,0.5000928038706677,0.5802764379437804,-2.1258584186327396,0.6657333710769996,1.1619995349048227,0.08987215599543597,-1.5684732419995366,-8.92359583391976,-8.97840235056652,2.4277627401424,-8.49227962621064,1.2533179259828633,-1.1294111737039223,0.04523898213657273,0.0024749999999999998,0.0403472561479299,0.06134246132935572,0.9100624755393082,0.036371
2016-07,1.3337701879524633,-0.2464432123762915,0.09679127258150434,-2.139220553294106,0.650701646753096,1.108955634223458,0.09985296178888427,1.2074224384101615,-8.991103489875723,-8.967472078882682,0.33345394583315346,-8.560814067658823,1.2191790209053397,-1.2455174650217564,0.6650181028619137,0.036371,0.03996538806684271,0.9100624755393082,0.02562305963598597,0.001047
2016-08,1.3058680885244451,0.13993013672144475,0.05658240808535153,-2.1524225559050985,0.6914689205772012,1.193596601460616,0.09984806467280676,1.148380426984356,-8.974949320171257,-9.035379702769692,-0.576444621024246,-8.533159029822324,1.221271989816857,-1.2089217448602547,0.019152379187504946,0.001047,0.0408616306902535,0.02562305963598597,0.006648882754921334,0.000246
2016-09,1.2779328593541321,0.366415192347469,0.33922041830564864,-2.1654671394621134,0.728531969328256,1.2783112047406,0.09651485834661472,0.03682398766933945,-8.958925012621048,-9.019122288582372,-0.5106809408881431,-8.505838174713297,1.2274803035669044,-1.2787335033473797,0.004502027754432414,0.000246,0.036998697234947794,0.006648882754921334,-0.500029602238226,-0.018157999999999997
2016-10,1.235753675156983,0.19010161655232172,0.07382975105523477,-2.2143046723223114,0.8176842455617613,1.431999422311826,0.10982305726433562,0.3757556146504335,-8.899054485558135,-9.001140670953392,-1.2924455493326328,-8.398099224484161,1.2387287289078373,-1.137501837043106,-0.332429668196723,-0.018157999999999997,0.03631385005751938,-0.500029602238226,1.2896495661766945,0.03569
2016-11,1.2077407390675785,-0.23723050729436937,0.19197888599773735,-2.261937671056972,0.9924506036012443,1.7006064100869687,0.14975838487334048,0.6559104977550765,-8.961760909180873,-8.940940366536843,-2.4586582296568027,-8.433007512982774,1.1751436958913148,-1.074485361687162,0.653613280716504,0.03569,0.027674184473078886,1.2896495661766945,0.640210453236893,0.018895
2016-12,1.0943719744021607,0.04993894003494344,0.10633000897674953,-2.3084101506072074,1.011131303622449,1.6935338783356886,0.16972881138934906,0.8550151298898916,-8.988292048883228,-9.004047919915449,-0.2340498694333732,-8.427503602783645,1.1370777729140757,-0.9817349311171891,0.3461865472073811,0.018895,0.029513732405441376,0.640210453236893,0.6395202067901328,0.018983999999999997
2017-01,1.0519998563777475,0.8893977443073946,0.06810853661243028,-2.3566759406023134,1.0335507583872567,1.740084081234841,0.16973156948059012,-0.47189570696319705,-9.013797315340263,-9.030644446944908,0.17664480455381112,-8.419629921656334,1.1311956781714634,-0.8854762868685607,0.3479682962578731,0.018983999999999997,0.029684753974052073,0.6395202067901328,1.4663773528149913,0.039059
2017-02,0.9811267983537535,0.4803353217881002,0.04545727517064427,-2.4037442934461226,1.00389829733782,1.67168764447316,0.17306305307112177,0.5531847798841214,-9.082110753855483,-9.056323608177419,0.5630216382584314,-8.46256135444569,1.0795403137918866,-0.7308167251905043,0.7161457977029609,0.039059,0.026636390643253457,1.4663773528149913,0.04716599010991171,0.001364
2017-03,0.9528738554808303,0.12414041192109254,0.11682546974770626,-2.449657800847415,1.018873972211783,1.5342658148538293,0.24630158261611906,-0.1623391957714197,-9.065400335682925,-9.125061077445812,-0.16445125136278463,-8.408586668645386,1.0907467448388066,-0.6325562381987493,0.025020238176659264,0.001364,0.028919142730205547,0.04716599010991171,0.47007469180561046,0.010091
2017-04,0.9957595696766423,0.4531131562258519,0.07932774934134458,-2.470072060519469,0.9854825742644238,1.4197883028257337,0.26629730370523963,0.22885078831447175,-9.067926419007815,-9.105720886515416,0.5963647255568582,-8.39828020957055,1.0761818379975359,-0.6079913997160817,0.18518630428168298,0.010091,0.021466801289044764,0.47007469180561046,0.6447930717844679,0.013952
2017-05,0.9959794062858641,0.1306441636359712,0.10221598902448144,-2.4901076098561625,0.9520616398964706,1.2821954229281822,0.2962906334820202,0.5021719465666872,-9.076104972015417,-9.108326368408742,0.6500677831022661,-8.394937618763228,1.072567799176236,-0.39761145073966386,0.2561567167615542,0.013952,0.021637949615971794,0.6447930717844679,0.24335224442855197,0.005198
2017-06,0.9819596706148818,0.13870356666115063,0.09095568040134798,-2.5097738259535114,0.9595544553973213,1.2289760067443303,0.32629812831978566,0.8715280744949356,-9.068948025209913,-9.116615698735043,-0.04116122700971214,-8.374268143478893,1.055299561874135,-0.3818920974874444,0.09547803180987727,0.005198,0.021359983805393376,0.24335224442855197,0.9343618792722067,0.019996
2017-07,0.9821683423204798,-0.10552546660569877,0.05261678794726493,-2.519721039107699,0.9744987748686066,1.1910772646645522,0.3563214437344239,0.6427483134504511,-9.092805180457038,-9.107583561047816,-0.1111811346312795,-8.397681766897248,1.0290361225666353,-0.5137039040540401,0.36744828392684853,0.019996,0.021400701851808517,0.9343618792722067,0.06854128912715088,0.001338
2017-08,0.9681314969791593,0.4581913189198152,0.1531855242112907,-2.5295022691685682,0.9001185464945157,1.0839447496858774,0.33639025440668596,-1.0047287608976052,-9.074050043390415,-9.13168169570583,1.190058174124113,-8.371989182343084,1.0262035872631168,-0.47652958717829935,0.024598295655950668,0.001338,0.019521080169908646,0.06854128912715088,0.9809163621697545,0.019149999999999997
2017-09,0.9540806570446341,0.8104592495266291,0.05231963701963762,-2.539121275936116,0.9634094441747564,1.199768120018802,0.343103550376904,1.2408649505354947,-9.097884859119043,-9.11291127721892,-0.8441261360038375,-8.395777788510154,1.0050946852540592,-0.4324847909032432,0.3522124557498901,0.019149999999999997,0.0195225614930521,0.9809163621697545,1.1462769050507937,0.023257999999999997
2017-10,1.0255241249528486,-0.0967720127813368,0.04437945941483944,-2.5502978039135153,0.970914891810409,1.1848887677461282,0.3564854056725458,0.6575423984029628,-9.131048982455779,-9.140059132568691,-0.05355274751420743,-8.429228769649148,0.9630866645515631,-0.482851036216048,0.4279442363550264,0.023257999999999997,0.020290036288369076,1.1462769050507937,1.4763564388971566,0.030589
2017-11,0.9972579040808633,0.003725607978374483,0.07230556737190447,-2.5613131774634246,0.9672583485839167,1.0545194504530198,0.4098719446160659,-0.11826242729413661,-9.122414347974448,-9.173444095906877,0.1483670887253573,-8.414504261055553,0.9273333846184866,-0.4755428234998095,0.563039685781117,0.030589,0.020719251255374407,1.4763564388971566,0.5117383633286325,0.010249
2017-12,1.0117365509489344,-0.0900606699045623,0.04968558285665504,-2.572170392202722,0.9449829388003432,0.9394195946869636,0.4399569148760399,1.1381537271977482,-9.182246362472313,-9.16478010126893,0.42055460319636434,-8.479397441391232,0.9103216112765435,-0.7749440462931138,0.18873451371192915,0.010249,0.02002781251992673,0.5117383633286325,2.921544218570657,0.056960000000000004
2018-01,1.011968751614673,0.8349066956489267,0.15763261019659358,-2.602419967221708,1.0567347811775976,1.1015794596240018,0.47006307224050403,0.5323033987914675,-9.284098585889826,-9.220152278194087,-1.298044877320618,-8.577285379116853,0.860253784256905,-0.7420439911713789,1.0489819314918296,0.056960000000000004,0.01949653872699803,2.921544218570657,-1.5561115093055675,-0.038761
2018-02,0.9836721088544905,0.6952256893376124,1.0918116951223675,-2.6319272975549937,1.1201858625615522,1.1097434396102104,0.5235404355470858,-0.6581442995727291,-9.17067468265202,-9.322729098282114,-0.9229493269868583,-8.426273102693695,0.8985026242157242,-0.7135429325490356,-0.7139236618769798,-0.038761,0.02490888330830323,-1.5561115093055675,-1.071931424859724,-0.026659
2018-03,1.09802288682458,0.34679656669254866,0.6613459109991552,-2.660716690182647,1.0607846201693227,0.8865767846128535,0.56705162921529,-0.9982864876826915,-9.086812661683892,-9.208749974172177,1.0672758819594963,-8.309840450824026,1.0026219801613887,-0.7094178642817365,-0.4911600822220365,-0.026659,0.024870061070827055,-1.071931424859724,0.09104682892558494,0.0023699999999999997
2018-04,1.1696831894140227,0.6099040895676103,0.4814152772509848,-2.7039003339582095,1.1168084172238157,0.9563287594250555,0.5872372442513738,-0.1701523670903337,-9.073132640142545,-9.125775768083605,-0.7294216431720151,-8.262791157443566,0.9999611333019843,-0.7240721651532319,0.04368401847408655,0.0023699999999999997,0.026030560624325155,0.09104682892558494,0.8656637335651146,0.022400000000000003
2018-05,1.1843192887152396,0.6383468187701979,0.18806360406719108,-2.745895102312079,1.0760158663758672,0.7946329942251042,0.6207942550030443,-0.17762716916565344,-9.101987404400909,-9.112103494121643,0.6760829198316707,-8.26632272636842,0.9894352922007645,-0.7365071475406214,0.413049213578205,0.022400000000000003,0.025876098456555117,0.8656637335651146,0.20632657818265235,0.0054399999999999995
2018-06,1.2418125493381769,0.24473649327842467,0.12698397809875875,-2.7867444108678145,1.0836262532433172,0.7794563578354079,0.6343437118222187,-0.969553199114852,-9.09311436930643,-9.141215155873432,0.028869856139633967,-8.227159758421589,0.9951525655847232,-0.8592167108160853,0.10035718588033817,0.0054399999999999995,0.02636596820398094,0.20632657818265235,1.3478934822109678,0.035544000000000006
2018-07,1.3136547116569512,0.010362333653052136,0.13345462547140274,-2.826411714040806,1.1247885072656185,0.8183212911256487,0.6545864462895519,1.7156324737429458,-9.148294862296531,-9.127026162300746,-0.5403905727307626,-8.263717461478468,0.9501616064413564,-0.6643977775015713,0.6559278184982811,0.035544000000000006,0.02637003625961356,1.3478934822109678,1.1312987779960477,0.031338000000000005
2018-08,1.2712582037219715,0.08536154032891072,0.0961294947599628,-2.86483726229989,1.0914392999681026,0.6950003729098614,0.6781892379685327,-0.695277352732352,-9.190417586541498,-9.182746310587376,0.627247686467605,-8.28653043060203,0.9298291177710437,-0.8331920579827318,0.5785169879741232,0.031338000000000005,0.027700905021316558,1.1312987779960477,0.12485362067829332,0.003638
2018-09,1.2859931535366924,0.17861743880920813,0.046941598215904046,-2.902072055348147,1.244474991336238,0.9347418370239637,0.711842295310029,2.9339425403805905,-9.174500749203615,-9.225325015774894,-2.1333423736574875,-8.242972170866274,0.9122558021336031,-0.8088121628906918,0.0671896335005794,0.003638,0.029138121747978207,0.12485362067829332,-2.4559365317298387,-0.070309
2018-10,1.3293437177900744,0.2716785362945085,0.9341984503272531,-2.8896140385922378,1.3119122949561994,0.981474148461138,0.7522149916808283,-0.8773056913480494,-8.985691057824738,-9.208645530279474,-0.8401331746204873,-8.038859984494712,0.9608282455664613,-0.8232145302541263,-1.297930208708125,-0.070309,0.028628182809951466,-2.4559365317298387,0.5211823727444785,0.017952
2018-11,1.4299590380205172,-0.515069651821834,0.5792864685592425,-2.877351413974707,1.1817177376758683,0.6493348633467761,0.7792454285489916,-3.186169364219164,-9.001474409251323,-9.018932979332472,2.077354635689854,-8.072488753820016,0.9447223840930278,-0.9535235791796247,0.33154292551040015,0.017952,0.034444756651049235,0.5211823727444785,-2.746615272880746,-0.092546
2018-12,1.5879101386256806,-0.4912151009433585,1.3868683713725873,-2.8652796232177558,1.0588423201968231,0.3633477615309374,0.7929160377545172,-0.8150043829622596,-8.759491952078207,-9.035027219205821,1.9766931339075757,-7.804776405425948,1.0341369152999504,-0.7451831136788951,-1.7073668394388999,-0.092546,0.033694562508907386,-2.746615272880746,1.8487497787939213,0.07930899999999999
2019-01,1.7030637356581428,0.29333898418498405,0.614990669258524,-2.8576970834763187,1.0104759357058206,0.2628476588599126,0.7932089432398115,1.4457862164005648,-8.91176214051993,-8.79490318236165,0.3289086738072174,-7.992913122577824,0.9647803110600186,-0.7478351641864107,1.4626354040389271,0.07930899999999999,0.04289872048111304,1.8487497787939213,0.6535663947362467,0.029908
2019-02,1.660820344389183,0.6505915643576573,0.10875627107687437,-2.8502204285115886,0.9993827165008875,0.22418663210846598,0.8001995295379153,0.1248186006696202,-8.95784527838768,-8.94821518889445,-0.37424697579518534,-8.057597833449055,0.9304589496828521,-0.8965934760108685,0.5517719498662386,0.029908,0.0457612267718717,0.6535663947362467,0.39002921154336184,0.017631
2019-03,1.53258533189506,0.8685345965254709,0.22621035272588488,-2.8428475616174453,0.9584232488749429,0.1314047021071782,0.803846397089008,0.27912306625223754,-8.977574154904469,-8.994702226295354,1.836937824873146,-8.091602606726946,0.9756955022799648,-0.8988213603430046,0.32541346948897143,0.017631,0.045204306442159545,0.39002921154336184,0.8593656486366384,0.038529
2019-04,1.4472118344632312,0.8154742634503774,0.07652933157840001,-2.8277199170347926,0.9435548008993732,0.11593047225858205,0.7974422973271035,0.2718918322185651,-9.044787726973984,-9.015336027639385,-0.5179082817453372,-8.187751897537245,0.9511349335015228,-0.8390994689263875,0.7113335578174479,0.038529,0.044834233322131586,0.8593656486366384,-1.413500356829298,-0.065287
2019-05,1.3760824384039734,0.3279745347959033,0.3744718181332743,-2.8127552941131757,0.895083794909991,0.0386356315456761,0.7876789755829906,-1.1314877934223537,-8.87099948476928,-9.083054852636094,2.1756587463684602,-8.00184565499227,1.0191462740879065,-0.7868579331304044,-1.2049366871096838,-0.065287,0.046188173695582875,-1.413500356829298,1.3698924734317948,0.067761
2019-06,1.4913500310419743,0.030692707055732276,0.21775937594030412,-2.797950615584063,0.7719383560141196,-0.07724609877428133,0.7275981804921254,1.7105181339777922,-9.002618008576308,-8.908338897578775,0.4271021593927615,-8.172674403409733,0.9505717050003945,-0.4845533807801825,1.2504449444450627,0.067761,0.04946446623671718,1.3698924734317948,0.23891935169378728,0.012702999999999999
2019-07,1.4201958265021688,0.2576256398303279,0.12141319235746376,-2.757814212331482,0.7681362686428755,-0.03089000619179337,0.704365203878334,0.44063938075371184,-9.012251287100742,-9.040818211909972,0.09860556369228092,-8.222260428639922,0.9410261747445094,-0.4870418921921438,0.23452129887957504,0.012702999999999999,0.05316856884946219,0.23891935169378728,-0.3381593742027532,-0.017685
2019-08,1.2771795678240496,-0.007814580008478976,0.8834950032746652,-2.7177749782367955,0.6076442661931643,-0.2469908943632633,0.654261477329428,-0.4334477516461336,-8.951380465822009,-9.050607402689652,3.262256704812715,-8.189045090565267,0.9572771112072902,-0.39190155562456686,-0.32661445069522194,-0.017685,0.05229782566783569,-0.3381593742027532,0.32825348810269683,0.016991
2019-09,1.2632557186056277,0.1208752008031812,0.12391043914323455,-2.67782430861656,0.633598195763439,-0.14659241715561075,0.6343266509073509,0.014699683823916529,-8.970606265855189,-8.989472422059736,-0.7858995540741549,-8.249262878680554,0.9388213297527289,-0.4187595769429175,0.31393194384160683,0.016991,0.05176182619782009,0.32825348810269683,0.3870681846485662,0.020121
2019-10,1.3067811447451223,0.35286494242332206,0.3092021122210465,-2.7109647164471924,0.6371866177057053,0.046283689269176594,0.5539280800667912,0.4264499722527925,-8.998487540523291,-9.01049598264697,-0.21292648333754524,-8.258797037374801,0.9341359160434096,-0.5082999127440471,0.37191809087094196,0.020121,0.05198308927991231,0.3870681846485662,0.7261416162424094,0.035006
2019-11,1.2641266888831684,-0.08279197409722101,0.06273657535380613,-2.7433341514311294,0.6743285190007299,0.20826950630086927,0.5171306396564209,0.5369150291842122,-9.055952275170496,-9.038600829838321,-0.24167630206038454,-8.303941106478204,0.9004457519580367,-0.3012019548122356,0.6472622671801999,0.035006,0.04820822717908221,0.7261416162424094,0.5795322984428535,0.028387000000000003
2019-12,1.2501764281907386,-0.14050068519086606,0.10290167034309919,-2.7749557015717183,0.6928461564690229,0.24683781822060977,0.5172617600784315,1.206010897039595,-9.101001678897424,-9.09645976844045,-1.0361013896819837,-8.335533023923727,0.8848529289181638,-0.27815437557638945,0.5250722735486593,0.028387000000000003,0.04898260213671109,0.5795322984428535,-0.028472156498257163,-0.001192
2020-01,1.1930659943856319,0.5993981842473367,0.22927594139016477,-2.5701229661879577,0.6554688610425553,0.18511859973905767,0.5106717150338796,-0.8310681603341522,-9.074641272951972,-9.137729663934167,2.5828119603772834,-8.479991587502948,0.8934784111167462,-0.29727893289114954,-0.02205790754311201,-0.001192,0.04186546249396194,-0.028472156498257163,-2.3699329312735555,-0.08307200000000001
2020-02,1.193434873302936,0.42357180512204623,0.9789194268698629,-2.3547297932359856,0.5584742316141257,-0.015422762503330847,0.5107993799196193,-2.260963041212898,-8.855039189166815,-9.111353602714876,2.3989008825285727,-8.405343175878622,0.993436680288681,-0.2148675433615055,-1.536048219526193,-0.08307200000000001,0.03505246874448837,-2.3699329312735555,-2.9626181719054894,-0.123197
2020-03,1.8268385086870038,-0.33643835532978905,14.111482916546695,-2.127259289123971,0.3237315548526646,0.44732797214957726,0.09745140991120192,-7.00928047526751,-8.534184499518934,-8.890589647388985,2.5447689353408687,-8.220597474956367,1.1774751015227254,-0.29758831685532006,-2.2732013667708353,-0.123197,0.04158382648438373,-2.9626181719054894,2.36588314227915,0.128894
2020-04,2.4458138256278183,-1.0332556152672923,2.7564434715430326,-1.9662281069434866,0.2454262307135477,0.4011009617630143,0.047041637187768534,1.9009914946805697,-8.800201935595831,-8.583578527771461,0.3340187864952584,-8.66685902136987,1.0599374400940407,-0.40724239497388703,2.3740279461853846,0.128894,0.05448029012786796,2.36588314227915,0.73378735161719,0.047717999999999997
2020-05,2.086862609434966,0.003014349635532043,0.7847249045109163,-1.7966789890877306,0.248981379168972,0.41658266881672923,0.04367783519003027,1.2980493762852054,-8.8953264716521,-8.851070473008116,-0.3952322946931393,-8.918621075476366,1.0165009488400671,-0.5782747682627196,0.8790577780724911,0.047717999999999997,0.06502973905837237,0.73378735161719,0.31764086504650796,0.020248000000000002
2020-06,1.7277680319482516,0.8460719340443821,1.3892485898996823,-1.6176260153377953,0.27110919177047893,0.4397909526968551,0.05375334352498633,0.882200441318008,-8.931130637572785,-8.946640588448464,0.09375578216465592,-9.107008068688778,0.9994461462936122,-0.650651912659341,0.37316169692650036,0.020248000000000002,0.06374494666180737,0.31764086504650796,0.9320690206424777,0.05681
2020-07,1.6852656832480855,0.7823491496824058,0.3099792798637931,-1.622079933631737,0.23010209096890977,0.37810558858142557,0.043670991958219635,2.312329318544551,-9.057651699786316,-8.994335157235273,1.1699411015817236,-9.248432172264865,0.9760234695983818,-0.46339732160340763,1.047051100327409,0.05681,0.0609504218484171,0.9320690206424777,1.142139912667255,0.07196799999999999
2020-08,1.469777508291077,0.4878887925626326,0.14334967354312797,-1.626568907462209,0.24107810676331892,0.4244626121580294,0.0335900266174738,-0.9950732417141065,-9.214353225383284,-9.12139389771883,-1.4216562825454084,-9.424596434595351,0.9071031785242512,-0.3284524362842053,1.3261645591009497,0.07196799999999999,0.06301154455931073,1.142139912667255,-0.5782341823289161,-0.038251
2020-09,1.5136054591152963,0.21557720608368547,0.9465416682304346,-1.6310933549714697,0.2520442552013828,0.43996279274422856,0.03694583109171821,-0.27930499736382197,-9.128572124880487,-9.278768507799883,0.3260223606758302,-9.317475518985646,0.9280899373012512,-0.22010885004663996,-0.7049534674263052,-0.038251,0.0661513988085916,-0.5782341823289161,-0.39632482624674886,-0.026508999999999998
2020-10,1.5718999997405632,0.06424852375805552,0.7063566422911627,-1.5973565233910232,0.2926461496169674,0.5326963634074785,0.03358414244670444,0.3438956215879594,-9.06712770683905,-9.18894181665644,-0.9697593428740797,-9.270372116030796,0.9727726017393358,-0.07322213407381285,-0.488686544103786,-0.026508999999999998,0.06688705386196446,-0.39632482624674886,1.6296431152579125,0.109304
2020-11,1.4426614827987985,-0.09457663845825616,0.4809487741952324,-1.562998195691142,0.322107168821193,0.6023260041109786,0.030222986882833255,2.9703417458620516,-9.296911378132592,-9.126936898949968,0.37910081015928315,-9.562701405640695,0.8695905057853454,-0.20333061508189568,2.0127159747707744,0.109304,0.06707235404894231,1.6296431152579125,0.5647706811664978,0.041471999999999995
2020-12,1.2988409715996387,0.1458731840001298,0.13091941677189958,-1.5279991623296292,0.3441459837783315,0.6488329237523518,0.030220275935268357,0.8212603086973629,-9.377497399480175,-9.357794034101156,-0.4688945340733348,-9.6803702996951,0.8418549633249827,-0.0037834501675520806,0.7638611892729583,0.041471999999999995,0.0734315738811764,0.5647706811664978,-0.17240854682092388,-0.012749342709545145
